customer_id,first_name,last_name,email,segment,region,city,state,created_at,loyalty_tier
C000001,Dakota,Price,dakota.price1@mail.example,School Program,Coastal,Charleston,SC,2025-07-19T00:00:00,Bronze
C000002,Finley,Murphy,finley.murphy2@mail.example,Loyalty,Piedmont,Charlotte,NC,2025-09-23T00:00:00,Platinum
C000003,Skyler,Foster,skyler.foster3@mail.example,Retail,Smoky Mountains,Knoxville,TN,2024-11-22T00:00:00,Silver
C000004,Taylor,Parker,taylor.parker4@mail.example,Retail,Appalachian,Boone,NC,2024-04-30T00:00:00,Bronze
C000005,Casey,Bell,casey.bell5@mail.example,Corporate,Smoky Mountains,Knoxville,TN,2024-12-19T00:00:00,Silver
C000006,Cameron,Richardson,cameron.richardson6@mail.example,Loyalty,Appalachian,Boone,NC,2025-02-19T00:00:00,Bronze
C000007,Finley,Price,finley.price7@mail.example,Reseller,Blue Ridge,Boone,NC,2025-06-18T00:00:00,Gold
C000008,Cameron,Bennett,cameron.bennett8@mail.example,Guide Service,Coastal,Charleston,SC,2025-06-23T00:00:00,Silver
C000009,Avery,Hayes,avery.hayes9@mail.example,Loyalty,Appalachian,Boone,NC,2024-08-06T00:00:00,Gold
C000010,Skyler,Griffin,skyler.griffin10@mail.example,Reseller,Piedmont,Charlotte,NC,2024-07-03T00:00:00,Gold
C000011,Sawyer,Brooks,sawyer.brooks11@mail.example,Guide Service,Foothills,Hickory,NC,2025-09-22T00:00:00,Silver
C000012,Taylor,Turner,taylor.turner12@mail.example,Loyalty,Appalachian,Roanoke,VA,2025-07-11T00:00:00,Platinum
C000013,Drew,Bell,drew.bell13@mail.example,Guide Service,Appalachian,Roanoke,VA,2025-11-02T00:00:00,Silver
C000014,Quinn,Griffin,quinn.griffin14@mail.example,Corporate,Appalachian,Johnson City,TN,2024-03-19T00:00:00,Silver
C000015,Avery,Foster,avery.foster15@mail.example,Retail,Appalachian,Roanoke,VA,2025-07-25T00:00:00,Silver
C000016,Drew,Powell,drew.powell16@mail.example,Guide Service,Appalachian,Johnson City,TN,2025-11-26T00:00:00,Silver
C000017,Drew,Powell,drew.powell17@mail.example,Reseller,Blue Ridge,Asheville,NC,2024-03-22T00:00:00,Gold
C000018,Reese,Collins,reese.collins18@mail.example,Guide Service,Piedmont,Charlotte,NC,2024-09-10T00:00:00,Bronze
C000019,Cameron,Bennett,cameron.bennett19@mail.example,Guide Service,Blue Ridge,Roanoke,VA,2024-10-15T00:00:00,Bronze
C000020,Harper,Bailey,harper.bailey20@mail.example,Guide Service,Appalachian,Roanoke,VA,2025-10-07T00:00:00,B2B Account
C000021,Jamie,Powell,jamie.powell21@mail.example,Corporate,Blue Ridge,Boone,NC,2025-06-10T00:00:00,Platinum
C000022,Emerson,Sanders,emerson.sanders22@mail.example,Retail,Coastal,Charleston,SC,2025-11-06T00:00:00,Silver
C000023,Jordan,Wood,jordan.wood23@mail.example,Loyalty,Piedmont,Charlotte,NC,2025-11-10T00:00:00,Bronze
C000024,Riley,Griffin,riley.griffin24@mail.example,Guide Service,Piedmont,Charlotte,NC,2025-07-23T00:00:00,Silver
C000025,Logan,Hayes,logan.hayes25@mail.example,Corporate,Smoky Mountains,Johnson City,TN,2025-06-03T00:00:00,Gold
C000026,Parker,Bennett,parker.bennett26@mail.example,Corporate,Piedmont,Charlotte,NC,2024-08-09T00:00:00,Gold
C000027,Jamie,Bennett,jamie.bennett27@mail.example,Loyalty,Smoky Mountains,Knoxville,TN,2025-10-17T00:00:00,Platinum
C000028,Finley,Powell,finley.powell28@mail.example,School Program,Piedmont,Charlotte,NC,2024-03-28T00:00:00,B2B Account
C000029,Reese,Bennett,reese.bennett29@mail.example,Loyalty,Blue Ridge,Boone,NC,2025-05-31T00:00:00,Platinum
C000030,Skyler,Hayes,skyler.hayes30@mail.example,Guide Service,Smoky Mountains,Knoxville,TN,2024-06-18T00:00:00,Bronze
C000031,Jamie,Richardson,jamie.richardson31@mail.example,School Program,Piedmont,Columbia,SC,2025-01-23T00:00:00,B2B Account
C000032,Rowan,Wood,rowan.wood32@mail.example,School Program,Foothills,Hickory,NC,2025-09-22T00:00:00,Silver
C000033,Quinn,Collins,quinn.collins33@mail.example,Retail,Appalachian,Boone,NC,2025-06-04T00:00:00,Silver
C000034,Avery,Wood,avery.wood34@mail.example,School Program,Blue Ridge,Roanoke,VA,2025-02-26T00:00:00,Silver
C000035,Jordan,Foster,jordan.foster35@mail.example,Retail,Blue Ridge,Asheville,NC,2024-04-17T00:00:00,Gold
C000036,Rowan,Brooks,rowan.brooks36@mail.example,School Program,Piedmont,Charlotte,NC,2025-01-08T00:00:00,B2B Account
C000037,Sawyer,Richardson,sawyer.richardson37@mail.example,Loyalty,Appalachian,Asheville,NC,2024-10-22T00:00:00,Gold
C000038,Reese,Turner,reese.turner38@mail.example,Guide Service,Coastal,Charleston,SC,2024-10-13T00:00:00,Bronze
C000039,Taylor,Collins,taylor.collins39@mail.example,Corporate,Piedmont,Hickory,NC,2024-05-10T00:00:00,Bronze
C000040,Reese,Price,reese.price40@mail.example,Reseller,Blue Ridge,Asheville,NC,2025-12-13T00:00:00,Silver
C000041,Taylor,Foster,taylor.foster41@mail.example,Retail,Foothills,Hickory,NC,2024-05-29T00:00:00,Bronze
C000042,Riley,Hayes,riley.hayes42@mail.example,School Program,Appalachian,Johnson City,TN,2024-10-09T00:00:00,Bronze
C000043,Parker,Hayes,parker.hayes43@mail.example,Loyalty,Foothills,Greenville,SC,2024-07-18T00:00:00,Gold
C000044,Avery,Cooper,avery.cooper44@mail.example,Retail,Coastal,Charleston,SC,2024-03-16T00:00:00,Silver
C000045,Dakota,Bailey,dakota.bailey45@mail.example,Corporate,Piedmont,Charlotte,NC,2025-11-22T00:00:00,Gold
C000046,Dakota,Powell,dakota.powell46@mail.example,Loyalty,Smoky Mountains,Knoxville,TN,2024-07-07T00:00:00,Gold
C000047,Finley,Sanders,finley.sanders47@mail.example,Loyalty,Piedmont,Columbia,SC,2024-09-13T00:00:00,Silver
C000048,Finley,Powell,finley.powell48@mail.example,Corporate,Appalachian,Boone,NC,2025-06-27T00:00:00,Gold
C000049,Jordan,Foster,jordan.foster49@mail.example,School Program,Piedmont,Columbia,SC,2024-05-28T00:00:00,Bronze
C000050,Dakota,Brooks,dakota.brooks50@mail.example,Guide Service,Appalachian,Johnson City,TN,2025-03-01T00:00:00,Silver
C000051,Parker,Bell,parker.bell51@mail.example,Guide Service,Smoky Mountains,Knoxville,TN,2024-01-05T00:00:00,Silver
C000052,Morgan,Brooks,morgan.brooks52@mail.example,Corporate,Foothills,Greenville,SC,2025-08-22T00:00:00,Silver
C000053,Rowan,Bennett,rowan.bennett53@mail.example,Loyalty,Smoky Mountains,Knoxville,TN,2024-10-25T00:00:00,Silver
C000054,Emerson,Bell,emerson.bell54@mail.example,Guide Service,Piedmont,Columbia,SC,2025-10-13T00:00:00,Silver
C000055,Jamie,Hayes,jamie.hayes55@mail.example,Corporate,Appalachian,Roanoke,VA,2024-03-03T00:00:00,Silver
C000056,Cameron,Powell,cameron.powell56@mail.example,Reseller,Coastal,Charleston,SC,2024-07-28T00:00:00,Platinum
C000057,Logan,Hayes,logan.hayes57@mail.example,School Program,Smoky Mountains,Knoxville,TN,2024-06-23T00:00:00,Silver
C000058,Casey,Bell,casey.bell58@mail.example,School Program,Smoky Mountains,Knoxville,TN,2024-12-12T00:00:00,Bronze
C000059,Taylor,Powell,taylor.powell59@mail.example,Reseller,Appalachian,Roanoke,VA,2025-12-20T00:00:00,Gold
C000060,Cameron,Reed,cameron.reed60@mail.example,Corporate,Piedmont,Charlotte,NC,2024-04-01T00:00:00,Platinum
C000061,Skyler,Carter,skyler.carter61@mail.example,Retail,Foothills,Knoxville,TN,2025-04-09T00:00:00,Gold
C000062,Quinn,Carter,quinn.carter62@mail.example,Corporate,Foothills,Hickory,NC,2025-10-06T00:00:00,Bronze
C000063,Reese,Powell,reese.powell63@mail.example,Guide Service,Appalachian,Boone,NC,2025-07-18T00:00:00,Silver
C000064,Casey,Hayes,casey.hayes64@mail.example,Reseller,Foothills,Greenville,SC,2024-08-18T00:00:00,Gold
C000065,Avery,Powell,avery.powell65@mail.example,Retail,Piedmont,Columbia,SC,2025-07-12T00:00:00,Platinum
C000066,Emerson,Price,emerson.price66@mail.example,Retail,Appalachian,Johnson City,TN,2024-07-20T00:00:00,Bronze
C000067,Avery,Bell,avery.bell67@mail.example,Reseller,Piedmont,Columbia,SC,2024-05-03T00:00:00,Bronze
C000068,Taylor,Parker,taylor.parker68@mail.example,School Program,Blue Ridge,Asheville,NC,2024-08-28T00:00:00,Silver
C000069,Casey,Morgan,casey.morgan69@mail.example,Reseller,Appalachian,Roanoke,VA,2025-12-17T00:00:00,Silver
C000070,Dakota,Price,dakota.price70@mail.example,Guide Service,Foothills,Greenville,SC,2024-09-19T00:00:00,Silver
C000071,Cameron,Bennett,cameron.bennett71@mail.example,Guide Service,Appalachian,Johnson City,TN,2024-07-30T00:00:00,Bronze
C000072,Casey,Griffin,casey.griffin72@mail.example,Guide Service,Piedmont,Charlotte,NC,2024-05-15T00:00:00,Silver
C000073,Dakota,Cooper,dakota.cooper73@mail.example,Guide Service,Piedmont,Charlotte,NC,2024-01-10T00:00:00,Silver
C000074,Logan,Turner,logan.turner74@mail.example,School Program,Piedmont,Charlotte,NC,2024-01-19T00:00:00,Bronze
C000075,Taylor,Foster,taylor.foster75@mail.example,Retail,Blue Ridge,Asheville,NC,2024-04-05T00:00:00,Gold
C000076,Parker,Morgan,parker.morgan76@mail.example,School Program,Foothills,Hickory,NC,2025-06-04T00:00:00,Silver
C000077,Rowan,Cooper,rowan.cooper77@mail.example,Retail,Piedmont,Charlotte,NC,2025-01-05T00:00:00,Bronze
C000078,Logan,Richardson,logan.richardson78@mail.example,Retail,Blue Ridge,Asheville,NC,2025-12-03T00:00:00,Platinum
C000079,Quinn,Morgan,quinn.morgan79@mail.example,Reseller,Coastal,Charleston,SC,2024-12-17T00:00:00,Gold
C000080,Parker,Reed,parker.reed80@mail.example,Guide Service,Foothills,Greenville,SC,2025-05-15T00:00:00,Silver
C000081,Emerson,Reed,emerson.reed81@mail.example,Loyalty,Piedmont,Charlotte,NC,2024-02-19T00:00:00,Gold
C000082,Morgan,Wood,morgan.wood82@mail.example,Reseller,Appalachian,Johnson City,TN,2025-09-20T00:00:00,Bronze
C000083,Rowan,Sanders,rowan.sanders83@mail.example,Retail,Coastal,Charleston,SC,2025-06-13T00:00:00,Bronze
C000084,Cameron,Price,cameron.price84@mail.example,Loyalty,Piedmont,Columbia,SC,2024-05-12T00:00:00,Gold
C000085,Emerson,Price,emerson.price85@mail.example,Guide Service,Coastal,Charleston,SC,2025-12-12T00:00:00,Bronze
C000086,Emerson,Murphy,emerson.murphy86@mail.example,Corporate,Smoky Mountains,Knoxville,TN,2024-08-21T00:00:00,Platinum
C000087,Taylor,Reed,taylor.reed87@mail.example,Guide Service,Foothills,Knoxville,TN,2024-09-23T00:00:00,Silver
C000088,Logan,Hayes,logan.hayes88@mail.example,School Program,Piedmont,Columbia,SC,2025-11-03T00:00:00,Bronze
C000089,Casey,Brooks,casey.brooks89@mail.example,Loyalty,Appalachian,Johnson City,TN,2025-09-26T00:00:00,Platinum
C000090,Dakota,Carter,dakota.carter90@mail.example,School Program,Piedmont,Columbia,SC,2024-12-09T00:00:00,Bronze
C000091,Reese,Turner,reese.turner91@mail.example,Guide Service,Foothills,Greenville,SC,2025-01-06T00:00:00,Bronze
C000092,Drew,Sanders,drew.sanders92@mail.example,School Program,Foothills,Greenville,SC,2025-10-02T00:00:00,Silver
C000093,Quinn,Hayes,quinn.hayes93@mail.example,Reseller,Appalachian,Boone,NC,2025-01-16T00:00:00,Gold
C000094,Harper,Brooks,harper.brooks94@mail.example,Guide Service,Appalachian,Boone,NC,2025-09-25T00:00:00,Bronze
C000095,Avery,Powell,avery.powell95@mail.example,Reseller,Foothills,Hickory,NC,2025-07-26T00:00:00,Silver
C000096,Casey,Hayes,casey.hayes96@mail.example,Loyalty,Foothills,Hickory,NC,2024-01-18T00:00:00,Silver
C000097,Harper,Bailey,harper.bailey97@mail.example,Retail,Smoky Mountains,Johnson City,TN,2025-09-28T00:00:00,Silver
C000098,Morgan,Bailey,morgan.bailey98@mail.example,Loyalty,Piedmont,Charlotte,NC,2025-09-16T00:00:00,Gold
C000099,Riley,Reed,riley.reed99@mail.example,School Program,Blue Ridge,Boone,NC,2025-08-19T00:00:00,Bronze
C000100,Taylor,Powell,taylor.powell100@mail.example,Loyalty,Piedmont,Greenville,SC,2024-10-03T00:00:00,Silver
C000101,Jordan,Bailey,jordan.bailey101@mail.example,Reseller,Piedmont,Charlotte,NC,2025-07-12T00:00:00,Bronze
C000102,Cameron,Bell,cameron.bell102@mail.example,Retail,Smoky Mountains,Knoxville,TN,2024-02-27T00:00:00,Gold
C000103,Taylor,Murphy,taylor.murphy103@mail.example,Retail,Foothills,Greenville,SC,2025-05-10T00:00:00,Gold
C000104,Jamie,Foster,jamie.foster104@mail.example,School Program,Piedmont,Columbia,SC,2025-10-02T00:00:00,Bronze
C000105,Jordan,Wood,jordan.wood105@mail.example,School Program,Foothills,Hickory,NC,2025-05-14T00:00:00,Silver
C000106,Emerson,Hayes,emerson.hayes106@mail.example,Corporate,Appalachian,Roanoke,VA,2025-10-24T00:00:00,Bronze
C000107,Dakota,Bailey,dakota.bailey107@mail.example,Retail,Appalachian,Roanoke,VA,2024-10-09T00:00:00,Platinum
C000108,Parker,Collins,parker.collins108@mail.example,Loyalty,Smoky Mountains,Knoxville,TN,2024-12-13T00:00:00,Silver
C000109,Avery,Powell,avery.powell109@mail.example,Retail,Piedmont,Charlotte,NC,2024-08-19T00:00:00,Silver
C000110,Casey,Wood,casey.wood110@mail.example,Reseller,Foothills,Knoxville,TN,2024-01-22T00:00:00,Silver
C000111,Emerson,Griffin,emerson.griffin111@mail.example,School Program,Blue Ridge,Boone,NC,2025-12-20T00:00:00,Bronze
C000112,Finley,Morgan,finley.morgan112@mail.example,Corporate,Appalachian,Boone,NC,2024-08-03T00:00:00,Platinum
C000113,Jordan,Wood,jordan.wood113@mail.example,Corporate,Appalachian,Roanoke,VA,2024-02-04T00:00:00,Platinum
C000114,Avery,Richardson,avery.richardson114@mail.example,Retail,Appalachian,Boone,NC,2024-02-28T00:00:00,Gold
C000115,Quinn,Carter,quinn.carter115@mail.example,Retail,Piedmont,Greenville,SC,2025-05-05T00:00:00,Platinum
C000116,Cameron,Brooks,cameron.brooks116@mail.example,Loyalty,Blue Ridge,Roanoke,VA,2024-05-04T00:00:00,Gold
C000117,Drew,Wood,drew.wood117@mail.example,Corporate,Piedmont,Columbia,SC,2024-04-14T00:00:00,Gold
C000118,Cameron,Bennett,cameron.bennett118@mail.example,Guide Service,Smoky Mountains,Knoxville,TN,2025-06-24T00:00:00,Bronze
C000119,Rowan,Foster,rowan.foster119@mail.example,Retail,Foothills,Greenville,SC,2025-05-28T00:00:00,Silver
C000120,Casey,Turner,casey.turner120@mail.example,Loyalty,Piedmont,Columbia,SC,2024-12-04T00:00:00,Gold
C000121,Morgan,Richardson,morgan.richardson121@mail.example,Corporate,Appalachian,Boone,NC,2024-06-24T00:00:00,Silver
C000122,Logan,Morgan,logan.morgan122@mail.example,Corporate,Foothills,Greenville,SC,2025-10-24T00:00:00,Bronze
C000123,Riley,Richardson,riley.richardson123@mail.example,School Program,Appalachian,Roanoke,VA,2024-09-02T00:00:00,Bronze
C000124,Finley,Bennett,finley.bennett124@mail.example,School Program,Blue Ridge,Asheville,NC,2025-08-31T00:00:00,Silver
C000125,Harper,Parker,harper.parker125@mail.example,Guide Service,Piedmont,Charlotte,NC,2024-08-12T00:00:00,B2B Account
C000126,Dakota,Brooks,dakota.brooks126@mail.example,Retail,Piedmont,Charlotte,NC,2025-12-13T00:00:00,Bronze
C000127,Rowan,Reed,rowan.reed127@mail.example,Corporate,Piedmont,Columbia,SC,2025-05-26T00:00:00,Platinum
C000128,Casey,Bennett,casey.bennett128@mail.example,Reseller,Piedmont,Greenville,SC,2025-02-23T00:00:00,Platinum
C000129,Skyler,Bailey,skyler.bailey129@mail.example,School Program,Piedmont,Charlotte,NC,2025-10-16T00:00:00,B2B Account
C000130,Rowan,Hayes,rowan.hayes130@mail.example,Guide Service,Piedmont,Greenville,SC,2024-09-28T00:00:00,Bronze
C000131,Casey,Morgan,casey.morgan131@mail.example,Guide Service,Foothills,Hickory,NC,2024-06-27T00:00:00,Silver
C000132,Skyler,Richardson,skyler.richardson132@mail.example,Loyalty,Appalachian,Roanoke,VA,2024-02-05T00:00:00,Silver
C000133,Dakota,Reed,dakota.reed133@mail.example,Guide Service,Smoky Mountains,Johnson City,TN,2025-03-27T00:00:00,B2B Account
C000134,Morgan,Parker,morgan.parker134@mail.example,Retail,Piedmont,Charlotte,NC,2025-07-25T00:00:00,Silver
C000135,Drew,Price,drew.price135@mail.example,Reseller,Appalachian,Boone,NC,2024-11-15T00:00:00,Gold
C000136,Riley,Reed,riley.reed136@mail.example,Reseller,Piedmont,Columbia,SC,2025-01-09T00:00:00,Bronze
C000137,Riley,Bell,riley.bell137@mail.example,School Program,Blue Ridge,Asheville,NC,2025-03-07T00:00:00,Bronze
C000138,Taylor,Collins,taylor.collins138@mail.example,Guide Service,Smoky Mountains,Knoxville,TN,2024-05-15T00:00:00,Silver
C000139,Emerson,Murphy,emerson.murphy139@mail.example,School Program,Piedmont,Charlotte,NC,2025-06-02T00:00:00,Bronze
C000140,Dakota,Bennett,dakota.bennett140@mail.example,Guide Service,Piedmont,Charlotte,NC,2024-01-30T00:00:00,Silver
C000141,Drew,Turner,drew.turner141@mail.example,Corporate,Foothills,Greenville,SC,2024-03-29T00:00:00,Gold
C000142,Quinn,Collins,quinn.collins142@mail.example,Reseller,Coastal,Charleston,SC,2025-06-28T00:00:00,Gold
C000143,Parker,Parker,parker.parker143@mail.example,Loyalty,Appalachian,Boone,NC,2025-09-04T00:00:00,Silver
C000144,Avery,Cooper,avery.cooper144@mail.example,Retail,Blue Ridge,Roanoke,VA,2025-02-02T00:00:00,Gold
C000145,Drew,Turner,drew.turner145@mail.example,School Program,Blue Ridge,Asheville,NC,2024-07-16T00:00:00,Bronze
C000146,Casey,Richardson,casey.richardson146@mail.example,Corporate,Appalachian,Johnson City,TN,2024-12-25T00:00:00,Platinum
C000147,Casey,Bailey,casey.bailey147@mail.example,Corporate,Blue Ridge,Asheville,NC,2025-04-13T00:00:00,Platinum
C000148,Riley,Bell,riley.bell148@mail.example,Reseller,Foothills,Greenville,SC,2024-07-28T00:00:00,Silver
C000149,Logan,Cooper,logan.cooper149@mail.example,Retail,Piedmont,Columbia,SC,2024-10-02T00:00:00,Bronze
C000150,Skyler,Brooks,skyler.brooks150@mail.example,Guide Service,Piedmont,Columbia,SC,2024-10-16T00:00:00,Silver
C000151,Parker,Parker,parker.parker151@mail.example,Loyalty,Smoky Mountains,Johnson City,TN,2025-07-16T00:00:00,Silver
C000152,Harper,Turner,harper.turner152@mail.example,Retail,Appalachian,Johnson City,TN,2024-02-12T00:00:00,Silver
C000153,Parker,Bennett,parker.bennett153@mail.example,Loyalty,Piedmont,Charlotte,NC,2024-09-28T00:00:00,Platinum
C000154,Parker,Cooper,parker.cooper154@mail.example,Guide Service,Coastal,Charleston,SC,2024-05-26T00:00:00,B2B Account
C000155,Jordan,Parker,jordan.parker155@mail.example,Guide Service,Appalachian,Johnson City,TN,2024-07-22T00:00:00,B2B Account
C000156,Parker,Morgan,parker.morgan156@mail.example,Guide Service,Foothills,Hickory,NC,2024-11-11T00:00:00,Bronze
C000157,Cameron,Sanders,cameron.sanders157@mail.example,Reseller,Foothills,Hickory,NC,2025-11-02T00:00:00,Gold
C000158,Reese,Morgan,reese.morgan158@mail.example,Corporate,Appalachian,Johnson City,TN,2025-09-23T00:00:00,Platinum
C000159,Sawyer,Sanders,sawyer.sanders159@mail.example,School Program,Piedmont,Charlotte,NC,2024-09-21T00:00:00,Silver
C000160,Cameron,Hayes,cameron.hayes160@mail.example,Retail,Foothills,Hickory,NC,2025-06-16T00:00:00,Bronze
C000161,Avery,Griffin,avery.griffin161@mail.example,School Program,Piedmont,Charlotte,NC,2024-07-20T00:00:00,Silver
C000162,Logan,Wood,logan.wood162@mail.example,Loyalty,Appalachian,Roanoke,VA,2025-05-11T00:00:00,Silver
C000163,Drew,Price,drew.price163@mail.example,Loyalty,Smoky Mountains,Knoxville,TN,2024-02-09T00:00:00,Silver
C000164,Rowan,Price,rowan.price164@mail.example,Corporate,Piedmont,Charlotte,NC,2025-07-15T00:00:00,Bronze
C000165,Cameron,Bailey,cameron.bailey165@mail.example,Reseller,Foothills,Knoxville,TN,2024-02-27T00:00:00,Platinum
C000166,Taylor,Foster,taylor.foster166@mail.example,Reseller,Piedmont,Charlotte,NC,2024-06-13T00:00:00,Gold
C000167,Taylor,Price,taylor.price167@mail.example,Guide Service,Coastal,Charleston,SC,2025-12-08T00:00:00,Bronze
C000168,Riley,Parker,riley.parker168@mail.example,Guide Service,Piedmont,Columbia,SC,2025-10-17T00:00:00,B2B Account
C000169,Cameron,Brooks,cameron.brooks169@mail.example,Reseller,Blue Ridge,Asheville,NC,2025-01-30T00:00:00,Platinum
C000170,Morgan,Griffin,morgan.griffin170@mail.example,Loyalty,Piedmont,Columbia,SC,2024-12-06T00:00:00,Gold
C000171,Drew,Sanders,drew.sanders171@mail.example,Loyalty,Piedmont,Columbia,SC,2025-03-09T00:00:00,Gold
C000172,Harper,Bell,harper.bell172@mail.example,School Program,Appalachian,Johnson City,TN,2025-05-09T00:00:00,Bronze
C000173,Harper,Griffin,harper.griffin173@mail.example,Corporate,Appalachian,Johnson City,TN,2024-01-22T00:00:00,Platinum
C000174,Riley,Bennett,riley.bennett174@mail.example,Guide Service,Coastal,Charleston,SC,2024-02-01T00:00:00,Bronze
C000175,Logan,Wood,logan.wood175@mail.example,Reseller,Blue Ridge,Roanoke,VA,2024-09-04T00:00:00,Bronze
C000176,Cameron,Richardson,cameron.richardson176@mail.example,Guide Service,Smoky Mountains,Knoxville,TN,2025-06-08T00:00:00,Bronze
C000177,Sawyer,Reed,sawyer.reed177@mail.example,Reseller,Smoky Mountains,Knoxville,TN,2025-05-07T00:00:00,Platinum
C000178,Taylor,Richardson,taylor.richardson178@mail.example,Guide Service,Piedmont,Columbia,SC,2024-10-03T00:00:00,Bronze
C000179,Riley,Parker,riley.parker179@mail.example,Reseller,Coastal,Charleston,SC,2024-10-22T00:00:00,Gold
C000180,Drew,Foster,drew.foster180@mail.example,Retail,Piedmont,Charlotte,NC,2025-04-20T00:00:00,Silver
C000181,Reese,Price,reese.price181@mail.example,Retail,Appalachian,Boone,NC,2024-04-17T00:00:00,Platinum
C000182,Parker,Reed,parker.reed182@mail.example,Retail,Appalachian,Johnson City,TN,2025-03-06T00:00:00,Bronze
C000183,Cameron,Morgan,cameron.morgan183@mail.example,Guide Service,Piedmont,Charlotte,NC,2025-07-26T00:00:00,Bronze
C000184,Jordan,Hayes,jordan.hayes184@mail.example,Retail,Piedmont,Charlotte,NC,2025-12-04T00:00:00,Silver
C000185,Drew,Brooks,drew.brooks185@mail.example,Reseller,Appalachian,Johnson City,TN,2024-10-05T00:00:00,Platinum
C000186,Casey,Carter,casey.carter186@mail.example,Loyalty,Smoky Mountains,Knoxville,TN,2025-08-31T00:00:00,Gold
C000187,Rowan,Bennett,rowan.bennett187@mail.example,Reseller,Appalachian,Asheville,NC,2025-12-22T00:00:00,Gold
C000188,Riley,Murphy,riley.murphy188@mail.example,Loyalty,Appalachian,Roanoke,VA,2025-03-16T00:00:00,Silver
C000189,Jordan,Carter,jordan.carter189@mail.example,Retail,Appalachian,Roanoke,VA,2025-11-19T00:00:00,Silver
C000190,Skyler,Murphy,skyler.murphy190@mail.example,Corporate,Blue Ridge,Asheville,NC,2025-03-04T00:00:00,Bronze
C000191,Drew,Richardson,drew.richardson191@mail.example,Retail,Appalachian,Boone,NC,2025-05-23T00:00:00,Bronze
C000192,Reese,Collins,reese.collins192@mail.example,Retail,Appalachian,Johnson City,TN,2025-05-10T00:00:00,Gold
C000193,Avery,Bennett,avery.bennett193@mail.example,Guide Service,Appalachian,Johnson City,TN,2025-01-01T00:00:00,Silver
C000194,Casey,Wood,casey.wood194@mail.example,Retail,Piedmont,Greenville,SC,2025-02-21T00:00:00,Bronze
C000195,Parker,Collins,parker.collins195@mail.example,Reseller,Piedmont,Columbia,SC,2025-12-09T00:00:00,Bronze
C000196,Dakota,Brooks,dakota.brooks196@mail.example,Retail,Smoky Mountains,Johnson City,TN,2025-12-22T00:00:00,Silver
C000197,Finley,Bailey,finley.bailey197@mail.example,School Program,Foothills,Greenville,SC,2025-06-09T00:00:00,Silver
C000198,Parker,Brooks,parker.brooks198@mail.example,Loyalty,Piedmont,Charlotte,NC,2024-10-15T00:00:00,Gold
C000199,Emerson,Bell,emerson.bell199@mail.example,Reseller,Piedmont,Charlotte,NC,2024-02-09T00:00:00,Platinum
C000200,Avery,Powell,avery.powell200@mail.example,Retail,Piedmont,Hickory,NC,2025-09-13T00:00:00,Bronze
C000201,Dakota,Morgan,dakota.morgan201@mail.example,Retail,Coastal,Charleston,SC,2025-10-27T00:00:00,Silver
C000202,Quinn,Murphy,quinn.murphy202@mail.example,Loyalty,Piedmont,Charlotte,NC,2024-01-09T00:00:00,Silver
C000203,Reese,Morgan,reese.morgan203@mail.example,Guide Service,Piedmont,Columbia,SC,2025-05-06T00:00:00,Bronze
C000204,Dakota,Bell,dakota.bell204@mail.example,Loyalty,Smoky Mountains,Knoxville,TN,2025-12-03T00:00:00,Bronze
C000205,Dakota,Wood,dakota.wood205@mail.example,Guide Service,Piedmont,Columbia,SC,2025-08-16T00:00:00,Silver
C000206,Dakota,Sanders,dakota.sanders206@mail.example,School Program,Piedmont,Charlotte,NC,2024-11-28T00:00:00,B2B Account
C000207,Taylor,Bell,taylor.bell207@mail.example,School Program,Piedmont,Columbia,SC,2025-10-13T00:00:00,Silver
C000208,Riley,Brooks,riley.brooks208@mail.example,Guide Service,Piedmont,Columbia,SC,2025-04-20T00:00:00,Bronze
C000209,Parker,Murphy,parker.murphy209@mail.example,Retail,Piedmont,Charlotte,NC,2024-11-16T00:00:00,Platinum
C000210,Sawyer,Cooper,sawyer.cooper210@mail.example,Retail,Piedmont,Hickory,NC,2025-07-29T00:00:00,Silver
C000211,Casey,Turner,casey.turner211@mail.example,Retail,Piedmont,Charlotte,NC,2024-09-25T00:00:00,Bronze
C000212,Cameron,Powell,cameron.powell212@mail.example,Reseller,Foothills,Hickory,NC,2024-10-21T00:00:00,Silver
C000213,Logan,Morgan,logan.morgan213@mail.example,Reseller,Appalachian,Boone,NC,2025-11-13T00:00:00,Silver
C000214,Riley,Cooper,riley.cooper214@mail.example,School Program,Smoky Mountains,Knoxville,TN,2025-06-21T00:00:00,Silver
C000215,Parker,Carter,parker.carter215@mail.example,Guide Service,Foothills,Knoxville,TN,2025-08-13T00:00:00,Silver
C000216,Quinn,Brooks,quinn.brooks216@mail.example,Retail,Smoky Mountains,Johnson City,TN,2024-08-23T00:00:00,Silver
C000217,Reese,Hayes,reese.hayes217@mail.example,Corporate,Appalachian,Johnson City,TN,2024-01-17T00:00:00,Platinum
C000218,Rowan,Bailey,rowan.bailey218@mail.example,Guide Service,Appalachian,Roanoke,VA,2025-11-04T00:00:00,Bronze
C000219,Cameron,Powell,cameron.powell219@mail.example,Corporate,Smoky Mountains,Knoxville,TN,2024-07-20T00:00:00,Gold
C000220,Logan,Sanders,logan.sanders220@mail.example,Guide Service,Appalachian,Roanoke,VA,2025-01-06T00:00:00,Silver
C000221,Casey,Carter,casey.carter221@mail.example,Corporate,Piedmont,Charlotte,NC,2024-07-04T00:00:00,Gold
C000222,Finley,Powell,finley.powell222@mail.example,Guide Service,Foothills,Hickory,NC,2025-08-16T00:00:00,Bronze
C000223,Reese,Murphy,reese.murphy223@mail.example,Loyalty,Piedmont,Charlotte,NC,2025-07-13T00:00:00,Silver
C000224,Reese,Bailey,reese.bailey224@mail.example,School Program,Appalachian,Roanoke,VA,2024-02-19T00:00:00,B2B Account
C000225,Morgan,Sanders,morgan.sanders225@mail.example,Corporate,Blue Ridge,Asheville,NC,2025-08-01T00:00:00,Bronze
C000226,Casey,Foster,casey.foster226@mail.example,Guide Service,Foothills,Hickory,NC,2025-03-21T00:00:00,Bronze
C000227,Reese,Powell,reese.powell227@mail.example,Retail,Smoky Mountains,Knoxville,TN,2024-03-09T00:00:00,Platinum
C000228,Emerson,Foster,emerson.foster228@mail.example,Loyalty,Smoky Mountains,Johnson City,TN,2024-06-18T00:00:00,Platinum
C000229,Cameron,Turner,cameron.turner229@mail.example,School Program,Piedmont,Charlotte,NC,2025-01-22T00:00:00,Bronze
C000230,Dakota,Bell,dakota.bell230@mail.example,Corporate,Piedmont,Charlotte,NC,2025-10-20T00:00:00,Platinum
C000231,Taylor,Turner,taylor.turner231@mail.example,Reseller,Piedmont,Columbia,SC,2024-03-23T00:00:00,Silver
C000232,Quinn,Bennett,quinn.bennett232@mail.example,School Program,Appalachian,Boone,NC,2024-07-19T00:00:00,Silver
C000233,Skyler,Reed,skyler.reed233@mail.example,School Program,Foothills,Greenville,SC,2025-07-17T00:00:00,Silver
C000234,Finley,Reed,finley.reed234@mail.example,Loyalty,Appalachian,Roanoke,VA,2025-02-10T00:00:00,Gold
C000235,Taylor,Hayes,taylor.hayes235@mail.example,Guide Service,Piedmont,Charlotte,NC,2024-12-25T00:00:00,Bronze
C000236,Jordan,Wood,jordan.wood236@mail.example,Corporate,Blue Ridge,Asheville,NC,2025-12-16T00:00:00,Platinum
C000237,Finley,Bailey,finley.bailey237@mail.example,Guide Service,Blue Ridge,Boone,NC,2024-12-25T00:00:00,Bronze
C000238,Riley,Turner,riley.turner238@mail.example,Loyalty,Appalachian,Roanoke,VA,2025-02-18T00:00:00,Bronze
C000239,Taylor,Powell,taylor.powell239@mail.example,Retail,Piedmont,Charlotte,NC,2024-03-29T00:00:00,Platinum
C000240,Drew,Carter,drew.carter240@mail.example,School Program,Foothills,Hickory,NC,2024-07-23T00:00:00,Silver
C000241,Quinn,Parker,quinn.parker241@mail.example,Guide Service,Foothills,Greenville,SC,2024-08-26T00:00:00,Bronze
C000242,Rowan,Carter,rowan.carter242@mail.example,Corporate,Piedmont,Columbia,SC,2025-08-04T00:00:00,Platinum
C000243,Sawyer,Collins,sawyer.collins243@mail.example,Retail,Piedmont,Charlotte,NC,2025-06-11T00:00:00,Gold
C000244,Logan,Brooks,logan.brooks244@mail.example,Reseller,Appalachian,Asheville,NC,2025-07-02T00:00:00,Silver
C000245,Sawyer,Parker,sawyer.parker245@mail.example,School Program,Blue Ridge,Asheville,NC,2025-11-03T00:00:00,Bronze
C000246,Parker,Reed,parker.reed246@mail.example,Loyalty,Foothills,Greenville,SC,2024-06-03T00:00:00,Silver
C000247,Logan,Foster,logan.foster247@mail.example,School Program,Appalachian,Boone,NC,2025-05-21T00:00:00,Bronze
C000248,Avery,Powell,avery.powell248@mail.example,Corporate,Blue Ridge,Asheville,NC,2024-09-02T00:00:00,Gold
C000249,Drew,Griffin,drew.griffin249@mail.example,School Program,Foothills,Greenville,SC,2024-08-10T00:00:00,B2B Account
C000250,Emerson,Price,emerson.price250@mail.example,Loyalty,Appalachian,Roanoke,VA,2025-11-30T00:00:00,Silver
C000251,Emerson,Bell,emerson.bell251@mail.example,School Program,Coastal,Charleston,SC,2025-11-07T00:00:00,Bronze
C000252,Rowan,Collins,rowan.collins252@mail.example,School Program,Coastal,Charleston,SC,2024-01-19T00:00:00,Silver
C000253,Parker,Price,parker.price253@mail.example,Reseller,Appalachian,Boone,NC,2024-08-22T00:00:00,Bronze
C000254,Harper,Foster,harper.foster254@mail.example,Loyalty,Smoky Mountains,Knoxville,TN,2024-05-28T00:00:00,Silver
C000255,Sawyer,Carter,sawyer.carter255@mail.example,Loyalty,Coastal,Charleston,SC,2024-05-30T00:00:00,Bronze
C000256,Casey,Carter,casey.carter256@mail.example,School Program,Appalachian,Asheville,NC,2025-11-06T00:00:00,Bronze
C000257,Rowan,Bailey,rowan.bailey257@mail.example,Retail,Appalachian,Roanoke,VA,2024-07-04T00:00:00,Platinum
C000258,Casey,Collins,casey.collins258@mail.example,Corporate,Smoky Mountains,Knoxville,TN,2024-05-21T00:00:00,Bronze
C000259,Jamie,Foster,jamie.foster259@mail.example,Retail,Piedmont,Charlotte,NC,2025-02-24T00:00:00,Gold
C000260,Cameron,Bennett,cameron.bennett260@mail.example,School Program,Blue Ridge,Roanoke,VA,2025-06-16T00:00:00,Bronze
C000261,Riley,Price,riley.price261@mail.example,Loyalty,Piedmont,Greenville,SC,2024-03-18T00:00:00,Silver
C000262,Jamie,Parker,jamie.parker262@mail.example,School Program,Appalachian,Asheville,NC,2024-04-10T00:00:00,Silver
C000263,Taylor,Wood,taylor.wood263@mail.example,Reseller,Foothills,Hickory,NC,2024-11-15T00:00:00,Gold
C000264,Taylor,Richardson,taylor.richardson264@mail.example,Guide Service,Piedmont,Columbia,SC,2025-03-02T00:00:00,Bronze
C000265,Quinn,Price,quinn.price265@mail.example,Retail,Piedmont,Columbia,SC,2024-12-19T00:00:00,Silver
C000266,Casey,Reed,casey.reed266@mail.example,Corporate,Foothills,Greenville,SC,2024-11-10T00:00:00,Bronze
C000267,Emerson,Richardson,emerson.richardson267@mail.example,Reseller,Appalachian,Roanoke,VA,2024-07-03T00:00:00,Bronze
C000268,Casey,Bailey,casey.bailey268@mail.example,School Program,Smoky Mountains,Johnson City,TN,2025-11-10T00:00:00,B2B Account
C000269,Dakota,Richardson,dakota.richardson269@mail.example,Retail,Piedmont,Columbia,SC,2024-10-12T00:00:00,Silver
C000270,Rowan,Bailey,rowan.bailey270@mail.example,Corporate,Appalachian,Johnson City,TN,2024-10-04T00:00:00,Gold
C000271,Drew,Powell,drew.powell271@mail.example,Guide Service,Blue Ridge,Roanoke,VA,2025-08-01T00:00:00,B2B Account
C000272,Drew,Bennett,drew.bennett272@mail.example,Retail,Foothills,Greenville,SC,2024-01-11T00:00:00,Gold
C000273,Drew,Brooks,drew.brooks273@mail.example,Loyalty,Foothills,Hickory,NC,2025-09-13T00:00:00,Platinum
C000274,Jordan,Carter,jordan.carter274@mail.example,Loyalty,Blue Ridge,Roanoke,VA,2024-06-05T00:00:00,Gold
C000275,Sawyer,Carter,sawyer.carter275@mail.example,Reseller,Blue Ridge,Asheville,NC,2024-11-22T00:00:00,Silver
C000276,Finley,Reed,finley.reed276@mail.example,Corporate,Piedmont,Columbia,SC,2025-11-28T00:00:00,Gold
C000277,Riley,Bailey,riley.bailey277@mail.example,Corporate,Blue Ridge,Asheville,NC,2025-03-24T00:00:00,Gold
C000278,Skyler,Griffin,skyler.griffin278@mail.example,Corporate,Smoky Mountains,Knoxville,TN,2025-02-02T00:00:00,Platinum
C000279,Finley,Murphy,finley.murphy279@mail.example,Corporate,Appalachian,Johnson City,TN,2025-08-21T00:00:00,Gold
C000280,Avery,Brooks,avery.brooks280@mail.example,Corporate,Foothills,Greenville,SC,2024-10-02T00:00:00,Silver
C000281,Logan,Bell,logan.bell281@mail.example,Loyalty,Foothills,Hickory,NC,2024-02-24T00:00:00,Bronze
C000282,Casey,Reed,casey.reed282@mail.example,Guide Service,Appalachian,Boone,NC,2025-12-11T00:00:00,Bronze
C000283,Parker,Brooks,parker.brooks283@mail.example,Corporate,Foothills,Greenville,SC,2024-11-05T00:00:00,Silver
C000284,Jordan,Cooper,jordan.cooper284@mail.example,Reseller,Coastal,Charleston,SC,2024-06-14T00:00:00,Platinum
C000285,Jamie,Brooks,jamie.brooks285@mail.example,Guide Service,Coastal,Charleston,SC,2024-11-02T00:00:00,Silver
C000286,Quinn,Carter,quinn.carter286@mail.example,Loyalty,Piedmont,Hickory,NC,2025-11-27T00:00:00,Bronze
C000287,Quinn,Carter,quinn.carter287@mail.example,Retail,Piedmont,Charlotte,NC,2025-08-20T00:00:00,Platinum
C000288,Morgan,Bailey,morgan.bailey288@mail.example,Guide Service,Piedmont,Columbia,SC,2024-10-03T00:00:00,Silver
C000289,Avery,Murphy,avery.murphy289@mail.example,School Program,Foothills,Hickory,NC,2024-10-02T00:00:00,Silver
C000290,Logan,Bell,logan.bell290@mail.example,Corporate,Smoky Mountains,Knoxville,TN,2025-10-19T00:00:00,Platinum
C000291,Taylor,Price,taylor.price291@mail.example,Guide Service,Foothills,Hickory,NC,2025-02-04T00:00:00,B2B Account
C000292,Skyler,Turner,skyler.turner292@mail.example,Guide Service,Appalachian,Roanoke,VA,2025-10-08T00:00:00,Bronze
C000293,Jamie,Carter,jamie.carter293@mail.example,Loyalty,Piedmont,Columbia,SC,2024-04-14T00:00:00,Gold
C000294,Reese,Price,reese.price294@mail.example,Reseller,Foothills,Greenville,SC,2024-12-01T00:00:00,Silver
C000295,Drew,Bell,drew.bell295@mail.example,Reseller,Foothills,Hickory,NC,2025-02-12T00:00:00,Platinum
C000296,Rowan,Wood,rowan.wood296@mail.example,Guide Service,Piedmont,Charlotte,NC,2024-12-22T00:00:00,B2B Account
C000297,Emerson,Bennett,emerson.bennett297@mail.example,Guide Service,Piedmont,Charlotte,NC,2024-10-04T00:00:00,Bronze
C000298,Morgan,Hayes,morgan.hayes298@mail.example,Loyalty,Foothills,Hickory,NC,2024-02-22T00:00:00,Platinum
C000299,Jordan,Cooper,jordan.cooper299@mail.example,Retail,Foothills,Greenville,SC,2025-08-28T00:00:00,Bronze
C000300,Quinn,Bell,quinn.bell300@mail.example,Retail,Piedmont,Greenville,SC,2025-03-11T00:00:00,Platinum
C000301,Emerson,Bailey,emerson.bailey301@mail.example,Reseller,Appalachian,Asheville,NC,2025-07-19T00:00:00,Gold
C000302,Rowan,Parker,rowan.parker302@mail.example,Corporate,Appalachian,Johnson City,TN,2025-04-25T00:00:00,Silver
C000303,Avery,Griffin,avery.griffin303@mail.example,Loyalty,Appalachian,Asheville,NC,2024-03-11T00:00:00,Platinum
C000304,Parker,Richardson,parker.richardson304@mail.example,School Program,Coastal,Charleston,SC,2024-05-05T00:00:00,B2B Account
C000305,Reese,Brooks,reese.brooks305@mail.example,Corporate,Piedmont,Charlotte,NC,2025-03-23T00:00:00,Silver
C000306,Rowan,Bailey,rowan.bailey306@mail.example,School Program,Blue Ridge,Asheville,NC,2025-11-18T00:00:00,Silver
C000307,Parker,Bell,parker.bell307@mail.example,Reseller,Piedmont,Columbia,SC,2024-04-19T00:00:00,Platinum
C000308,Taylor,Hayes,taylor.hayes308@mail.example,Reseller,Piedmont,Columbia,SC,2024-02-26T00:00:00,Gold
C000309,Reese,Price,reese.price309@mail.example,Corporate,Smoky Mountains,Knoxville,TN,2024-04-29T00:00:00,Platinum
C000310,Finley,Sanders,finley.sanders310@mail.example,Corporate,Foothills,Knoxville,TN,2025-10-13T00:00:00,Bronze
C000311,Finley,Richardson,finley.richardson311@mail.example,Loyalty,Piedmont,Charlotte,NC,2025-10-01T00:00:00,Gold
C000312,Rowan,Bell,rowan.bell312@mail.example,Loyalty,Appalachian,Johnson City,TN,2025-02-01T00:00:00,Platinum
C000313,Reese,Murphy,reese.murphy313@mail.example,Guide Service,Foothills,Hickory,NC,2024-02-23T00:00:00,Silver
C000314,Sawyer,Reed,sawyer.reed314@mail.example,Reseller,Appalachian,Johnson City,TN,2025-03-09T00:00:00,Gold
C000315,Cameron,Richardson,cameron.richardson315@mail.example,Retail,Foothills,Hickory,NC,2025-08-07T00:00:00,Bronze
C000316,Rowan,Bell,rowan.bell316@mail.example,Loyalty,Smoky Mountains,Johnson City,TN,2025-11-14T00:00:00,Platinum
C000317,Parker,Sanders,parker.sanders317@mail.example,Retail,Appalachian,Boone,NC,2024-11-11T00:00:00,Platinum
C000318,Drew,Reed,drew.reed318@mail.example,Loyalty,Smoky Mountains,Knoxville,TN,2024-06-30T00:00:00,Silver
C000319,Morgan,Morgan,morgan.morgan319@mail.example,Guide Service,Piedmont,Charlotte,NC,2025-08-23T00:00:00,Bronze
C000320,Riley,Price,riley.price320@mail.example,Reseller,Piedmont,Greenville,SC,2024-10-14T00:00:00,Silver
C000321,Cameron,Griffin,cameron.griffin321@mail.example,Guide Service,Smoky Mountains,Johnson City,TN,2025-01-27T00:00:00,Bronze
C000322,Taylor,Powell,taylor.powell322@mail.example,Corporate,Piedmont,Hickory,NC,2024-03-21T00:00:00,Silver
C000323,Harper,Parker,harper.parker323@mail.example,Loyalty,Foothills,Knoxville,TN,2024-08-14T00:00:00,Silver
C000324,Riley,Richardson,riley.richardson324@mail.example,Guide Service,Coastal,Charleston,SC,2024-03-20T00:00:00,Silver
C000325,Riley,Turner,riley.turner325@mail.example,School Program,Coastal,Charleston,SC,2025-10-06T00:00:00,Bronze
C000326,Quinn,Murphy,quinn.murphy326@mail.example,Retail,Appalachian,Roanoke,VA,2025-05-25T00:00:00,Platinum
C000327,Casey,Turner,casey.turner327@mail.example,Loyalty,Appalachian,Johnson City,TN,2025-10-03T00:00:00,Silver
C000328,Logan,Powell,logan.powell328@mail.example,Loyalty,Piedmont,Hickory,NC,2024-09-15T00:00:00,Bronze
C000329,Avery,Carter,avery.carter329@mail.example,Reseller,Foothills,Knoxville,TN,2025-02-20T00:00:00,Gold
C000330,Quinn,Collins,quinn.collins330@mail.example,Loyalty,Smoky Mountains,Johnson City,TN,2024-05-10T00:00:00,Platinum
C000331,Avery,Parker,avery.parker331@mail.example,Reseller,Piedmont,Columbia,SC,2025-09-03T00:00:00,Platinum
C000332,Casey,Parker,casey.parker332@mail.example,Corporate,Appalachian,Johnson City,TN,2025-05-12T00:00:00,Silver
C000333,Parker,Murphy,parker.murphy333@mail.example,Retail,Blue Ridge,Asheville,NC,2025-11-04T00:00:00,Bronze
C000334,Reese,Wood,reese.wood334@mail.example,Guide Service,Piedmont,Charlotte,NC,2024-09-08T00:00:00,Silver
C000335,Drew,Bell,drew.bell335@mail.example,Retail,Coastal,Charleston,SC,2024-04-11T00:00:00,Platinum
C000336,Jordan,Morgan,jordan.morgan336@mail.example,School Program,Piedmont,Greenville,SC,2024-09-04T00:00:00,Silver
C000337,Cameron,Sanders,cameron.sanders337@mail.example,Corporate,Smoky Mountains,Knoxville,TN,2024-03-16T00:00:00,Platinum
C000338,Avery,Wood,avery.wood338@mail.example,School Program,Piedmont,Greenville,SC,2025-11-28T00:00:00,B2B Account
C000339,Jordan,Brooks,jordan.brooks339@mail.example,Retail,Appalachian,Roanoke,VA,2025-10-15T00:00:00,Platinum
C000340,Rowan,Sanders,rowan.sanders340@mail.example,Corporate,Appalachian,Roanoke,VA,2025-11-07T00:00:00,Silver
C000341,Avery,Bell,avery.bell341@mail.example,Loyalty,Coastal,Charleston,SC,2024-07-27T00:00:00,Platinum
C000342,Parker,Morgan,parker.morgan342@mail.example,Reseller,Smoky Mountains,Knoxville,TN,2024-04-28T00:00:00,Silver
C000343,Logan,Sanders,logan.sanders343@mail.example,School Program,Blue Ridge,Asheville,NC,2025-04-23T00:00:00,Bronze
C000344,Avery,Reed,avery.reed344@mail.example,Reseller,Blue Ridge,Asheville,NC,2024-04-04T00:00:00,Silver
C000345,Avery,Sanders,avery.sanders345@mail.example,School Program,Foothills,Greenville,SC,2025-11-28T00:00:00,Bronze
C000346,Morgan,Turner,morgan.turner346@mail.example,Corporate,Piedmont,Columbia,SC,2025-08-16T00:00:00,Silver
C000347,Morgan,Powell,morgan.powell347@mail.example,Guide Service,Foothills,Knoxville,TN,2024-11-02T00:00:00,B2B Account
C000348,Drew,Cooper,drew.cooper348@mail.example,Loyalty,Blue Ridge,Asheville,NC,2024-05-12T00:00:00,Gold
C000349,Parker,Parker,parker.parker349@mail.example,Loyalty,Piedmont,Columbia,SC,2025-09-04T00:00:00,Platinum
C000350,Quinn,Cooper,quinn.cooper350@mail.example,Guide Service,Coastal,Charleston,SC,2024-06-10T00:00:00,Silver
C000351,Sawyer,Turner,sawyer.turner351@mail.example,Retail,Coastal,Charleston,SC,2025-05-27T00:00:00,Bronze
C000352,Emerson,Collins,emerson.collins352@mail.example,Guide Service,Foothills,Hickory,NC,2024-05-11T00:00:00,B2B Account
C000353,Taylor,Bailey,taylor.bailey353@mail.example,Reseller,Piedmont,Charlotte,NC,2025-08-02T00:00:00,Gold
C000354,Jordan,Bailey,jordan.bailey354@mail.example,School Program,Foothills,Greenville,SC,2024-01-18T00:00:00,B2B Account
C000355,Dakota,Cooper,dakota.cooper355@mail.example,Corporate,Piedmont,Columbia,SC,2024-01-16T00:00:00,Platinum
C000356,Riley,Price,riley.price356@mail.example,Retail,Appalachian,Johnson City,TN,2025-04-02T00:00:00,Bronze
C000357,Logan,Powell,logan.powell357@mail.example,Reseller,Blue Ridge,Roanoke,VA,2025-07-21T00:00:00,Gold
C000358,Jamie,Foster,jamie.foster358@mail.example,Corporate,Foothills,Greenville,SC,2025-02-08T00:00:00,Silver
C000359,Casey,Wood,casey.wood359@mail.example,Retail,Appalachian,Johnson City,TN,2025-05-07T00:00:00,Silver
C000360,Morgan,Morgan,morgan.morgan360@mail.example,Retail,Appalachian,Johnson City,TN,2025-10-19T00:00:00,Gold
C000361,Reese,Sanders,reese.sanders361@mail.example,Retail,Foothills,Greenville,SC,2024-11-27T00:00:00,Bronze
C000362,Skyler,Brooks,skyler.brooks362@mail.example,School Program,Appalachian,Roanoke,VA,2024-04-24T00:00:00,Silver
C000363,Rowan,Carter,rowan.carter363@mail.example,School Program,Appalachian,Johnson City,TN,2025-06-08T00:00:00,B2B Account
C000364,Avery,Bailey,avery.bailey364@mail.example,Retail,Blue Ridge,Asheville,NC,2024-01-08T00:00:00,Platinum
C000365,Emerson,Reed,emerson.reed365@mail.example,Corporate,Piedmont,Charlotte,NC,2025-06-08T00:00:00,Silver
C000366,Dakota,Bennett,dakota.bennett366@mail.example,Reseller,Foothills,Greenville,SC,2024-12-14T00:00:00,Platinum
C000367,Reese,Price,reese.price367@mail.example,Reseller,Piedmont,Charlotte,NC,2025-04-12T00:00:00,Platinum
C000368,Jamie,Hayes,jamie.hayes368@mail.example,Corporate,Piedmont,Columbia,SC,2025-07-08T00:00:00,Bronze
C000369,Taylor,Turner,taylor.turner369@mail.example,Retail,Coastal,Charleston,SC,2024-10-16T00:00:00,Gold
C000370,Riley,Foster,riley.foster370@mail.example,Guide Service,Blue Ridge,Boone,NC,2024-07-05T00:00:00,B2B Account
C000371,Riley,Wood,riley.wood371@mail.example,Reseller,Appalachian,Johnson City,TN,2024-01-10T00:00:00,Platinum
C000372,Taylor,Hayes,taylor.hayes372@mail.example,Retail,Foothills,Hickory,NC,2024-10-15T00:00:00,Bronze
C000373,Rowan,Wood,rowan.wood373@mail.example,Loyalty,Piedmont,Charlotte,NC,2025-11-09T00:00:00,Gold
C000374,Logan,Wood,logan.wood374@mail.example,School Program,Appalachian,Boone,NC,2024-06-05T00:00:00,B2B Account
C000375,Casey,Morgan,casey.morgan375@mail.example,School Program,Foothills,Hickory,NC,2025-04-21T00:00:00,Bronze
C000376,Taylor,Morgan,taylor.morgan376@mail.example,Loyalty,Appalachian,Boone,NC,2024-05-07T00:00:00,Gold
C000377,Drew,Bennett,drew.bennett377@mail.example,Retail,Smoky Mountains,Knoxville,TN,2024-01-23T00:00:00,Bronze
C000378,Skyler,Morgan,skyler.morgan378@mail.example,Loyalty,Appalachian,Johnson City,TN,2025-05-05T00:00:00,Platinum
C000379,Avery,Collins,avery.collins379@mail.example,Corporate,Appalachian,Boone,NC,2025-02-03T00:00:00,Silver
C000380,Parker,Murphy,parker.murphy380@mail.example,Reseller,Smoky Mountains,Johnson City,TN,2025-04-29T00:00:00,Platinum
C000381,Reese,Wood,reese.wood381@mail.example,Reseller,Appalachian,Johnson City,TN,2024-04-05T00:00:00,Bronze
C000382,Casey,Sanders,casey.sanders382@mail.example,Loyalty,Appalachian,Johnson City,TN,2024-12-19T00:00:00,Gold
C000383,Skyler,Griffin,skyler.griffin383@mail.example,School Program,Appalachian,Johnson City,TN,2024-11-23T00:00:00,Silver
C000384,Emerson,Bailey,emerson.bailey384@mail.example,Guide Service,Foothills,Hickory,NC,2024-08-15T00:00:00,B2B Account
C000385,Jamie,Foster,jamie.foster385@mail.example,Guide Service,Piedmont,Charlotte,NC,2024-02-15T00:00:00,Silver
C000386,Emerson,Powell,emerson.powell386@mail.example,Retail,Smoky Mountains,Knoxville,TN,2024-06-08T00:00:00,Silver
C000387,Emerson,Bennett,emerson.bennett387@mail.example,School Program,Piedmont,Charlotte,NC,2024-01-10T00:00:00,Bronze
C000388,Finley,Wood,finley.wood388@mail.example,Guide Service,Piedmont,Charlotte,NC,2025-10-06T00:00:00,Bronze
C000389,Drew,Bailey,drew.bailey389@mail.example,School Program,Piedmont,Hickory,NC,2024-01-17T00:00:00,Bronze
C000390,Logan,Morgan,logan.morgan390@mail.example,Loyalty,Coastal,Charleston,SC,2024-01-10T00:00:00,Bronze
C000391,Rowan,Bennett,rowan.bennett391@mail.example,Loyalty,Foothills,Knoxville,TN,2025-11-20T00:00:00,Bronze
C000392,Sawyer,Cooper,sawyer.cooper392@mail.example,Reseller,Foothills,Hickory,NC,2024-04-17T00:00:00,Silver
C000393,Drew,Foster,drew.foster393@mail.example,Retail,Smoky Mountains,Knoxville,TN,2024-12-15T00:00:00,Gold
C000394,Finley,Turner,finley.turner394@mail.example,Loyalty,Foothills,Hickory,NC,2025-10-18T00:00:00,Platinum
C000395,Avery,Sanders,avery.sanders395@mail.example,Loyalty,Foothills,Greenville,SC,2025-02-14T00:00:00,Platinum
C000396,Drew,Reed,drew.reed396@mail.example,Reseller,Smoky Mountains,Knoxville,TN,2025-08-28T00:00:00,Silver
C000397,Reese,Reed,reese.reed397@mail.example,Reseller,Coastal,Charleston,SC,2025-10-19T00:00:00,Silver
C000398,Emerson,Parker,emerson.parker398@mail.example,Corporate,Coastal,Charleston,SC,2025-08-09T00:00:00,Gold
C000399,Casey,Price,casey.price399@mail.example,Corporate,Foothills,Greenville,SC,2025-01-31T00:00:00,Bronze
C000400,Casey,Morgan,casey.morgan400@mail.example,School Program,Foothills,Hickory,NC,2024-07-24T00:00:00,Silver
C000401,Logan,Collins,logan.collins401@mail.example,Loyalty,Foothills,Hickory,NC,2025-07-09T00:00:00,Platinum
C000402,Drew,Richardson,drew.richardson402@mail.example,Loyalty,Appalachian,Boone,NC,2025-04-11T00:00:00,Gold
C000403,Dakota,Morgan,dakota.morgan403@mail.example,Corporate,Foothills,Greenville,SC,2024-11-16T00:00:00,Gold
C000404,Logan,Morgan,logan.morgan404@mail.example,Retail,Piedmont,Columbia,SC,2024-04-19T00:00:00,Bronze
C000405,Dakota,Turner,dakota.turner405@mail.example,Guide Service,Coastal,Charleston,SC,2024-09-03T00:00:00,Bronze
C000406,Reese,Griffin,reese.griffin406@mail.example,Corporate,Smoky Mountains,Knoxville,TN,2024-04-25T00:00:00,Platinum
C000407,Reese,Sanders,reese.sanders407@mail.example,Guide Service,Blue Ridge,Asheville,NC,2025-10-29T00:00:00,Bronze
C000408,Taylor,Morgan,taylor.morgan408@mail.example,Retail,Appalachian,Roanoke,VA,2025-10-01T00:00:00,Silver
C000409,Reese,Collins,reese.collins409@mail.example,Retail,Piedmont,Columbia,SC,2024-01-02T00:00:00,Platinum
C000410,Taylor,Richardson,taylor.richardson410@mail.example,Retail,Foothills,Hickory,NC,2025-12-25T00:00:00,Bronze
C000411,Harper,Bailey,harper.bailey411@mail.example,Loyalty,Piedmont,Charlotte,NC,2025-03-12T00:00:00,Bronze
C000412,Finley,Carter,finley.carter412@mail.example,Corporate,Appalachian,Boone,NC,2025-07-17T00:00:00,Silver
C000413,Finley,Reed,finley.reed413@mail.example,Corporate,Appalachian,Roanoke,VA,2025-03-17T00:00:00,Gold
C000414,Emerson,Sanders,emerson.sanders414@mail.example,Guide Service,Smoky Mountains,Knoxville,TN,2024-06-01T00:00:00,Silver
C000415,Jordan,Carter,jordan.carter415@mail.example,Corporate,Foothills,Greenville,SC,2025-01-27T00:00:00,Platinum
C000416,Quinn,Richardson,quinn.richardson416@mail.example,Reseller,Smoky Mountains,Knoxville,TN,2024-12-27T00:00:00,Bronze
C000417,Dakota,Cooper,dakota.cooper417@mail.example,Loyalty,Piedmont,Columbia,SC,2025-07-22T00:00:00,Gold
C000418,Taylor,Carter,taylor.carter418@mail.example,Retail,Smoky Mountains,Knoxville,TN,2024-08-08T00:00:00,Gold
C000419,Dakota,Turner,dakota.turner419@mail.example,Reseller,Piedmont,Charlotte,NC,2024-09-29T00:00:00,Silver
C000420,Parker,Wood,parker.wood420@mail.example,Corporate,Coastal,Charleston,SC,2024-11-27T00:00:00,Bronze
C000421,Logan,Reed,logan.reed421@mail.example,Corporate,Smoky Mountains,Knoxville,TN,2024-01-23T00:00:00,Platinum
C000422,Casey,Price,casey.price422@mail.example,School Program,Piedmont,Columbia,SC,2025-01-29T00:00:00,Bronze
C000423,Parker,Carter,parker.carter423@mail.example,Corporate,Blue Ridge,Asheville,NC,2025-04-05T00:00:00,Platinum
C000424,Sawyer,Griffin,sawyer.griffin424@mail.example,School Program,Piedmont,Columbia,SC,2024-04-21T00:00:00,Bronze
C000425,Rowan,Wood,rowan.wood425@mail.example,Loyalty,Piedmont,Charlotte,NC,2025-09-01T00:00:00,Bronze
C000426,Skyler,Bennett,skyler.bennett426@mail.example,Loyalty,Piedmont,Charlotte,NC,2024-05-19T00:00:00,Silver
C000427,Cameron,Powell,cameron.powell427@mail.example,Corporate,Appalachian,Roanoke,VA,2025-08-08T00:00:00,Silver
C000428,Finley,Murphy,finley.murphy428@mail.example,School Program,Appalachian,Boone,NC,2025-07-20T00:00:00,Silver
C000429,Rowan,Price,rowan.price429@mail.example,Corporate,Foothills,Hickory,NC,2025-05-06T00:00:00,Gold
C000430,Jordan,Sanders,jordan.sanders430@mail.example,Corporate,Smoky Mountains,Knoxville,TN,2025-10-24T00:00:00,Gold
C000431,Reese,Price,reese.price431@mail.example,School Program,Blue Ridge,Asheville,NC,2024-06-27T00:00:00,Bronze
C000432,Jordan,Reed,jordan.reed432@mail.example,Guide Service,Appalachian,Boone,NC,2025-08-15T00:00:00,Bronze
C000433,Parker,Morgan,parker.morgan433@mail.example,Retail,Appalachian,Johnson City,TN,2025-12-13T00:00:00,Bronze
C000434,Jamie,Morgan,jamie.morgan434@mail.example,Loyalty,Piedmont,Columbia,SC,2024-03-27T00:00:00,Bronze
C000435,Morgan,Bennett,morgan.bennett435@mail.example,Retail,Appalachian,Johnson City,TN,2024-06-21T00:00:00,Gold
C000436,Sawyer,Reed,sawyer.reed436@mail.example,Guide Service,Appalachian,Boone,NC,2025-04-20T00:00:00,B2B Account
C000437,Parker,Sanders,parker.sanders437@mail.example,Guide Service,Coastal,Charleston,SC,2025-11-01T00:00:00,Bronze
C000438,Parker,Carter,parker.carter438@mail.example,School Program,Coastal,Charleston,SC,2025-02-13T00:00:00,Bronze
C000439,Casey,Bailey,casey.bailey439@mail.example,Guide Service,Appalachian,Roanoke,VA,2025-06-17T00:00:00,Silver
C000440,Avery,Reed,avery.reed440@mail.example,Retail,Piedmont,Greenville,SC,2025-06-27T00:00:00,Silver
C000441,Rowan,Sanders,rowan.sanders441@mail.example,School Program,Foothills,Hickory,NC,2025-07-19T00:00:00,Silver
C000442,Casey,Turner,casey.turner442@mail.example,Retail,Blue Ridge,Boone,NC,2024-07-25T00:00:00,Gold
C000443,Jordan,Turner,jordan.turner443@mail.example,Retail,Appalachian,Boone,NC,2024-10-18T00:00:00,Bronze
C000444,Taylor,Price,taylor.price444@mail.example,Loyalty,Appalachian,Asheville,NC,2025-11-08T00:00:00,Bronze
C000445,Harper,Bennett,harper.bennett445@mail.example,Retail,Piedmont,Greenville,SC,2024-09-26T00:00:00,Bronze
C000446,Dakota,Griffin,dakota.griffin446@mail.example,Guide Service,Smoky Mountains,Knoxville,TN,2024-10-02T00:00:00,Bronze
C000447,Riley,Collins,riley.collins447@mail.example,Reseller,Piedmont,Columbia,SC,2024-10-27T00:00:00,Bronze
C000448,Finley,Murphy,finley.murphy448@mail.example,Reseller,Coastal,Charleston,SC,2025-04-26T00:00:00,Platinum
C000449,Cameron,Bennett,cameron.bennett449@mail.example,Loyalty,Appalachian,Asheville,NC,2025-01-24T00:00:00,Silver
C000450,Jamie,Reed,jamie.reed450@mail.example,Reseller,Coastal,Charleston,SC,2025-10-11T00:00:00,Silver
C000451,Taylor,Morgan,taylor.morgan451@mail.example,Retail,Smoky Mountains,Johnson City,TN,2025-01-17T00:00:00,Silver
C000452,Taylor,Bennett,taylor.bennett452@mail.example,Retail,Appalachian,Roanoke,VA,2025-11-12T00:00:00,Gold
C000453,Parker,Reed,parker.reed453@mail.example,Loyalty,Blue Ridge,Asheville,NC,2024-10-08T00:00:00,Bronze
C000454,Morgan,Hayes,morgan.hayes454@mail.example,Guide Service,Coastal,Charleston,SC,2025-02-13T00:00:00,Silver
C000455,Casey,Carter,casey.carter455@mail.example,Corporate,Blue Ridge,Asheville,NC,2025-07-20T00:00:00,Silver
C000456,Jamie,Griffin,jamie.griffin456@mail.example,Reseller,Appalachian,Boone,NC,2024-10-02T00:00:00,Platinum
C000457,Taylor,Cooper,taylor.cooper457@mail.example,Reseller,Appalachian,Boone,NC,2024-03-21T00:00:00,Silver
C000458,Logan,Wood,logan.wood458@mail.example,Guide Service,Coastal,Charleston,SC,2025-02-18T00:00:00,Silver
C000459,Reese,Murphy,reese.murphy459@mail.example,Corporate,Piedmont,Columbia,SC,2025-04-05T00:00:00,Silver
C000460,Dakota,Wood,dakota.wood460@mail.example,School Program,Foothills,Hickory,NC,2025-03-23T00:00:00,Silver
C000461,Harper,Bennett,harper.bennett461@mail.example,Guide Service,Piedmont,Columbia,SC,2024-10-22T00:00:00,Bronze
C000462,Quinn,Cooper,quinn.cooper462@mail.example,Reseller,Smoky Mountains,Knoxville,TN,2025-04-18T00:00:00,Silver
C000463,Dakota,Reed,dakota.reed463@mail.example,Retail,Blue Ridge,Asheville,NC,2024-08-24T00:00:00,Bronze
C000464,Parker,Cooper,parker.cooper464@mail.example,Loyalty,Piedmont,Charlotte,NC,2025-10-28T00:00:00,Gold
C000465,Finley,Richardson,finley.richardson465@mail.example,Guide Service,Piedmont,Columbia,SC,2025-04-25T00:00:00,Silver
C000466,Cameron,Griffin,cameron.griffin466@mail.example,Reseller,Foothills,Hickory,NC,2025-03-18T00:00:00,Bronze
C000467,Parker,Bailey,parker.bailey467@mail.example,Retail,Foothills,Hickory,NC,2025-04-11T00:00:00,Silver
C000468,Skyler,Richardson,skyler.richardson468@mail.example,Guide Service,Foothills,Hickory,NC,2024-05-17T00:00:00,Silver
C000469,Logan,Price,logan.price469@mail.example,Corporate,Appalachian,Roanoke,VA,2025-05-02T00:00:00,Platinum
C000470,Skyler,Carter,skyler.carter470@mail.example,Corporate,Appalachian,Johnson City,TN,2024-06-15T00:00:00,Gold
C000471,Reese,Turner,reese.turner471@mail.example,Guide Service,Appalachian,Roanoke,VA,2024-06-12T00:00:00,Silver
C000472,Riley,Parker,riley.parker472@mail.example,Retail,Foothills,Greenville,SC,2025-09-27T00:00:00,Platinum
C000473,Logan,Powell,logan.powell473@mail.example,Retail,Piedmont,Charlotte,NC,2024-12-18T00:00:00,Gold
C000474,Jordan,Sanders,jordan.sanders474@mail.example,Corporate,Piedmont,Charlotte,NC,2025-09-10T00:00:00,Gold
C000475,Dakota,Murphy,dakota.murphy475@mail.example,Corporate,Foothills,Greenville,SC,2025-06-26T00:00:00,Gold
C000476,Cameron,Collins,cameron.collins476@mail.example,School Program,Appalachian,Asheville,NC,2024-09-08T00:00:00,B2B Account
C000477,Finley,Parker,finley.parker477@mail.example,Retail,Foothills,Greenville,SC,2025-04-01T00:00:00,Silver
C000478,Cameron,Brooks,cameron.brooks478@mail.example,Guide Service,Appalachian,Roanoke,VA,2025-12-26T00:00:00,B2B Account
C000479,Sawyer,Reed,sawyer.reed479@mail.example,Reseller,Blue Ridge,Boone,NC,2025-02-07T00:00:00,Silver
C000480,Cameron,Reed,cameron.reed480@mail.example,Loyalty,Appalachian,Boone,NC,2025-12-03T00:00:00,Bronze
C000481,Emerson,Bell,emerson.bell481@mail.example,Loyalty,Piedmont,Columbia,SC,2024-03-10T00:00:00,Platinum
C000482,Jamie,Price,jamie.price482@mail.example,Guide Service,Appalachian,Boone,NC,2025-09-14T00:00:00,Silver
C000483,Finley,Reed,finley.reed483@mail.example,School Program,Appalachian,Johnson City,TN,2025-10-07T00:00:00,Silver
C000484,Avery,Carter,avery.carter484@mail.example,Guide Service,Appalachian,Boone,NC,2025-02-04T00:00:00,B2B Account
C000485,Jamie,Collins,jamie.collins485@mail.example,Reseller,Piedmont,Greenville,SC,2025-10-07T00:00:00,Platinum
C000486,Cameron,Foster,cameron.foster486@mail.example,School Program,Piedmont,Greenville,SC,2024-02-23T00:00:00,Silver
C000487,Taylor,Richardson,taylor.richardson487@mail.example,Guide Service,Blue Ridge,Asheville,NC,2024-03-28T00:00:00,Silver
C000488,Sawyer,Turner,sawyer.turner488@mail.example,Corporate,Blue Ridge,Asheville,NC,2024-11-01T00:00:00,Bronze
C000489,Logan,Richardson,logan.richardson489@mail.example,Retail,Smoky Mountains,Knoxville,TN,2025-10-25T00:00:00,Gold
C000490,Reese,Bell,reese.bell490@mail.example,Loyalty,Appalachian,Boone,NC,2024-11-18T00:00:00,Bronze
C000491,Sawyer,Bennett,sawyer.bennett491@mail.example,Reseller,Piedmont,Charlotte,NC,2025-08-12T00:00:00,Platinum
C000492,Avery,Bell,avery.bell492@mail.example,School Program,Foothills,Greenville,SC,2025-12-15T00:00:00,B2B Account
C000493,Reese,Parker,reese.parker493@mail.example,Corporate,Piedmont,Columbia,SC,2025-01-10T00:00:00,Platinum
C000494,Taylor,Foster,taylor.foster494@mail.example,Corporate,Blue Ridge,Asheville,NC,2024-01-28T00:00:00,Bronze
C000495,Rowan,Parker,rowan.parker495@mail.example,Retail,Foothills,Hickory,NC,2025-09-21T00:00:00,Silver
C000496,Taylor,Bell,taylor.bell496@mail.example,Reseller,Appalachian,Roanoke,VA,2024-10-11T00:00:00,Platinum
C000497,Drew,Brooks,drew.brooks497@mail.example,Reseller,Foothills,Hickory,NC,2025-06-16T00:00:00,Silver
C000498,Emerson,Bailey,emerson.bailey498@mail.example,Loyalty,Blue Ridge,Asheville,NC,2025-12-02T00:00:00,Platinum
C000499,Avery,Brooks,avery.brooks499@mail.example,Corporate,Appalachian,Boone,NC,2025-11-29T00:00:00,Gold
C000500,Drew,Wood,drew.wood500@mail.example,Guide Service,Blue Ridge,Asheville,NC,2025-12-17T00:00:00,B2B Account
C000501,Dakota,Griffin,dakota.griffin501@mail.example,Corporate,Appalachian,Boone,NC,2024-08-22T00:00:00,Silver
C000502,Skyler,Foster,skyler.foster502@mail.example,School Program,Piedmont,Columbia,SC,2025-03-26T00:00:00,B2B Account
C000503,Morgan,Carter,morgan.carter503@mail.example,Corporate,Appalachian,Roanoke,VA,2025-08-15T00:00:00,Platinum
C000504,Parker,Parker,parker.parker504@mail.example,Guide Service,Appalachian,Johnson City,TN,2025-06-26T00:00:00,Bronze
C000505,Quinn,Parker,quinn.parker505@mail.example,Loyalty,Piedmont,Columbia,SC,2025-12-20T00:00:00,Silver
C000506,Taylor,Wood,taylor.wood506@mail.example,Retail,Piedmont,Charlotte,NC,2024-03-26T00:00:00,Silver
C000507,Jamie,Reed,jamie.reed507@mail.example,Reseller,Appalachian,Roanoke,VA,2024-05-08T00:00:00,Silver
C000508,Dakota,Griffin,dakota.griffin508@mail.example,Guide Service,Coastal,Charleston,SC,2025-12-10T00:00:00,Bronze
C000509,Sawyer,Collins,sawyer.collins509@mail.example,Corporate,Foothills,Greenville,SC,2025-07-27T00:00:00,Gold
C000510,Rowan,Griffin,rowan.griffin510@mail.example,Guide Service,Appalachian,Roanoke,VA,2025-05-25T00:00:00,B2B Account
C000511,Reese,Carter,reese.carter511@mail.example,Retail,Appalachian,Roanoke,VA,2024-11-02T00:00:00,Gold
C000512,Logan,Powell,logan.powell512@mail.example,Retail,Piedmont,Charlotte,NC,2025-03-12T00:00:00,Gold
C000513,Finley,Parker,finley.parker513@mail.example,Corporate,Blue Ridge,Asheville,NC,2024-03-20T00:00:00,Gold
C000514,Harper,Turner,harper.turner514@mail.example,Corporate,Blue Ridge,Asheville,NC,2025-12-18T00:00:00,Gold
C000515,Casey,Wood,casey.wood515@mail.example,Reseller,Appalachian,Johnson City,TN,2024-11-13T00:00:00,Silver
C000516,Taylor,Brooks,taylor.brooks516@mail.example,School Program,Piedmont,Greenville,SC,2024-03-27T00:00:00,Bronze
C000517,Riley,Bennett,riley.bennett517@mail.example,School Program,Foothills,Hickory,NC,2024-12-30T00:00:00,Silver
C000518,Jordan,Bell,jordan.bell518@mail.example,Corporate,Appalachian,Roanoke,VA,2025-11-26T00:00:00,Platinum
C000519,Casey,Morgan,casey.morgan519@mail.example,Retail,Foothills,Greenville,SC,2024-04-04T00:00:00,Platinum
C000520,Riley,Cooper,riley.cooper520@mail.example,Guide Service,Smoky Mountains,Knoxville,TN,2025-09-11T00:00:00,B2B Account
C000521,Dakota,Powell,dakota.powell521@mail.example,Guide Service,Appalachian,Asheville,NC,2024-05-12T00:00:00,Silver
C000522,Sawyer,Bennett,sawyer.bennett522@mail.example,School Program,Piedmont,Columbia,SC,2025-08-09T00:00:00,Bronze
C000523,Riley,Reed,riley.reed523@mail.example,Loyalty,Piedmont,Columbia,SC,2024-04-18T00:00:00,Silver
C000524,Drew,Collins,drew.collins524@mail.example,School Program,Foothills,Hickory,NC,2025-11-11T00:00:00,Silver
C000525,Taylor,Hayes,taylor.hayes525@mail.example,Loyalty,Smoky Mountains,Knoxville,TN,2024-08-23T00:00:00,Silver
C000526,Logan,Turner,logan.turner526@mail.example,Corporate,Blue Ridge,Asheville,NC,2025-10-18T00:00:00,Gold
C000527,Riley,Murphy,riley.murphy527@mail.example,School Program,Coastal,Charleston,SC,2025-03-12T00:00:00,Bronze
C000528,Avery,Sanders,avery.sanders528@mail.example,Guide Service,Piedmont,Columbia,SC,2024-03-18T00:00:00,Silver
C000529,Cameron,Price,cameron.price529@mail.example,Reseller,Piedmont,Columbia,SC,2024-01-13T00:00:00,Gold
C000530,Sawyer,Bell,sawyer.bell530@mail.example,Corporate,Appalachian,Johnson City,TN,2025-03-15T00:00:00,Bronze
C000531,Avery,Griffin,avery.griffin531@mail.example,Retail,Appalachian,Roanoke,VA,2025-03-01T00:00:00,Silver
C000532,Jordan,Hayes,jordan.hayes532@mail.example,Retail,Smoky Mountains,Knoxville,TN,2025-12-01T00:00:00,Bronze
C000533,Cameron,Collins,cameron.collins533@mail.example,Guide Service,Blue Ridge,Asheville,NC,2024-04-02T00:00:00,Silver
C000534,Cameron,Reed,cameron.reed534@mail.example,Corporate,Coastal,Charleston,SC,2025-09-17T00:00:00,Gold
C000535,Harper,Hayes,harper.hayes535@mail.example,Reseller,Smoky Mountains,Knoxville,TN,2024-12-10T00:00:00,Bronze
C000536,Cameron,Griffin,cameron.griffin536@mail.example,Guide Service,Appalachian,Boone,NC,2025-05-25T00:00:00,B2B Account
C000537,Morgan,Griffin,morgan.griffin537@mail.example,Corporate,Foothills,Hickory,NC,2024-06-26T00:00:00,Silver
C000538,Harper,Cooper,harper.cooper538@mail.example,School Program,Coastal,Charleston,SC,2025-05-10T00:00:00,Bronze
C000539,Emerson,Carter,emerson.carter539@mail.example,School Program,Piedmont,Columbia,SC,2025-10-22T00:00:00,Silver
C000540,Taylor,Turner,taylor.turner540@mail.example,Guide Service,Blue Ridge,Asheville,NC,2024-02-14T00:00:00,B2B Account
C000541,Reese,Turner,reese.turner541@mail.example,School Program,Blue Ridge,Boone,NC,2024-10-24T00:00:00,B2B Account
C000542,Jordan,Collins,jordan.collins542@mail.example,School Program,Piedmont,Hickory,NC,2025-01-22T00:00:00,Bronze
C000543,Parker,Sanders,parker.sanders543@mail.example,Retail,Foothills,Hickory,NC,2025-08-11T00:00:00,Gold
C000544,Parker,Bennett,parker.bennett544@mail.example,Guide Service,Piedmont,Charlotte,NC,2025-01-07T00:00:00,Bronze
C000545,Cameron,Griffin,cameron.griffin545@mail.example,Retail,Smoky Mountains,Knoxville,TN,2025-12-16T00:00:00,Silver
C000546,Cameron,Hayes,cameron.hayes546@mail.example,Reseller,Foothills,Greenville,SC,2025-03-22T00:00:00,Silver
C000547,Drew,Carter,drew.carter547@mail.example,Reseller,Piedmont,Greenville,SC,2025-05-01T00:00:00,Gold
C000548,Avery,Bailey,avery.bailey548@mail.example,Corporate,Appalachian,Johnson City,TN,2024-04-15T00:00:00,Bronze
C000549,Jordan,Carter,jordan.carter549@mail.example,Loyalty,Foothills,Greenville,SC,2024-06-02T00:00:00,Platinum
C000550,Casey,Turner,casey.turner550@mail.example,Loyalty,Appalachian,Johnson City,TN,2025-04-19T00:00:00,Bronze
C000551,Taylor,Parker,taylor.parker551@mail.example,Loyalty,Appalachian,Boone,NC,2025-05-07T00:00:00,Platinum
C000552,Finley,Morgan,finley.morgan552@mail.example,Loyalty,Appalachian,Johnson City,TN,2024-09-28T00:00:00,Silver
C000553,Jordan,Bell,jordan.bell553@mail.example,Guide Service,Appalachian,Johnson City,TN,2024-11-03T00:00:00,B2B Account
C000554,Avery,Richardson,avery.richardson554@mail.example,Corporate,Piedmont,Columbia,SC,2025-07-07T00:00:00,Silver
C000555,Reese,Sanders,reese.sanders555@mail.example,Guide Service,Piedmont,Hickory,NC,2025-10-20T00:00:00,Silver
C000556,Emerson,Morgan,emerson.morgan556@mail.example,Retail,Piedmont,Charlotte,NC,2025-01-22T00:00:00,Gold
C000557,Rowan,Collins,rowan.collins557@mail.example,Loyalty,Foothills,Hickory,NC,2025-06-26T00:00:00,Bronze
C000558,Drew,Carter,drew.carter558@mail.example,School Program,Piedmont,Charlotte,NC,2025-11-13T00:00:00,Bronze
C000559,Emerson,Cooper,emerson.cooper559@mail.example,Corporate,Smoky Mountains,Knoxville,TN,2024-07-12T00:00:00,Platinum
C000560,Avery,Bailey,avery.bailey560@mail.example,Reseller,Appalachian,Boone,NC,2024-01-10T00:00:00,Gold
C000561,Casey,Murphy,casey.murphy561@mail.example,Loyalty,Foothills,Greenville,SC,2024-05-15T00:00:00,Gold
C000562,Drew,Bell,drew.bell562@mail.example,Guide Service,Foothills,Hickory,NC,2024-11-27T00:00:00,B2B Account
C000563,Jordan,Murphy,jordan.murphy563@mail.example,Guide Service,Smoky Mountains,Knoxville,TN,2025-02-07T00:00:00,B2B Account
C000564,Rowan,Richardson,rowan.richardson564@mail.example,Loyalty,Appalachian,Johnson City,TN,2025-08-24T00:00:00,Gold
C000565,Avery,Morgan,avery.morgan565@mail.example,Retail,Smoky Mountains,Johnson City,TN,2025-08-10T00:00:00,Bronze
C000566,Taylor,Wood,taylor.wood566@mail.example,Retail,Piedmont,Greenville,SC,2024-12-14T00:00:00,Silver
C000567,Cameron,Wood,cameron.wood567@mail.example,School Program,Appalachian,Boone,NC,2025-07-05T00:00:00,Silver
C000568,Parker,Price,parker.price568@mail.example,Loyalty,Piedmont,Columbia,SC,2025-10-03T00:00:00,Bronze
C000569,Morgan,Griffin,morgan.griffin569@mail.example,Reseller,Foothills,Greenville,SC,2025-12-10T00:00:00,Platinum
C000570,Jamie,Powell,jamie.powell570@mail.example,Guide Service,Piedmont,Hickory,NC,2025-02-02T00:00:00,B2B Account
C000571,Jamie,Hayes,jamie.hayes571@mail.example,Loyalty,Coastal,Charleston,SC,2025-09-06T00:00:00,Bronze
C000572,Harper,Turner,harper.turner572@mail.example,Retail,Appalachian,Johnson City,TN,2024-05-16T00:00:00,Bronze
C000573,Emerson,Powell,emerson.powell573@mail.example,Reseller,Blue Ridge,Asheville,NC,2024-10-20T00:00:00,Platinum
C000574,Casey,Sanders,casey.sanders574@mail.example,Guide Service,Smoky Mountains,Johnson City,TN,2025-09-11T00:00:00,B2B Account
C000575,Drew,Sanders,drew.sanders575@mail.example,Corporate,Coastal,Charleston,SC,2025-02-21T00:00:00,Silver
C000576,Drew,Price,drew.price576@mail.example,Corporate,Piedmont,Hickory,NC,2025-10-22T00:00:00,Gold
C000577,Parker,Price,parker.price577@mail.example,Loyalty,Appalachian,Boone,NC,2024-10-25T00:00:00,Platinum
C000578,Casey,Griffin,casey.griffin578@mail.example,Guide Service,Appalachian,Roanoke,VA,2024-01-14T00:00:00,Silver
C000579,Jamie,Hayes,jamie.hayes579@mail.example,Loyalty,Foothills,Hickory,NC,2025-05-14T00:00:00,Silver
C000580,Drew,Reed,drew.reed580@mail.example,Loyalty,Smoky Mountains,Knoxville,TN,2024-08-23T00:00:00,Platinum
C000581,Drew,Bennett,drew.bennett581@mail.example,Corporate,Foothills,Greenville,SC,2025-03-07T00:00:00,Gold
C000582,Avery,Hayes,avery.hayes582@mail.example,Loyalty,Appalachian,Asheville,NC,2024-07-10T00:00:00,Gold
C000583,Finley,Griffin,finley.griffin583@mail.example,Loyalty,Blue Ridge,Boone,NC,2024-02-09T00:00:00,Bronze
C000584,Rowan,Foster,rowan.foster584@mail.example,Corporate,Piedmont,Charlotte,NC,2025-01-27T00:00:00,Bronze
C000585,Sawyer,Richardson,sawyer.richardson585@mail.example,Retail,Blue Ridge,Roanoke,VA,2025-02-04T00:00:00,Silver
C000586,Quinn,Reed,quinn.reed586@mail.example,Reseller,Foothills,Hickory,NC,2025-10-10T00:00:00,Gold
C000587,Rowan,Griffin,rowan.griffin587@mail.example,Corporate,Piedmont,Charlotte,NC,2024-12-19T00:00:00,Silver
C000588,Quinn,Richardson,quinn.richardson588@mail.example,Loyalty,Coastal,Charleston,SC,2024-09-24T00:00:00,Platinum
C000589,Quinn,Turner,quinn.turner589@mail.example,Guide Service,Foothills,Hickory,NC,2025-12-15T00:00:00,Silver
C000590,Jamie,Murphy,jamie.murphy590@mail.example,Guide Service,Smoky Mountains,Knoxville,TN,2025-05-13T00:00:00,Bronze
C000591,Riley,Collins,riley.collins591@mail.example,Guide Service,Piedmont,Greenville,SC,2025-01-03T00:00:00,Bronze
C000592,Casey,Murphy,casey.murphy592@mail.example,School Program,Piedmont,Columbia,SC,2025-12-02T00:00:00,B2B Account
C000593,Parker,Richardson,parker.richardson593@mail.example,Reseller,Piedmont,Charlotte,NC,2024-01-05T00:00:00,Gold
C000594,Sawyer,Collins,sawyer.collins594@mail.example,Loyalty,Foothills,Greenville,SC,2024-11-27T00:00:00,Gold
C000595,Sawyer,Griffin,sawyer.griffin595@mail.example,Loyalty,Foothills,Hickory,NC,2025-06-08T00:00:00,Silver
C000596,Morgan,Foster,morgan.foster596@mail.example,Retail,Piedmont,Charlotte,NC,2024-05-25T00:00:00,Silver
C000597,Quinn,Turner,quinn.turner597@mail.example,Retail,Smoky Mountains,Knoxville,TN,2025-12-04T00:00:00,Bronze
C000598,Drew,Parker,drew.parker598@mail.example,Corporate,Foothills,Hickory,NC,2024-09-15T00:00:00,Gold
C000599,Parker,Collins,parker.collins599@mail.example,School Program,Foothills,Greenville,SC,2025-05-14T00:00:00,B2B Account
C000600,Finley,Bennett,finley.bennett600@mail.example,Guide Service,Blue Ridge,Roanoke,VA,2024-12-21T00:00:00,B2B Account
C000601,Jamie,Griffin,jamie.griffin601@mail.example,School Program,Appalachian,Johnson City,TN,2025-11-11T00:00:00,Silver
C000602,Emerson,Bell,emerson.bell602@mail.example,Guide Service,Appalachian,Boone,NC,2024-12-20T00:00:00,Silver
C000603,Avery,Bennett,avery.bennett603@mail.example,Loyalty,Piedmont,Charlotte,NC,2024-02-25T00:00:00,Silver
C000604,Morgan,Brooks,morgan.brooks604@mail.example,Reseller,Blue Ridge,Asheville,NC,2025-07-14T00:00:00,Silver
C000605,Harper,Griffin,harper.griffin605@mail.example,Loyalty,Appalachian,Johnson City,TN,2024-02-20T00:00:00,Bronze
C000606,Sawyer,Morgan,sawyer.morgan606@mail.example,Corporate,Blue Ridge,Asheville,NC,2025-02-12T00:00:00,Platinum
C000607,Dakota,Turner,dakota.turner607@mail.example,Corporate,Appalachian,Boone,NC,2025-10-16T00:00:00,Platinum
C000608,Finley,Richardson,finley.richardson608@mail.example,Corporate,Blue Ridge,Asheville,NC,2024-11-07T00:00:00,Bronze
C000609,Casey,Richardson,casey.richardson609@mail.example,Guide Service,Appalachian,Roanoke,VA,2025-05-21T00:00:00,B2B Account
C000610,Avery,Sanders,avery.sanders610@mail.example,Loyalty,Foothills,Greenville,SC,2025-12-23T00:00:00,Gold
C000611,Riley,Hayes,riley.hayes611@mail.example,School Program,Coastal,Charleston,SC,2025-06-17T00:00:00,Silver
C000612,Finley,Carter,finley.carter612@mail.example,Loyalty,Appalachian,Johnson City,TN,2025-01-28T00:00:00,Bronze
C000613,Quinn,Hayes,quinn.hayes613@mail.example,Guide Service,Foothills,Greenville,SC,2024-10-02T00:00:00,Bronze
C000614,Quinn,Griffin,quinn.griffin614@mail.example,Loyalty,Piedmont,Columbia,SC,2025-10-14T00:00:00,Platinum
C000615,Finley,Murphy,finley.murphy615@mail.example,Loyalty,Foothills,Greenville,SC,2024-08-23T00:00:00,Silver
C000616,Skyler,Cooper,skyler.cooper616@mail.example,Retail,Piedmont,Columbia,SC,2024-03-02T00:00:00,Platinum
C000617,Harper,Turner,harper.turner617@mail.example,Reseller,Appalachian,Johnson City,TN,2025-05-03T00:00:00,Gold
C000618,Sawyer,Bennett,sawyer.bennett618@mail.example,Retail,Appalachian,Boone,NC,2024-07-21T00:00:00,Silver
C000619,Cameron,Carter,cameron.carter619@mail.example,Reseller,Blue Ridge,Asheville,NC,2025-07-26T00:00:00,Silver
C000620,Jamie,Sanders,jamie.sanders620@mail.example,Guide Service,Appalachian,Johnson City,TN,2025-06-02T00:00:00,Bronze
C000621,Harper,Brooks,harper.brooks621@mail.example,Guide Service,Foothills,Hickory,NC,2024-09-21T00:00:00,Bronze
C000622,Casey,Bailey,casey.bailey622@mail.example,Corporate,Appalachian,Roanoke,VA,2024-06-25T00:00:00,Gold
C000623,Dakota,Cooper,dakota.cooper623@mail.example,School Program,Foothills,Greenville,SC,2025-09-07T00:00:00,Silver
C000624,Skyler,Hayes,skyler.hayes624@mail.example,Retail,Appalachian,Boone,NC,2025-03-25T00:00:00,Gold
C000625,Casey,Powell,casey.powell625@mail.example,Guide Service,Piedmont,Charlotte,NC,2024-08-01T00:00:00,Bronze
C000626,Emerson,Griffin,emerson.griffin626@mail.example,Retail,Blue Ridge,Asheville,NC,2025-09-05T00:00:00,Bronze
C000627,Quinn,Griffin,quinn.griffin627@mail.example,Retail,Piedmont,Columbia,SC,2025-06-27T00:00:00,Silver
C000628,Cameron,Brooks,cameron.brooks628@mail.example,School Program,Smoky Mountains,Knoxville,TN,2024-11-30T00:00:00,Silver
C000629,Logan,Bennett,logan.bennett629@mail.example,Corporate,Appalachian,Boone,NC,2024-03-18T00:00:00,Platinum
C000630,Taylor,Parker,taylor.parker630@mail.example,Loyalty,Piedmont,Charlotte,NC,2024-06-27T00:00:00,Silver
C000631,Sawyer,Brooks,sawyer.brooks631@mail.example,Retail,Piedmont,Greenville,SC,2025-09-04T00:00:00,Gold
C000632,Parker,Collins,parker.collins632@mail.example,Reseller,Blue Ridge,Asheville,NC,2025-05-09T00:00:00,Gold
C000633,Parker,Richardson,parker.richardson633@mail.example,Reseller,Piedmont,Charlotte,NC,2024-02-15T00:00:00,Silver
C000634,Skyler,Murphy,skyler.murphy634@mail.example,Corporate,Blue Ridge,Asheville,NC,2024-12-27T00:00:00,Bronze
C000635,Avery,Richardson,avery.richardson635@mail.example,Reseller,Blue Ridge,Asheville,NC,2025-02-21T00:00:00,Bronze
C000636,Rowan,Murphy,rowan.murphy636@mail.example,School Program,Smoky Mountains,Knoxville,TN,2025-12-12T00:00:00,B2B Account
C000637,Sawyer,Murphy,sawyer.murphy637@mail.example,School Program,Appalachian,Roanoke,VA,2024-10-12T00:00:00,Silver
C000638,Harper,Powell,harper.powell638@mail.example,Corporate,Blue Ridge,Asheville,NC,2025-01-05T00:00:00,Platinum
C000639,Skyler,Foster,skyler.foster639@mail.example,Retail,Piedmont,Columbia,SC,2025-06-25T00:00:00,Silver
C000640,Cameron,Murphy,cameron.murphy640@mail.example,Guide Service,Smoky Mountains,Knoxville,TN,2024-04-26T00:00:00,Silver
C000641,Avery,Foster,avery.foster641@mail.example,Loyalty,Piedmont,Columbia,SC,2024-02-06T00:00:00,Platinum
C000642,Cameron,Morgan,cameron.morgan642@mail.example,Retail,Blue Ridge,Asheville,NC,2025-06-06T00:00:00,Silver
C000643,Drew,Collins,drew.collins643@mail.example,Retail,Piedmont,Columbia,SC,2024-03-17T00:00:00,Bronze
C000644,Skyler,Bennett,skyler.bennett644@mail.example,Guide Service,Smoky Mountains,Knoxville,TN,2024-04-26T00:00:00,Silver
C000645,Parker,Wood,parker.wood645@mail.example,Reseller,Piedmont,Charlotte,NC,2025-10-23T00:00:00,Platinum
C000646,Logan,Reed,logan.reed646@mail.example,Corporate,Appalachian,Boone,NC,2024-08-10T00:00:00,Platinum
C000647,Logan,Bennett,logan.bennett647@mail.example,Guide Service,Piedmont,Greenville,SC,2024-04-12T00:00:00,B2B Account
C000648,Dakota,Bennett,dakota.bennett648@mail.example,Loyalty,Appalachian,Johnson City,TN,2024-05-17T00:00:00,Gold
C000649,Drew,Powell,drew.powell649@mail.example,Loyalty,Foothills,Greenville,SC,2025-09-28T00:00:00,Gold
C000650,Jordan,Powell,jordan.powell650@mail.example,Reseller,Foothills,Hickory,NC,2025-09-23T00:00:00,Gold
C000651,Sawyer,Wood,sawyer.wood651@mail.example,School Program,Appalachian,Johnson City,TN,2024-12-14T00:00:00,Silver
C000652,Reese,Bennett,reese.bennett652@mail.example,School Program,Foothills,Hickory,NC,2025-02-14T00:00:00,Silver
C000653,Dakota,Bell,dakota.bell653@mail.example,Reseller,Coastal,Charleston,SC,2025-02-04T00:00:00,Platinum
C000654,Rowan,Hayes,rowan.hayes654@mail.example,Reseller,Piedmont,Columbia,SC,2025-10-02T00:00:00,Silver
C000655,Jordan,Griffin,jordan.griffin655@mail.example,Loyalty,Piedmont,Greenville,SC,2025-10-01T00:00:00,Silver
C000656,Skyler,Murphy,skyler.murphy656@mail.example,Reseller,Smoky Mountains,Knoxville,TN,2025-05-23T00:00:00,Silver
C000657,Harper,Bailey,harper.bailey657@mail.example,School Program,Appalachian,Roanoke,VA,2025-02-06T00:00:00,Bronze
C000658,Morgan,Wood,morgan.wood658@mail.example,School Program,Appalachian,Roanoke,VA,2025-10-25T00:00:00,Silver
C000659,Morgan,Morgan,morgan.morgan659@mail.example,School Program,Appalachian,Roanoke,VA,2024-03-20T00:00:00,Silver
C000660,Parker,Reed,parker.reed660@mail.example,Corporate,Appalachian,Boone,NC,2024-10-03T00:00:00,Silver
C000661,Quinn,Reed,quinn.reed661@mail.example,Loyalty,Coastal,Charleston,SC,2024-08-20T00:00:00,Gold
C000662,Emerson,Griffin,emerson.griffin662@mail.example,Guide Service,Appalachian,Boone,NC,2025-12-18T00:00:00,Bronze
C000663,Morgan,Richardson,morgan.richardson663@mail.example,Guide Service,Piedmont,Hickory,NC,2025-06-06T00:00:00,Silver
C000664,Skyler,Murphy,skyler.murphy664@mail.example,Retail,Appalachian,Boone,NC,2025-01-24T00:00:00,Gold
C000665,Jordan,Hayes,jordan.hayes665@mail.example,Loyalty,Coastal,Charleston,SC,2025-04-05T00:00:00,Platinum
C000666,Reese,Reed,reese.reed666@mail.example,Reseller,Blue Ridge,Asheville,NC,2025-10-23T00:00:00,Gold
C000667,Finley,Bell,finley.bell667@mail.example,Reseller,Piedmont,Charlotte,NC,2024-03-07T00:00:00,Gold
C000668,Cameron,Carter,cameron.carter668@mail.example,Corporate,Coastal,Charleston,SC,2024-02-14T00:00:00,Platinum
C000669,Jordan,Carter,jordan.carter669@mail.example,Guide Service,Smoky Mountains,Knoxville,TN,2025-02-03T00:00:00,B2B Account
C000670,Riley,Murphy,riley.murphy670@mail.example,Retail,Smoky Mountains,Knoxville,TN,2024-08-25T00:00:00,Platinum
C000671,Riley,Reed,riley.reed671@mail.example,Retail,Appalachian,Boone,NC,2024-04-04T00:00:00,Bronze
C000672,Skyler,Bailey,skyler.bailey672@mail.example,Corporate,Coastal,Charleston,SC,2025-12-19T00:00:00,Bronze
C000673,Avery,Parker,avery.parker673@mail.example,Retail,Coastal,Charleston,SC,2025-10-02T00:00:00,Bronze
C000674,Avery,Hayes,avery.hayes674@mail.example,Corporate,Piedmont,Charlotte,NC,2024-12-22T00:00:00,Silver
C000675,Jamie,Brooks,jamie.brooks675@mail.example,Reseller,Appalachian,Boone,NC,2024-04-30T00:00:00,Platinum
C000676,Jordan,Reed,jordan.reed676@mail.example,Guide Service,Appalachian,Johnson City,TN,2025-09-26T00:00:00,Silver
C000677,Emerson,Wood,emerson.wood677@mail.example,Corporate,Foothills,Greenville,SC,2025-05-16T00:00:00,Silver
C000678,Parker,Murphy,parker.murphy678@mail.example,Retail,Piedmont,Columbia,SC,2025-09-16T00:00:00,Gold
C000679,Dakota,Bell,dakota.bell679@mail.example,Guide Service,Appalachian,Johnson City,TN,2024-05-02T00:00:00,Bronze
C000680,Morgan,Powell,morgan.powell680@mail.example,Guide Service,Appalachian,Johnson City,TN,2024-11-01T00:00:00,Bronze
C000681,Riley,Wood,riley.wood681@mail.example,Reseller,Blue Ridge,Asheville,NC,2025-02-20T00:00:00,Silver
C000682,Casey,Hayes,casey.hayes682@mail.example,School Program,Appalachian,Boone,NC,2025-09-19T00:00:00,Silver
C000683,Quinn,Bennett,quinn.bennett683@mail.example,Corporate,Smoky Mountains,Knoxville,TN,2024-04-06T00:00:00,Silver
C000684,Jamie,Bailey,jamie.bailey684@mail.example,Reseller,Foothills,Greenville,SC,2025-08-14T00:00:00,Gold
C000685,Taylor,Cooper,taylor.cooper685@mail.example,Reseller,Piedmont,Charlotte,NC,2025-01-02T00:00:00,Silver
C000686,Logan,Foster,logan.foster686@mail.example,Guide Service,Coastal,Charleston,SC,2024-03-02T00:00:00,Bronze
C000687,Jamie,Bell,jamie.bell687@mail.example,Reseller,Foothills,Greenville,SC,2025-01-03T00:00:00,Silver
C000688,Morgan,Morgan,morgan.morgan688@mail.example,Guide Service,Appalachian,Boone,NC,2024-12-09T00:00:00,B2B Account
C000689,Quinn,Griffin,quinn.griffin689@mail.example,Guide Service,Coastal,Charleston,SC,2025-11-12T00:00:00,Silver
C000690,Casey,Reed,casey.reed690@mail.example,Loyalty,Coastal,Charleston,SC,2024-09-25T00:00:00,Platinum
C000691,Parker,Turner,parker.turner691@mail.example,Retail,Appalachian,Boone,NC,2025-04-17T00:00:00,Gold
C000692,Finley,Bailey,finley.bailey692@mail.example,Loyalty,Piedmont,Columbia,SC,2025-02-27T00:00:00,Platinum
C000693,Skyler,Price,skyler.price693@mail.example,Guide Service,Appalachian,Johnson City,TN,2025-01-17T00:00:00,Bronze
C000694,Sawyer,Wood,sawyer.wood694@mail.example,Retail,Smoky Mountains,Johnson City,TN,2024-12-21T00:00:00,Platinum
C000695,Skyler,Foster,skyler.foster695@mail.example,School Program,Piedmont,Columbia,SC,2025-08-07T00:00:00,Silver
C000696,Rowan,Price,rowan.price696@mail.example,Corporate,Piedmont,Charlotte,NC,2024-06-08T00:00:00,Platinum
C000697,Finley,Morgan,finley.morgan697@mail.example,Corporate,Foothills,Hickory,NC,2024-04-10T00:00:00,Silver
C000698,Dakota,Brooks,dakota.brooks698@mail.example,Reseller,Piedmont,Greenville,SC,2024-09-01T00:00:00,Silver
C000699,Finley,Powell,finley.powell699@mail.example,Corporate,Foothills,Greenville,SC,2025-02-07T00:00:00,Bronze
C000700,Sawyer,Powell,sawyer.powell700@mail.example,Reseller,Appalachian,Johnson City,TN,2024-11-26T00:00:00,Platinum
C000701,Quinn,Turner,quinn.turner701@mail.example,Loyalty,Smoky Mountains,Knoxville,TN,2025-12-16T00:00:00,Bronze
C000702,Skyler,Cooper,skyler.cooper702@mail.example,Loyalty,Piedmont,Charlotte,NC,2024-10-06T00:00:00,Silver
C000703,Jamie,Morgan,jamie.morgan703@mail.example,Guide Service,Foothills,Knoxville,TN,2024-02-06T00:00:00,Silver
C000704,Rowan,Bailey,rowan.bailey704@mail.example,Retail,Coastal,Charleston,SC,2024-08-05T00:00:00,Gold
C000705,Morgan,Powell,morgan.powell705@mail.example,Reseller,Appalachian,Roanoke,VA,2025-07-14T00:00:00,Platinum
C000706,Sawyer,Griffin,sawyer.griffin706@mail.example,Guide Service,Appalachian,Roanoke,VA,2024-04-14T00:00:00,Silver
C000707,Logan,Turner,logan.turner707@mail.example,Guide Service,Blue Ridge,Asheville,NC,2024-05-17T00:00:00,Bronze
C000708,Avery,Morgan,avery.morgan708@mail.example,Reseller,Appalachian,Boone,NC,2025-09-25T00:00:00,Gold
C000709,Riley,Bennett,riley.bennett709@mail.example,Guide Service,Coastal,Charleston,SC,2025-02-15T00:00:00,Silver
C000710,Quinn,Hayes,quinn.hayes710@mail.example,Reseller,Piedmont,Charlotte,NC,2024-03-16T00:00:00,Silver
C000711,Rowan,Powell,rowan.powell711@mail.example,Guide Service,Appalachian,Johnson City,TN,2025-12-10T00:00:00,Silver
C000712,Jamie,Bailey,jamie.bailey712@mail.example,Reseller,Smoky Mountains,Knoxville,TN,2025-01-03T00:00:00,Bronze
C000713,Skyler,Carter,skyler.carter713@mail.example,Retail,Coastal,Charleston,SC,2025-07-14T00:00:00,Gold
C000714,Skyler,Foster,skyler.foster714@mail.example,Retail,Smoky Mountains,Knoxville,TN,2024-02-13T00:00:00,Bronze
C000715,Casey,Brooks,casey.brooks715@mail.example,Guide Service,Appalachian,Boone,NC,2024-02-11T00:00:00,Bronze
C000716,Skyler,Hayes,skyler.hayes716@mail.example,School Program,Coastal,Charleston,SC,2024-10-24T00:00:00,Silver
C000717,Parker,Carter,parker.carter717@mail.example,School Program,Appalachian,Roanoke,VA,2025-10-22T00:00:00,Bronze
C000718,Parker,Parker,parker.parker718@mail.example,Guide Service,Blue Ridge,Asheville,NC,2024-08-08T00:00:00,Silver
C000719,Skyler,Wood,skyler.wood719@mail.example,Corporate,Appalachian,Boone,NC,2025-06-16T00:00:00,Gold
C000720,Morgan,Cooper,morgan.cooper720@mail.example,Corporate,Appalachian,Roanoke,VA,2025-05-28T00:00:00,Platinum
C000721,Casey,Bailey,casey.bailey721@mail.example,Corporate,Smoky Mountains,Knoxville,TN,2025-06-09T00:00:00,Bronze
C000722,Rowan,Foster,rowan.foster722@mail.example,School Program,Piedmont,Charlotte,NC,2024-02-27T00:00:00,Silver
C000723,Dakota,Morgan,dakota.morgan723@mail.example,Retail,Piedmont,Greenville,SC,2024-07-14T00:00:00,Gold
C000724,Reese,Reed,reese.reed724@mail.example,School Program,Coastal,Charleston,SC,2025-12-22T00:00:00,Silver
C000725,Riley,Foster,riley.foster725@mail.example,Guide Service,Appalachian,Asheville,NC,2024-01-22T00:00:00,B2B Account
C000726,Sawyer,Bailey,sawyer.bailey726@mail.example,School Program,Blue Ridge,Boone,NC,2025-02-13T00:00:00,Bronze
C000727,Sawyer,Parker,sawyer.parker727@mail.example,Reseller,Appalachian,Roanoke,VA,2024-11-22T00:00:00,Bronze
C000728,Skyler,Richardson,skyler.richardson728@mail.example,School Program,Smoky Mountains,Knoxville,TN,2024-03-13T00:00:00,Bronze
C000729,Emerson,Reed,emerson.reed729@mail.example,Corporate,Appalachian,Boone,NC,2025-05-02T00:00:00,Silver
C000730,Sawyer,Griffin,sawyer.griffin730@mail.example,Guide Service,Smoky Mountains,Knoxville,TN,2025-10-04T00:00:00,Bronze
C000731,Jamie,Powell,jamie.powell731@mail.example,Retail,Blue Ridge,Asheville,NC,2025-12-23T00:00:00,Silver
C000732,Riley,Foster,riley.foster732@mail.example,Reseller,Smoky Mountains,Knoxville,TN,2024-11-20T00:00:00,Platinum
C000733,Jordan,Hayes,jordan.hayes733@mail.example,Loyalty,Piedmont,Columbia,SC,2025-05-07T00:00:00,Bronze
C000734,Reese,Brooks,reese.brooks734@mail.example,Guide Service,Blue Ridge,Asheville,NC,2025-02-24T00:00:00,Silver
C000735,Dakota,Foster,dakota.foster735@mail.example,School Program,Piedmont,Columbia,SC,2025-03-03T00:00:00,Silver
C000736,Riley,Parker,riley.parker736@mail.example,Guide Service,Coastal,Charleston,SC,2024-04-11T00:00:00,Bronze
C000737,Taylor,Foster,taylor.foster737@mail.example,Reseller,Blue Ridge,Asheville,NC,2024-07-04T00:00:00,Gold
C000738,Dakota,Griffin,dakota.griffin738@mail.example,Guide Service,Appalachian,Roanoke,VA,2024-07-24T00:00:00,Bronze
C000739,Sawyer,Bailey,sawyer.bailey739@mail.example,Reseller,Appalachian,Johnson City,TN,2025-12-09T00:00:00,Bronze
C000740,Riley,Richardson,riley.richardson740@mail.example,Corporate,Piedmont,Columbia,SC,2025-10-19T00:00:00,Silver
C000741,Rowan,Hayes,rowan.hayes741@mail.example,Reseller,Coastal,Charleston,SC,2025-11-16T00:00:00,Gold
C000742,Avery,Bennett,avery.bennett742@mail.example,Loyalty,Foothills,Knoxville,TN,2024-11-13T00:00:00,Bronze
C000743,Logan,Richardson,logan.richardson743@mail.example,Guide Service,Smoky Mountains,Knoxville,TN,2024-09-04T00:00:00,B2B Account
C000744,Dakota,Bell,dakota.bell744@mail.example,Guide Service,Foothills,Hickory,NC,2024-11-20T00:00:00,Bronze
C000745,Jordan,Cooper,jordan.cooper745@mail.example,School Program,Foothills,Hickory,NC,2025-08-17T00:00:00,Bronze
C000746,Dakota,Bennett,dakota.bennett746@mail.example,School Program,Appalachian,Asheville,NC,2025-03-18T00:00:00,Silver
C000747,Riley,Griffin,riley.griffin747@mail.example,Reseller,Blue Ridge,Roanoke,VA,2024-08-04T00:00:00,Gold
C000748,Emerson,Bennett,emerson.bennett748@mail.example,Reseller,Smoky Mountains,Knoxville,TN,2024-08-16T00:00:00,Silver
C000749,Parker,Bell,parker.bell749@mail.example,School Program,Coastal,Charleston,SC,2024-03-01T00:00:00,B2B Account
C000750,Morgan,Turner,morgan.turner750@mail.example,School Program,Appalachian,Johnson City,TN,2025-03-04T00:00:00,B2B Account
C000751,Casey,Foster,casey.foster751@mail.example,Guide Service,Coastal,Charleston,SC,2024-01-27T00:00:00,Bronze
C000752,Finley,Hayes,finley.hayes752@mail.example,School Program,Smoky Mountains,Johnson City,TN,2024-05-17T00:00:00,B2B Account
C000753,Jordan,Collins,jordan.collins753@mail.example,Corporate,Foothills,Hickory,NC,2024-04-12T00:00:00,Silver
C000754,Quinn,Foster,quinn.foster754@mail.example,Retail,Appalachian,Boone,NC,2025-11-06T00:00:00,Bronze
C000755,Finley,Brooks,finley.brooks755@mail.example,Loyalty,Foothills,Knoxville,TN,2024-11-01T00:00:00,Platinum
C000756,Quinn,Reed,quinn.reed756@mail.example,Loyalty,Foothills,Hickory,NC,2025-07-20T00:00:00,Platinum
C000757,Cameron,Bailey,cameron.bailey757@mail.example,Loyalty,Smoky Mountains,Knoxville,TN,2025-03-10T00:00:00,Silver
C000758,Logan,Carter,logan.carter758@mail.example,Corporate,Blue Ridge,Asheville,NC,2025-02-25T00:00:00,Silver
C000759,Parker,Murphy,parker.murphy759@mail.example,Guide Service,Blue Ridge,Asheville,NC,2025-11-30T00:00:00,Silver
C000760,Emerson,Murphy,emerson.murphy760@mail.example,Corporate,Appalachian,Johnson City,TN,2024-09-25T00:00:00,Bronze
C000761,Cameron,Sanders,cameron.sanders761@mail.example,Corporate,Piedmont,Columbia,SC,2025-08-07T00:00:00,Gold
C000762,Casey,Powell,casey.powell762@mail.example,Guide Service,Foothills,Hickory,NC,2025-07-26T00:00:00,Silver
C000763,Riley,Bailey,riley.bailey763@mail.example,Corporate,Smoky Mountains,Knoxville,TN,2024-08-16T00:00:00,Silver
C000764,Dakota,Parker,dakota.parker764@mail.example,Corporate,Smoky Mountains,Knoxville,TN,2025-09-11T00:00:00,Silver
C000765,Riley,Bell,riley.bell765@mail.example,School Program,Foothills,Hickory,NC,2025-09-18T00:00:00,Silver
C000766,Jordan,Price,jordan.price766@mail.example,Loyalty,Blue Ridge,Boone,NC,2025-07-08T00:00:00,Bronze
C000767,Cameron,Griffin,cameron.griffin767@mail.example,School Program,Appalachian,Johnson City,TN,2025-10-06T00:00:00,B2B Account
C000768,Skyler,Carter,skyler.carter768@mail.example,Guide Service,Appalachian,Roanoke,VA,2024-01-14T00:00:00,Bronze
C000769,Drew,Cooper,drew.cooper769@mail.example,Retail,Coastal,Charleston,SC,2025-05-05T00:00:00,Silver
C000770,Cameron,Parker,cameron.parker770@mail.example,Reseller,Piedmont,Greenville,SC,2025-07-07T00:00:00,Bronze
C000771,Dakota,Bell,dakota.bell771@mail.example,Corporate,Foothills,Hickory,NC,2025-04-04T00:00:00,Platinum
C000772,Riley,Murphy,riley.murphy772@mail.example,Loyalty,Coastal,Charleston,SC,2025-02-13T00:00:00,Gold
C000773,Sawyer,Reed,sawyer.reed773@mail.example,Guide Service,Appalachian,Johnson City,TN,2025-07-15T00:00:00,Silver
C000774,Quinn,Turner,quinn.turner774@mail.example,Corporate,Piedmont,Columbia,SC,2025-07-25T00:00:00,Bronze
C000775,Avery,Foster,avery.foster775@mail.example,School Program,Appalachian,Roanoke,VA,2025-12-02T00:00:00,Silver
C000776,Quinn,Parker,quinn.parker776@mail.example,Retail,Foothills,Greenville,SC,2024-09-22T00:00:00,Silver
C000777,Emerson,Price,emerson.price777@mail.example,Retail,Foothills,Knoxville,TN,2025-05-23T00:00:00,Silver
C000778,Parker,Cooper,parker.cooper778@mail.example,Loyalty,Smoky Mountains,Johnson City,TN,2024-01-15T00:00:00,Gold
C000779,Avery,Bailey,avery.bailey779@mail.example,Corporate,Piedmont,Charlotte,NC,2024-07-25T00:00:00,Gold
C000780,Dakota,Wood,dakota.wood780@mail.example,Retail,Appalachian,Boone,NC,2024-01-08T00:00:00,Bronze
C000781,Jordan,Murphy,jordan.murphy781@mail.example,Retail,Piedmont,Hickory,NC,2025-08-04T00:00:00,Gold
C000782,Cameron,Murphy,cameron.murphy782@mail.example,School Program,Foothills,Greenville,SC,2024-07-05T00:00:00,Silver
C000783,Finley,Brooks,finley.brooks783@mail.example,Corporate,Appalachian,Johnson City,TN,2024-07-16T00:00:00,Silver
C000784,Rowan,Cooper,rowan.cooper784@mail.example,Corporate,Smoky Mountains,Knoxville,TN,2024-04-29T00:00:00,Gold
C000785,Emerson,Collins,emerson.collins785@mail.example,Guide Service,Appalachian,Johnson City,TN,2025-10-22T00:00:00,Silver
C000786,Jamie,Price,jamie.price786@mail.example,School Program,Piedmont,Columbia,SC,2024-12-02T00:00:00,Bronze
C000787,Quinn,Sanders,quinn.sanders787@mail.example,Corporate,Piedmont,Columbia,SC,2025-10-20T00:00:00,Gold
C000788,Jamie,Murphy,jamie.murphy788@mail.example,Reseller,Appalachian,Boone,NC,2025-09-22T00:00:00,Bronze
C000789,Logan,Price,logan.price789@mail.example,Corporate,Foothills,Hickory,NC,2025-12-16T00:00:00,Platinum
C000790,Taylor,Griffin,taylor.griffin790@mail.example,School Program,Appalachian,Johnson City,TN,2025-03-17T00:00:00,Bronze
C000791,Skyler,Parker,skyler.parker791@mail.example,Retail,Piedmont,Charlotte,NC,2024-05-16T00:00:00,Gold
C000792,Harper,Morgan,harper.morgan792@mail.example,Reseller,Appalachian,Roanoke,VA,2024-03-05T00:00:00,Bronze
C000793,Taylor,Price,taylor.price793@mail.example,School Program,Piedmont,Hickory,NC,2025-06-27T00:00:00,Bronze
C000794,Skyler,Collins,skyler.collins794@mail.example,Reseller,Smoky Mountains,Johnson City,TN,2025-07-20T00:00:00,Bronze
C000795,Harper,Parker,harper.parker795@mail.example,Retail,Appalachian,Johnson City,TN,2025-11-25T00:00:00,Bronze
C000796,Emerson,Brooks,emerson.brooks796@mail.example,Reseller,Foothills,Greenville,SC,2025-02-13T00:00:00,Bronze
C000797,Sawyer,Morgan,sawyer.morgan797@mail.example,Loyalty,Smoky Mountains,Knoxville,TN,2025-06-02T00:00:00,Silver
C000798,Reese,Bailey,reese.bailey798@mail.example,Guide Service,Piedmont,Hickory,NC,2024-01-05T00:00:00,Silver
C000799,Dakota,Collins,dakota.collins799@mail.example,Retail,Appalachian,Boone,NC,2025-06-26T00:00:00,Bronze
C000800,Jamie,Foster,jamie.foster800@mail.example,Loyalty,Piedmont,Charlotte,NC,2024-10-08T00:00:00,Gold
C000801,Quinn,Griffin,quinn.griffin801@mail.example,Reseller,Piedmont,Charlotte,NC,2024-09-30T00:00:00,Silver
C000802,Drew,Griffin,drew.griffin802@mail.example,Loyalty,Coastal,Charleston,SC,2025-01-25T00:00:00,Bronze
C000803,Skyler,Collins,skyler.collins803@mail.example,Guide Service,Appalachian,Roanoke,VA,2025-05-18T00:00:00,Silver
C000804,Quinn,Bell,quinn.bell804@mail.example,Reseller,Coastal,Charleston,SC,2025-06-13T00:00:00,Silver
C000805,Avery,Reed,avery.reed805@mail.example,Reseller,Piedmont,Columbia,SC,2024-06-12T00:00:00,Platinum
C000806,Avery,Foster,avery.foster806@mail.example,School Program,Appalachian,Roanoke,VA,2024-01-22T00:00:00,Bronze
C000807,Casey,Cooper,casey.cooper807@mail.example,Corporate,Appalachian,Roanoke,VA,2024-04-21T00:00:00,Bronze
C000808,Emerson,Price,emerson.price808@mail.example,Retail,Blue Ridge,Asheville,NC,2024-02-09T00:00:00,Gold
C000809,Logan,Bailey,logan.bailey809@mail.example,Guide Service,Foothills,Hickory,NC,2024-02-23T00:00:00,B2B Account
C000810,Parker,Turner,parker.turner810@mail.example,Retail,Foothills,Hickory,NC,2024-05-04T00:00:00,Platinum
C000811,Emerson,Cooper,emerson.cooper811@mail.example,Guide Service,Coastal,Charleston,SC,2025-11-06T00:00:00,Silver
C000812,Skyler,Wood,skyler.wood812@mail.example,Loyalty,Foothills,Hickory,NC,2024-06-02T00:00:00,Bronze
C000813,Reese,Brooks,reese.brooks813@mail.example,Guide Service,Piedmont,Columbia,SC,2024-12-02T00:00:00,Bronze
C000814,Logan,Cooper,logan.cooper814@mail.example,Loyalty,Piedmont,Columbia,SC,2025-07-19T00:00:00,Gold
C000815,Harper,Bennett,harper.bennett815@mail.example,Guide Service,Appalachian,Roanoke,VA,2024-08-30T00:00:00,Silver
C000816,Drew,Sanders,drew.sanders816@mail.example,Guide Service,Piedmont,Columbia,SC,2025-07-09T00:00:00,Bronze
C000817,Riley,Brooks,riley.brooks817@mail.example,Retail,Foothills,Hickory,NC,2024-08-19T00:00:00,Silver
C000818,Skyler,Bailey,skyler.bailey818@mail.example,Corporate,Blue Ridge,Asheville,NC,2025-01-06T00:00:00,Silver
C000819,Taylor,Wood,taylor.wood819@mail.example,Reseller,Piedmont,Charlotte,NC,2025-04-20T00:00:00,Platinum
C000820,Reese,Reed,reese.reed820@mail.example,Guide Service,Foothills,Hickory,NC,2025-08-26T00:00:00,Bronze
C000821,Drew,Griffin,drew.griffin821@mail.example,Guide Service,Piedmont,Columbia,SC,2024-06-13T00:00:00,Silver
C000822,Dakota,Wood,dakota.wood822@mail.example,Retail,Smoky Mountains,Knoxville,TN,2025-06-19T00:00:00,Bronze
C000823,Cameron,Collins,cameron.collins823@mail.example,Loyalty,Blue Ridge,Asheville,NC,2024-08-04T00:00:00,Bronze
C000824,Dakota,Carter,dakota.carter824@mail.example,Retail,Blue Ridge,Boone,NC,2024-04-29T00:00:00,Bronze
C000825,Sawyer,Griffin,sawyer.griffin825@mail.example,Loyalty,Piedmont,Columbia,SC,2025-04-11T00:00:00,Silver
C000826,Rowan,Bennett,rowan.bennett826@mail.example,Retail,Appalachian,Johnson City,TN,2024-02-24T00:00:00,Gold
C000827,Quinn,Powell,quinn.powell827@mail.example,Loyalty,Foothills,Greenville,SC,2024-10-22T00:00:00,Silver
C000828,Dakota,Brooks,dakota.brooks828@mail.example,Corporate,Coastal,Charleston,SC,2025-11-11T00:00:00,Gold
C000829,Finley,Bell,finley.bell829@mail.example,Retail,Blue Ridge,Asheville,NC,2024-08-21T00:00:00,Bronze
C000830,Parker,Wood,parker.wood830@mail.example,Loyalty,Foothills,Knoxville,TN,2024-12-26T00:00:00,Gold
C000831,Riley,Bennett,riley.bennett831@mail.example,Loyalty,Coastal,Charleston,SC,2024-04-22T00:00:00,Bronze
C000832,Quinn,Cooper,quinn.cooper832@mail.example,School Program,Appalachian,Boone,NC,2024-05-12T00:00:00,B2B Account
C000833,Emerson,Bailey,emerson.bailey833@mail.example,Corporate,Piedmont,Columbia,SC,2025-04-16T00:00:00,Gold
C000834,Skyler,Bennett,skyler.bennett834@mail.example,Corporate,Foothills,Hickory,NC,2025-02-27T00:00:00,Silver
C000835,Casey,Reed,casey.reed835@mail.example,Loyalty,Foothills,Hickory,NC,2025-04-10T00:00:00,Silver
C000836,Taylor,Reed,taylor.reed836@mail.example,Corporate,Smoky Mountains,Knoxville,TN,2024-05-19T00:00:00,Gold
C000837,Skyler,Carter,skyler.carter837@mail.example,Reseller,Appalachian,Johnson City,TN,2024-04-20T00:00:00,Gold
C000838,Finley,Bennett,finley.bennett838@mail.example,School Program,Blue Ridge,Asheville,NC,2025-11-10T00:00:00,B2B Account
C000839,Cameron,Powell,cameron.powell839@mail.example,Loyalty,Smoky Mountains,Knoxville,TN,2025-02-23T00:00:00,Bronze
C000840,Avery,Turner,avery.turner840@mail.example,Corporate,Blue Ridge,Boone,NC,2025-02-19T00:00:00,Platinum
C000841,Drew,Griffin,drew.griffin841@mail.example,Guide Service,Appalachian,Roanoke,VA,2024-02-19T00:00:00,Bronze
C000842,Casey,Bailey,casey.bailey842@mail.example,Reseller,Blue Ridge,Asheville,NC,2025-02-03T00:00:00,Silver
C000843,Jamie,Griffin,jamie.griffin843@mail.example,Corporate,Foothills,Hickory,NC,2024-08-30T00:00:00,Platinum
C000844,Jordan,Sanders,jordan.sanders844@mail.example,Loyalty,Piedmont,Charlotte,NC,2025-08-14T00:00:00,Silver
C000845,Parker,Sanders,parker.sanders845@mail.example,Loyalty,Coastal,Charleston,SC,2025-05-07T00:00:00,Silver
C000846,Reese,Richardson,reese.richardson846@mail.example,Loyalty,Piedmont,Columbia,SC,2025-03-25T00:00:00,Platinum
C000847,Sawyer,Wood,sawyer.wood847@mail.example,Guide Service,Appalachian,Boone,NC,2025-08-03T00:00:00,Silver
C000848,Jordan,Bell,jordan.bell848@mail.example,School Program,Piedmont,Columbia,SC,2024-02-21T00:00:00,Silver
C000849,Sawyer,Powell,sawyer.powell849@mail.example,Corporate,Appalachian,Roanoke,VA,2025-09-26T00:00:00,Platinum
C000850,Dakota,Griffin,dakota.griffin850@mail.example,Reseller,Foothills,Hickory,NC,2024-11-18T00:00:00,Bronze
C000851,Jordan,Hayes,jordan.hayes851@mail.example,Loyalty,Coastal,Charleston,SC,2024-07-13T00:00:00,Gold
C000852,Quinn,Bailey,quinn.bailey852@mail.example,Reseller,Foothills,Hickory,NC,2024-07-13T00:00:00,Bronze
C000853,Skyler,Brooks,skyler.brooks853@mail.example,Guide Service,Coastal,Charleston,SC,2025-06-08T00:00:00,B2B Account
C000854,Reese,Morgan,reese.morgan854@mail.example,Retail,Smoky Mountains,Knoxville,TN,2024-03-04T00:00:00,Bronze
C000855,Cameron,Morgan,cameron.morgan855@mail.example,Retail,Piedmont,Greenville,SC,2025-10-16T00:00:00,Silver
C000856,Finley,Foster,finley.foster856@mail.example,Guide Service,Blue Ridge,Boone,NC,2024-04-18T00:00:00,Silver
C000857,Reese,Hayes,reese.hayes857@mail.example,Corporate,Appalachian,Boone,NC,2024-09-15T00:00:00,Platinum
C000858,Cameron,Murphy,cameron.murphy858@mail.example,Loyalty,Appalachian,Roanoke,VA,2024-04-30T00:00:00,Gold
C000859,Sawyer,Richardson,sawyer.richardson859@mail.example,Retail,Foothills,Greenville,SC,2025-09-06T00:00:00,Bronze
C000860,Skyler,Foster,skyler.foster860@mail.example,Loyalty,Piedmont,Charlotte,NC,2025-11-23T00:00:00,Silver
C000861,Quinn,Turner,quinn.turner861@mail.example,School Program,Blue Ridge,Roanoke,VA,2025-12-03T00:00:00,Bronze
C000862,Finley,Wood,finley.wood862@mail.example,Loyalty,Coastal,Charleston,SC,2024-11-16T00:00:00,Bronze
C000863,Sawyer,Price,sawyer.price863@mail.example,Loyalty,Appalachian,Johnson City,TN,2024-02-06T00:00:00,Gold
C000864,Skyler,Cooper,skyler.cooper864@mail.example,School Program,Appalachian,Asheville,NC,2025-10-24T00:00:00,B2B Account
C000865,Quinn,Brooks,quinn.brooks865@mail.example,Corporate,Piedmont,Columbia,SC,2024-03-31T00:00:00,Platinum
C000866,Emerson,Parker,emerson.parker866@mail.example,School Program,Piedmont,Charlotte,NC,2025-04-01T00:00:00,Bronze
C000867,Rowan,Richardson,rowan.richardson867@mail.example,Loyalty,Blue Ridge,Asheville,NC,2025-03-19T00:00:00,Platinum
C000868,Casey,Wood,casey.wood868@mail.example,Loyalty,Coastal,Charleston,SC,2025-11-27T00:00:00,Bronze
C000869,Sawyer,Turner,sawyer.turner869@mail.example,Reseller,Piedmont,Columbia,SC,2025-08-09T00:00:00,Silver
C000870,Parker,Murphy,parker.murphy870@mail.example,Retail,Foothills,Hickory,NC,2024-06-17T00:00:00,Bronze
C000871,Cameron,Bell,cameron.bell871@mail.example,Loyalty,Smoky Mountains,Knoxville,TN,2024-03-01T00:00:00,Silver
C000872,Sawyer,Richardson,sawyer.richardson872@mail.example,Guide Service,Appalachian,Roanoke,VA,2024-05-18T00:00:00,Bronze
C000873,Reese,Foster,reese.foster873@mail.example,Retail,Foothills,Hickory,NC,2025-09-26T00:00:00,Gold
C000874,Skyler,Powell,skyler.powell874@mail.example,Corporate,Piedmont,Columbia,SC,2025-03-08T00:00:00,Gold
C000875,Dakota,Price,dakota.price875@mail.example,School Program,Blue Ridge,Roanoke,VA,2025-09-14T00:00:00,Silver
C000876,Logan,Reed,logan.reed876@mail.example,Reseller,Appalachian,Boone,NC,2025-07-19T00:00:00,Gold
C000877,Jordan,Richardson,jordan.richardson877@mail.example,Retail,Appalachian,Roanoke,VA,2024-06-05T00:00:00,Gold
C000878,Cameron,Hayes,cameron.hayes878@mail.example,Loyalty,Smoky Mountains,Johnson City,TN,2025-01-17T00:00:00,Platinum
C000879,Finley,Price,finley.price879@mail.example,Guide Service,Appalachian,Boone,NC,2025-06-12T00:00:00,Silver
C000880,Morgan,Parker,morgan.parker880@mail.example,Guide Service,Foothills,Hickory,NC,2024-08-05T00:00:00,Bronze
C000881,Emerson,Cooper,emerson.cooper881@mail.example,Retail,Piedmont,Charlotte,NC,2024-12-22T00:00:00,Silver
C000882,Emerson,Hayes,emerson.hayes882@mail.example,Retail,Piedmont,Columbia,SC,2025-12-20T00:00:00,Gold
C000883,Taylor,Bell,taylor.bell883@mail.example,Guide Service,Appalachian,Roanoke,VA,2025-07-14T00:00:00,Bronze
C000884,Finley,Bailey,finley.bailey884@mail.example,Reseller,Appalachian,Asheville,NC,2024-02-21T00:00:00,Gold
C000885,Emerson,Price,emerson.price885@mail.example,Reseller,Coastal,Charleston,SC,2024-07-09T00:00:00,Silver
C000886,Jordan,Reed,jordan.reed886@mail.example,Guide Service,Piedmont,Columbia,SC,2025-11-06T00:00:00,Bronze
C000887,Sawyer,Price,sawyer.price887@mail.example,Loyalty,Coastal,Charleston,SC,2024-10-08T00:00:00,Gold
C000888,Rowan,Morgan,rowan.morgan888@mail.example,Corporate,Appalachian,Roanoke,VA,2024-11-26T00:00:00,Silver
C000889,Emerson,Carter,emerson.carter889@mail.example,Guide Service,Blue Ridge,Asheville,NC,2024-02-05T00:00:00,B2B Account
C000890,Sawyer,Sanders,sawyer.sanders890@mail.example,Guide Service,Piedmont,Charlotte,NC,2024-04-26T00:00:00,Silver
C000891,Jamie,Hayes,jamie.hayes891@mail.example,Loyalty,Blue Ridge,Asheville,NC,2025-12-23T00:00:00,Platinum
C000892,Casey,Wood,casey.wood892@mail.example,Retail,Blue Ridge,Asheville,NC,2025-11-15T00:00:00,Bronze
C000893,Finley,Bailey,finley.bailey893@mail.example,Guide Service,Appalachian,Boone,NC,2024-09-19T00:00:00,Silver
C000894,Cameron,Bennett,cameron.bennett894@mail.example,Loyalty,Appalachian,Asheville,NC,2025-07-14T00:00:00,Bronze
C000895,Rowan,Richardson,rowan.richardson895@mail.example,Corporate,Blue Ridge,Asheville,NC,2025-01-07T00:00:00,Platinum
C000896,Cameron,Price,cameron.price896@mail.example,Retail,Appalachian,Johnson City,TN,2024-03-01T00:00:00,Platinum
C000897,Avery,Bell,avery.bell897@mail.example,Loyalty,Foothills,Greenville,SC,2024-04-10T00:00:00,Platinum
C000898,Morgan,Cooper,morgan.cooper898@mail.example,Retail,Foothills,Hickory,NC,2024-05-22T00:00:00,Bronze
C000899,Sawyer,Price,sawyer.price899@mail.example,Retail,Appalachian,Roanoke,VA,2025-11-28T00:00:00,Silver
C000900,Logan,Reed,logan.reed900@mail.example,Loyalty,Foothills,Hickory,NC,2024-12-16T00:00:00,Silver
C000901,Riley,Price,riley.price901@mail.example,Corporate,Blue Ridge,Boone,NC,2025-01-28T00:00:00,Platinum
C000902,Jordan,Hayes,jordan.hayes902@mail.example,Corporate,Blue Ridge,Asheville,NC,2025-06-20T00:00:00,Bronze
C000903,Emerson,Reed,emerson.reed903@mail.example,Reseller,Blue Ridge,Boone,NC,2025-04-29T00:00:00,Silver
C000904,Reese,Parker,reese.parker904@mail.example,Corporate,Appalachian,Roanoke,VA,2024-02-14T00:00:00,Gold
C000905,Avery,Price,avery.price905@mail.example,Loyalty,Appalachian,Johnson City,TN,2024-10-31T00:00:00,Silver
C000906,Reese,Murphy,reese.murphy906@mail.example,Corporate,Foothills,Greenville,SC,2024-04-04T00:00:00,Silver
C000907,Dakota,Powell,dakota.powell907@mail.example,Retail,Appalachian,Boone,NC,2024-02-25T00:00:00,Silver
C000908,Casey,Parker,casey.parker908@mail.example,Loyalty,Piedmont,Charlotte,NC,2025-11-22T00:00:00,Platinum
C000909,Riley,Carter,riley.carter909@mail.example,Reseller,Piedmont,Charlotte,NC,2025-07-27T00:00:00,Silver
C000910,Parker,Foster,parker.foster910@mail.example,School Program,Appalachian,Johnson City,TN,2024-03-24T00:00:00,B2B Account
C000911,Cameron,Powell,cameron.powell911@mail.example,School Program,Appalachian,Johnson City,TN,2025-03-08T00:00:00,Silver
C000912,Jamie,Brooks,jamie.brooks912@mail.example,School Program,Foothills,Knoxville,TN,2025-04-06T00:00:00,Bronze
C000913,Cameron,Richardson,cameron.richardson913@mail.example,Loyalty,Appalachian,Johnson City,TN,2024-12-17T00:00:00,Silver
C000914,Dakota,Collins,dakota.collins914@mail.example,Retail,Smoky Mountains,Knoxville,TN,2025-09-22T00:00:00,Gold
C000915,Jamie,Foster,jamie.foster915@mail.example,Guide Service,Foothills,Hickory,NC,2025-09-09T00:00:00,Bronze
C000916,Quinn,Sanders,quinn.sanders916@mail.example,Reseller,Blue Ridge,Asheville,NC,2025-02-08T00:00:00,Silver
C000917,Cameron,Hayes,cameron.hayes917@mail.example,School Program,Foothills,Hickory,NC,2025-09-25T00:00:00,Silver
C000918,Skyler,Griffin,skyler.griffin918@mail.example,Loyalty,Piedmont,Columbia,SC,2025-06-27T00:00:00,Bronze
C000919,Avery,Powell,avery.powell919@mail.example,School Program,Smoky Mountains,Knoxville,TN,2025-07-26T00:00:00,Bronze
C000920,Riley,Wood,riley.wood920@mail.example,Corporate,Blue Ridge,Asheville,NC,2025-10-14T00:00:00,Gold
C000921,Parker,Turner,parker.turner921@mail.example,Retail,Appalachian,Boone,NC,2025-06-22T00:00:00,Gold
C000922,Skyler,Hayes,skyler.hayes922@mail.example,Guide Service,Smoky Mountains,Johnson City,TN,2024-03-03T00:00:00,Bronze
C000923,Cameron,Griffin,cameron.griffin923@mail.example,Reseller,Appalachian,Boone,NC,2024-02-06T00:00:00,Gold
C000924,Riley,Hayes,riley.hayes924@mail.example,Corporate,Appalachian,Asheville,NC,2024-05-15T00:00:00,Silver
C000925,Sawyer,Reed,sawyer.reed925@mail.example,Reseller,Smoky Mountains,Knoxville,TN,2024-07-14T00:00:00,Gold
C000926,Casey,Griffin,casey.griffin926@mail.example,Corporate,Smoky Mountains,Knoxville,TN,2024-01-10T00:00:00,Platinum
C000927,Riley,Richardson,riley.richardson927@mail.example,Guide Service,Appalachian,Johnson City,TN,2024-10-03T00:00:00,Bronze
C000928,Riley,Powell,riley.powell928@mail.example,Reseller,Foothills,Hickory,NC,2024-10-02T00:00:00,Bronze
C000929,Rowan,Hayes,rowan.hayes929@mail.example,Retail,Appalachian,Roanoke,VA,2025-06-23T00:00:00,Bronze
C000930,Taylor,Parker,taylor.parker930@mail.example,School Program,Appalachian,Boone,NC,2024-03-19T00:00:00,Silver
C000931,Reese,Murphy,reese.murphy931@mail.example,School Program,Appalachian,Roanoke,VA,2025-06-18T00:00:00,Silver
C000932,Quinn,Reed,quinn.reed932@mail.example,Guide Service,Foothills,Hickory,NC,2024-11-08T00:00:00,Silver
C000933,Riley,Cooper,riley.cooper933@mail.example,Corporate,Appalachian,Boone,NC,2024-04-10T00:00:00,Gold
C000934,Logan,Murphy,logan.murphy934@mail.example,Reseller,Blue Ridge,Asheville,NC,2024-06-30T00:00:00,Gold
C000935,Skyler,Richardson,skyler.richardson935@mail.example,Retail,Coastal,Charleston,SC,2025-03-12T00:00:00,Gold
C000936,Quinn,Carter,quinn.carter936@mail.example,Loyalty,Coastal,Charleston,SC,2025-06-27T00:00:00,Bronze
C000937,Morgan,Parker,morgan.parker937@mail.example,Loyalty,Smoky Mountains,Knoxville,TN,2024-05-21T00:00:00,Gold
C000938,Finley,Murphy,finley.murphy938@mail.example,Retail,Piedmont,Greenville,SC,2025-09-17T00:00:00,Bronze
C000939,Taylor,Parker,taylor.parker939@mail.example,Loyalty,Piedmont,Greenville,SC,2024-11-20T00:00:00,Silver
C000940,Skyler,Collins,skyler.collins940@mail.example,Retail,Piedmont,Columbia,SC,2024-12-22T00:00:00,Gold
C000941,Casey,Collins,casey.collins941@mail.example,Corporate,Foothills,Knoxville,TN,2025-01-23T00:00:00,Platinum
C000942,Harper,Hayes,harper.hayes942@mail.example,School Program,Appalachian,Johnson City,TN,2025-11-08T00:00:00,Bronze
C000943,Emerson,Cooper,emerson.cooper943@mail.example,Reseller,Foothills,Knoxville,TN,2024-07-10T00:00:00,Gold
C000944,Casey,Bennett,casey.bennett944@mail.example,Corporate,Appalachian,Boone,NC,2025-12-12T00:00:00,Gold
C000945,Jamie,Hayes,jamie.hayes945@mail.example,School Program,Piedmont,Charlotte,NC,2025-11-04T00:00:00,Bronze
C000946,Emerson,Cooper,emerson.cooper946@mail.example,Reseller,Coastal,Charleston,SC,2025-04-28T00:00:00,Bronze
C000947,Jamie,Bell,jamie.bell947@mail.example,Retail,Foothills,Knoxville,TN,2024-09-18T00:00:00,Bronze
C000948,Jordan,Collins,jordan.collins948@mail.example,School Program,Smoky Mountains,Knoxville,TN,2024-01-13T00:00:00,Silver
C000949,Parker,Reed,parker.reed949@mail.example,School Program,Foothills,Knoxville,TN,2025-05-10T00:00:00,Silver
C000950,Skyler,Griffin,skyler.griffin950@mail.example,Reseller,Piedmont,Hickory,NC,2024-04-10T00:00:00,Bronze
C000951,Reese,Powell,reese.powell951@mail.example,Corporate,Smoky Mountains,Knoxville,TN,2025-10-24T00:00:00,Gold
C000952,Dakota,Collins,dakota.collins952@mail.example,Reseller,Blue Ridge,Roanoke,VA,2024-03-15T00:00:00,Bronze
C000953,Cameron,Richardson,cameron.richardson953@mail.example,Loyalty,Piedmont,Greenville,SC,2025-11-14T00:00:00,Platinum
C000954,Jordan,Brooks,jordan.brooks954@mail.example,School Program,Piedmont,Columbia,SC,2025-05-28T00:00:00,Bronze
C000955,Reese,Reed,reese.reed955@mail.example,Loyalty,Coastal,Charleston,SC,2024-08-16T00:00:00,Silver
C000956,Parker,Morgan,parker.morgan956@mail.example,Reseller,Piedmont,Columbia,SC,2024-01-01T00:00:00,Gold
C000957,Quinn,Wood,quinn.wood957@mail.example,Corporate,Foothills,Hickory,NC,2025-11-17T00:00:00,Gold
C000958,Sawyer,Brooks,sawyer.brooks958@mail.example,Corporate,Appalachian,Johnson City,TN,2024-05-27T00:00:00,Bronze
C000959,Reese,Griffin,reese.griffin959@mail.example,Corporate,Appalachian,Boone,NC,2025-06-23T00:00:00,Gold
C000960,Parker,Foster,parker.foster960@mail.example,Retail,Piedmont,Columbia,SC,2024-02-27T00:00:00,Platinum
C000961,Casey,Brooks,casey.brooks961@mail.example,Retail,Foothills,Greenville,SC,2024-05-17T00:00:00,Platinum
C000962,Rowan,Foster,rowan.foster962@mail.example,Guide Service,Smoky Mountains,Knoxville,TN,2024-07-20T00:00:00,Silver
C000963,Logan,Richardson,logan.richardson963@mail.example,Loyalty,Piedmont,Columbia,SC,2024-11-17T00:00:00,Gold
C000964,Cameron,Hayes,cameron.hayes964@mail.example,School Program,Appalachian,Asheville,NC,2025-09-24T00:00:00,Silver
C000965,Sawyer,Richardson,sawyer.richardson965@mail.example,Reseller,Appalachian,Roanoke,VA,2025-06-28T00:00:00,Gold
C000966,Emerson,Carter,emerson.carter966@mail.example,Loyalty,Foothills,Hickory,NC,2024-12-01T00:00:00,Platinum
C000967,Riley,Powell,riley.powell967@mail.example,Loyalty,Coastal,Charleston,SC,2025-09-21T00:00:00,Bronze
C000968,Riley,Brooks,riley.brooks968@mail.example,Guide Service,Piedmont,Hickory,NC,2025-11-15T00:00:00,Silver
C000969,Drew,Turner,drew.turner969@mail.example,School Program,Coastal,Charleston,SC,2025-03-01T00:00:00,Silver
C000970,Dakota,Collins,dakota.collins970@mail.example,Reseller,Coastal,Charleston,SC,2024-11-10T00:00:00,Bronze
C000971,Riley,Sanders,riley.sanders971@mail.example,Retail,Foothills,Greenville,SC,2024-02-04T00:00:00,Platinum
C000972,Riley,Foster,riley.foster972@mail.example,Loyalty,Appalachian,Boone,NC,2024-09-23T00:00:00,Platinum
C000973,Harper,Griffin,harper.griffin973@mail.example,Loyalty,Piedmont,Charlotte,NC,2025-10-12T00:00:00,Silver
C000974,Reese,Powell,reese.powell974@mail.example,Reseller,Coastal,Charleston,SC,2024-06-28T00:00:00,Gold
C000975,Skyler,Turner,skyler.turner975@mail.example,Reseller,Piedmont,Columbia,SC,2025-11-25T00:00:00,Platinum
C000976,Riley,Turner,riley.turner976@mail.example,Reseller,Foothills,Greenville,SC,2024-10-22T00:00:00,Bronze
C000977,Jordan,Foster,jordan.foster977@mail.example,School Program,Piedmont,Charlotte,NC,2024-12-27T00:00:00,Silver
C000978,Finley,Powell,finley.powell978@mail.example,Loyalty,Piedmont,Columbia,SC,2024-04-05T00:00:00,Gold
C000979,Jamie,Collins,jamie.collins979@mail.example,Loyalty,Piedmont,Columbia,SC,2024-06-15T00:00:00,Bronze
C000980,Parker,Richardson,parker.richardson980@mail.example,Loyalty,Coastal,Charleston,SC,2025-12-05T00:00:00,Silver
C000981,Finley,Wood,finley.wood981@mail.example,School Program,Foothills,Greenville,SC,2024-12-29T00:00:00,Silver
C000982,Drew,Sanders,drew.sanders982@mail.example,Loyalty,Piedmont,Columbia,SC,2024-11-19T00:00:00,Platinum
C000983,Cameron,Sanders,cameron.sanders983@mail.example,Corporate,Smoky Mountains,Knoxville,TN,2024-02-22T00:00:00,Gold
C000984,Reese,Foster,reese.foster984@mail.example,Reseller,Appalachian,Boone,NC,2025-05-07T00:00:00,Silver
C000985,Morgan,Sanders,morgan.sanders985@mail.example,Loyalty,Appalachian,Johnson City,TN,2025-09-10T00:00:00,Platinum
C000986,Finley,Bailey,finley.bailey986@mail.example,School Program,Foothills,Hickory,NC,2024-06-06T00:00:00,B2B Account
C000987,Harper,Bell,harper.bell987@mail.example,Reseller,Coastal,Charleston,SC,2024-09-12T00:00:00,Gold
C000988,Riley,Collins,riley.collins988@mail.example,Retail,Coastal,Charleston,SC,2024-07-27T00:00:00,Silver
C000989,Reese,Wood,reese.wood989@mail.example,Reseller,Smoky Mountains,Knoxville,TN,2025-04-01T00:00:00,Platinum
C000990,Cameron,Cooper,cameron.cooper990@mail.example,Reseller,Appalachian,Boone,NC,2025-09-21T00:00:00,Platinum
C000991,Jordan,Bailey,jordan.bailey991@mail.example,School Program,Piedmont,Charlotte,NC,2025-04-03T00:00:00,Silver
C000992,Reese,Bennett,reese.bennett992@mail.example,Guide Service,Smoky Mountains,Knoxville,TN,2025-04-09T00:00:00,Bronze
C000993,Quinn,Brooks,quinn.brooks993@mail.example,Guide Service,Appalachian,Roanoke,VA,2024-05-21T00:00:00,Silver
C000994,Emerson,Brooks,emerson.brooks994@mail.example,Guide Service,Foothills,Hickory,NC,2025-03-02T00:00:00,Silver
C000995,Dakota,Sanders,dakota.sanders995@mail.example,School Program,Appalachian,Asheville,NC,2024-07-20T00:00:00,Silver
C000996,Emerson,Price,emerson.price996@mail.example,Reseller,Appalachian,Boone,NC,2024-12-17T00:00:00,Silver
C000997,Morgan,Griffin,morgan.griffin997@mail.example,School Program,Piedmont,Charlotte,NC,2024-05-29T00:00:00,Silver
C000998,Emerson,Powell,emerson.powell998@mail.example,Retail,Appalachian,Johnson City,TN,2024-02-12T00:00:00,Platinum
C000999,Skyler,Hayes,skyler.hayes999@mail.example,Retail,Smoky Mountains,Johnson City,TN,2025-04-19T00:00:00,Gold
C001000,Finley,Sanders,finley.sanders1000@mail.example,Guide Service,Piedmont,Columbia,SC,2024-02-17T00:00:00,B2B Account
C001001,Rowan,Brooks,rowan.brooks1001@mail.example,Loyalty,Piedmont,Charlotte,NC,2024-10-04T00:00:00,Gold
C001002,Harper,Sanders,harper.sanders1002@mail.example,School Program,Foothills,Hickory,NC,2024-09-14T00:00:00,Bronze
C001003,Cameron,Hayes,cameron.hayes1003@mail.example,School Program,Appalachian,Boone,NC,2025-08-27T00:00:00,Silver
C001004,Casey,Cooper,casey.cooper1004@mail.example,Retail,Piedmont,Hickory,NC,2024-11-15T00:00:00,Silver
C001005,Drew,Hayes,drew.hayes1005@mail.example,Reseller,Coastal,Charleston,SC,2025-02-08T00:00:00,Silver
C001006,Taylor,Murphy,taylor.murphy1006@mail.example,Loyalty,Blue Ridge,Asheville,NC,2025-04-28T00:00:00,Gold
C001007,Finley,Cooper,finley.cooper1007@mail.example,Retail,Foothills,Hickory,NC,2025-05-10T00:00:00,Platinum
C001008,Drew,Parker,drew.parker1008@mail.example,Reseller,Foothills,Hickory,NC,2025-07-05T00:00:00,Gold
C001009,Emerson,Sanders,emerson.sanders1009@mail.example,Reseller,Foothills,Knoxville,TN,2024-04-20T00:00:00,Platinum
C001010,Jordan,Richardson,jordan.richardson1010@mail.example,Retail,Blue Ridge,Asheville,NC,2024-05-24T00:00:00,Silver
C001011,Jordan,Richardson,jordan.richardson1011@mail.example,Reseller,Appalachian,Boone,NC,2025-07-06T00:00:00,Gold
C001012,Dakota,Morgan,dakota.morgan1012@mail.example,Retail,Piedmont,Charlotte,NC,2024-03-01T00:00:00,Silver
C001013,Morgan,Collins,morgan.collins1013@mail.example,Loyalty,Smoky Mountains,Knoxville,TN,2024-05-08T00:00:00,Bronze
C001014,Jordan,Hayes,jordan.hayes1014@mail.example,Loyalty,Smoky Mountains,Knoxville,TN,2025-04-12T00:00:00,Silver
C001015,Drew,Wood,drew.wood1015@mail.example,Retail,Foothills,Greenville,SC,2024-02-10T00:00:00,Silver
C001016,Sawyer,Price,sawyer.price1016@mail.example,Guide Service,Appalachian,Johnson City,TN,2024-10-08T00:00:00,Silver
C001017,Riley,Murphy,riley.murphy1017@mail.example,Corporate,Appalachian,Boone,NC,2025-11-15T00:00:00,Gold
C001018,Cameron,Richardson,cameron.richardson1018@mail.example,Loyalty,Foothills,Hickory,NC,2024-12-09T00:00:00,Silver
C001019,Jamie,Price,jamie.price1019@mail.example,Guide Service,Smoky Mountains,Knoxville,TN,2024-08-05T00:00:00,Silver
C001020,Jordan,Foster,jordan.foster1020@mail.example,Guide Service,Piedmont,Columbia,SC,2025-12-13T00:00:00,B2B Account
C001021,Riley,Richardson,riley.richardson1021@mail.example,Guide Service,Foothills,Greenville,SC,2024-04-28T00:00:00,Bronze
C001022,Taylor,Bell,taylor.bell1022@mail.example,Corporate,Blue Ridge,Asheville,NC,2025-12-13T00:00:00,Platinum
C001023,Morgan,Reed,morgan.reed1023@mail.example,Reseller,Piedmont,Hickory,NC,2025-05-06T00:00:00,Platinum
C001024,Casey,Sanders,casey.sanders1024@mail.example,Loyalty,Foothills,Hickory,NC,2025-12-20T00:00:00,Gold
C001025,Reese,Price,reese.price1025@mail.example,Loyalty,Piedmont,Charlotte,NC,2025-10-21T00:00:00,Bronze
C001026,Morgan,Morgan,morgan.morgan1026@mail.example,Reseller,Smoky Mountains,Johnson City,TN,2024-02-18T00:00:00,Bronze
C001027,Quinn,Hayes,quinn.hayes1027@mail.example,Retail,Appalachian,Roanoke,VA,2024-06-08T00:00:00,Gold
C001028,Reese,Bailey,reese.bailey1028@mail.example,Reseller,Piedmont,Columbia,SC,2025-06-20T00:00:00,Bronze
C001029,Emerson,Carter,emerson.carter1029@mail.example,Reseller,Appalachian,Roanoke,VA,2025-05-28T00:00:00,Gold
C001030,Logan,Brooks,logan.brooks1030@mail.example,Corporate,Smoky Mountains,Knoxville,TN,2025-10-23T00:00:00,Silver
C001031,Quinn,Powell,quinn.powell1031@mail.example,Reseller,Smoky Mountains,Knoxville,TN,2025-01-01T00:00:00,Silver
C001032,Dakota,Bailey,dakota.bailey1032@mail.example,Retail,Piedmont,Charlotte,NC,2024-08-05T00:00:00,Silver
C001033,Jordan,Richardson,jordan.richardson1033@mail.example,Retail,Foothills,Greenville,SC,2024-10-13T00:00:00,Platinum
C001034,Quinn,Bailey,quinn.bailey1034@mail.example,Retail,Appalachian,Roanoke,VA,2024-07-22T00:00:00,Gold
C001035,Finley,Powell,finley.powell1035@mail.example,Retail,Blue Ridge,Asheville,NC,2024-09-02T00:00:00,Silver
C001036,Cameron,Bell,cameron.bell1036@mail.example,Loyalty,Smoky Mountains,Knoxville,TN,2025-08-19T00:00:00,Gold
C001037,Cameron,Powell,cameron.powell1037@mail.example,School Program,Blue Ridge,Asheville,NC,2024-07-27T00:00:00,Bronze
C001038,Quinn,Cooper,quinn.cooper1038@mail.example,Guide Service,Smoky Mountains,Knoxville,TN,2025-05-06T00:00:00,B2B Account
C001039,Rowan,Bailey,rowan.bailey1039@mail.example,Corporate,Foothills,Hickory,NC,2025-06-15T00:00:00,Bronze
C001040,Harper,Griffin,harper.griffin1040@mail.example,School Program,Coastal,Charleston,SC,2025-06-18T00:00:00,B2B Account
C001041,Riley,Turner,riley.turner1041@mail.example,Reseller,Appalachian,Johnson City,TN,2024-06-23T00:00:00,Gold
C001042,Emerson,Bell,emerson.bell1042@mail.example,Reseller,Smoky Mountains,Knoxville,TN,2025-10-14T00:00:00,Platinum
C001043,Casey,Murphy,casey.murphy1043@mail.example,Reseller,Foothills,Greenville,SC,2025-02-25T00:00:00,Gold
C001044,Jordan,Hayes,jordan.hayes1044@mail.example,Retail,Piedmont,Charlotte,NC,2025-03-29T00:00:00,Gold
C001045,Harper,Parker,harper.parker1045@mail.example,Retail,Piedmont,Charlotte,NC,2025-03-09T00:00:00,Bronze
C001046,Riley,Bell,riley.bell1046@mail.example,School Program,Foothills,Hickory,NC,2024-01-05T00:00:00,Silver
C001047,Sawyer,Brooks,sawyer.brooks1047@mail.example,Guide Service,Coastal,Charleston,SC,2025-09-01T00:00:00,Silver
C001048,Taylor,Sanders,taylor.sanders1048@mail.example,Loyalty,Blue Ridge,Asheville,NC,2025-12-28T00:00:00,Silver
C001049,Dakota,Carter,dakota.carter1049@mail.example,Loyalty,Appalachian,Asheville,NC,2025-05-24T00:00:00,Gold
C001050,Dakota,Sanders,dakota.sanders1050@mail.example,Loyalty,Coastal,Charleston,SC,2024-07-10T00:00:00,Platinum
C001051,Drew,Collins,drew.collins1051@mail.example,Reseller,Piedmont,Columbia,SC,2025-05-20T00:00:00,Silver
C001052,Logan,Powell,logan.powell1052@mail.example,School Program,Foothills,Knoxville,TN,2025-05-17T00:00:00,B2B Account
C001053,Rowan,Hayes,rowan.hayes1053@mail.example,Guide Service,Smoky Mountains,Knoxville,TN,2024-03-11T00:00:00,B2B Account
C001054,Cameron,Morgan,cameron.morgan1054@mail.example,Corporate,Foothills,Hickory,NC,2025-08-25T00:00:00,Silver
C001055,Dakota,Collins,dakota.collins1055@mail.example,Retail,Piedmont,Hickory,NC,2024-03-03T00:00:00,Gold
C001056,Drew,Carter,drew.carter1056@mail.example,School Program,Appalachian,Johnson City,TN,2025-10-18T00:00:00,Bronze
C001057,Quinn,Bennett,quinn.bennett1057@mail.example,Guide Service,Blue Ridge,Asheville,NC,2025-11-05T00:00:00,Bronze
C001058,Jordan,Cooper,jordan.cooper1058@mail.example,Retail,Appalachian,Roanoke,VA,2025-11-21T00:00:00,Gold
C001059,Skyler,Hayes,skyler.hayes1059@mail.example,Corporate,Foothills,Hickory,NC,2024-09-22T00:00:00,Platinum
C001060,Casey,Parker,casey.parker1060@mail.example,Reseller,Foothills,Hickory,NC,2025-01-07T00:00:00,Platinum
C001061,Quinn,Bennett,quinn.bennett1061@mail.example,School Program,Appalachian,Asheville,NC,2025-11-30T00:00:00,B2B Account
C001062,Drew,Collins,drew.collins1062@mail.example,Corporate,Appalachian,Johnson City,TN,2024-04-06T00:00:00,Platinum
C001063,Emerson,Bailey,emerson.bailey1063@mail.example,School Program,Appalachian,Boone,NC,2024-05-06T00:00:00,Silver
C001064,Morgan,Sanders,morgan.sanders1064@mail.example,Corporate,Foothills,Greenville,SC,2025-07-04T00:00:00,Gold
C001065,Finley,Murphy,finley.murphy1065@mail.example,Guide Service,Smoky Mountains,Knoxville,TN,2024-09-20T00:00:00,Silver
C001066,Logan,Bennett,logan.bennett1066@mail.example,Guide Service,Piedmont,Charlotte,NC,2025-08-02T00:00:00,Silver
C001067,Harper,Bennett,harper.bennett1067@mail.example,Loyalty,Smoky Mountains,Knoxville,TN,2024-12-18T00:00:00,Gold
C001068,Dakota,Hayes,dakota.hayes1068@mail.example,Guide Service,Smoky Mountains,Knoxville,TN,2024-04-03T00:00:00,Silver
C001069,Dakota,Hayes,dakota.hayes1069@mail.example,Reseller,Appalachian,Boone,NC,2025-08-04T00:00:00,Platinum
C001070,Riley,Murphy,riley.murphy1070@mail.example,Corporate,Blue Ridge,Boone,NC,2025-03-04T00:00:00,Silver
C001071,Reese,Powell,reese.powell1071@mail.example,Loyalty,Blue Ridge,Asheville,NC,2025-07-28T00:00:00,Bronze
C001072,Drew,Bell,drew.bell1072@mail.example,School Program,Piedmont,Charlotte,NC,2024-11-27T00:00:00,Silver
C001073,Jamie,Powell,jamie.powell1073@mail.example,Loyalty,Appalachian,Roanoke,VA,2024-04-28T00:00:00,Bronze
C001074,Drew,Bailey,drew.bailey1074@mail.example,Reseller,Foothills,Greenville,SC,2024-03-24T00:00:00,Bronze
C001075,Dakota,Brooks,dakota.brooks1075@mail.example,Corporate,Appalachian,Roanoke,VA,2025-05-19T00:00:00,Gold
C001076,Skyler,Bennett,skyler.bennett1076@mail.example,Reseller,Appalachian,Asheville,NC,2025-10-19T00:00:00,Silver
C001077,Skyler,Bennett,skyler.bennett1077@mail.example,School Program,Appalachian,Boone,NC,2025-01-17T00:00:00,Silver
C001078,Casey,Bell,casey.bell1078@mail.example,Loyalty,Piedmont,Columbia,SC,2024-09-21T00:00:00,Gold
C001079,Harper,Brooks,harper.brooks1079@mail.example,Retail,Appalachian,Johnson City,TN,2025-03-14T00:00:00,Bronze
C001080,Sawyer,Griffin,sawyer.griffin1080@mail.example,Retail,Appalachian,Johnson City,TN,2025-04-25T00:00:00,Gold
C001081,Reese,Carter,reese.carter1081@mail.example,School Program,Piedmont,Charlotte,NC,2024-05-03T00:00:00,Bronze
C001082,Emerson,Collins,emerson.collins1082@mail.example,School Program,Blue Ridge,Asheville,NC,2025-02-11T00:00:00,Bronze
C001083,Cameron,Griffin,cameron.griffin1083@mail.example,Loyalty,Piedmont,Columbia,SC,2025-04-15T00:00:00,Gold
C001084,Logan,Price,logan.price1084@mail.example,Corporate,Appalachian,Roanoke,VA,2024-11-22T00:00:00,Silver
C001085,Reese,Bell,reese.bell1085@mail.example,Guide Service,Piedmont,Charlotte,NC,2024-06-19T00:00:00,Bronze
C001086,Logan,Turner,logan.turner1086@mail.example,Guide Service,Coastal,Charleston,SC,2025-02-27T00:00:00,Bronze
C001087,Avery,Powell,avery.powell1087@mail.example,Guide Service,Appalachian,Boone,NC,2024-11-09T00:00:00,Bronze
C001088,Harper,Griffin,harper.griffin1088@mail.example,Reseller,Foothills,Hickory,NC,2024-04-11T00:00:00,Platinum
C001089,Logan,Morgan,logan.morgan1089@mail.example,Reseller,Coastal,Charleston,SC,2024-09-24T00:00:00,Gold
C001090,Logan,Reed,logan.reed1090@mail.example,Reseller,Blue Ridge,Asheville,NC,2024-10-02T00:00:00,Gold
C001091,Casey,Price,casey.price1091@mail.example,School Program,Piedmont,Charlotte,NC,2025-11-13T00:00:00,Silver
C001092,Cameron,Foster,cameron.foster1092@mail.example,Guide Service,Appalachian,Boone,NC,2024-01-03T00:00:00,Silver
C001093,Casey,Foster,casey.foster1093@mail.example,Loyalty,Piedmont,Greenville,SC,2024-10-06T00:00:00,Silver
C001094,Jamie,Murphy,jamie.murphy1094@mail.example,School Program,Piedmont,Charlotte,NC,2025-12-22T00:00:00,Silver
C001095,Jordan,Parker,jordan.parker1095@mail.example,Corporate,Appalachian,Roanoke,VA,2025-12-15T00:00:00,Silver
C001096,Dakota,Hayes,dakota.hayes1096@mail.example,School Program,Appalachian,Roanoke,VA,2025-07-06T00:00:00,Bronze
C001097,Skyler,Foster,skyler.foster1097@mail.example,School Program,Piedmont,Greenville,SC,2025-05-20T00:00:00,Bronze
C001098,Harper,Turner,harper.turner1098@mail.example,Retail,Appalachian,Boone,NC,2025-06-02T00:00:00,Bronze
C001099,Morgan,Cooper,morgan.cooper1099@mail.example,Reseller,Appalachian,Roanoke,VA,2025-02-07T00:00:00,Gold
C001100,Jordan,Brooks,jordan.brooks1100@mail.example,Reseller,Foothills,Hickory,NC,2025-10-25T00:00:00,Silver
C001101,Avery,Morgan,avery.morgan1101@mail.example,Loyalty,Piedmont,Columbia,SC,2025-11-14T00:00:00,Gold
C001102,Finley,Foster,finley.foster1102@mail.example,Retail,Appalachian,Johnson City,TN,2025-08-11T00:00:00,Bronze
C001103,Jamie,Collins,jamie.collins1103@mail.example,Reseller,Piedmont,Columbia,SC,2024-08-18T00:00:00,Silver
C001104,Skyler,Price,skyler.price1104@mail.example,Loyalty,Foothills,Hickory,NC,2025-01-06T00:00:00,Silver
C001105,Avery,Turner,avery.turner1105@mail.example,Retail,Appalachian,Boone,NC,2025-12-26T00:00:00,Silver
C001106,Logan,Hayes,logan.hayes1106@mail.example,School Program,Piedmont,Hickory,NC,2025-09-01T00:00:00,Bronze
C001107,Emerson,Wood,emerson.wood1107@mail.example,Reseller,Smoky Mountains,Knoxville,TN,2025-04-28T00:00:00,Silver
C001108,Jordan,Wood,jordan.wood1108@mail.example,Loyalty,Appalachian,Asheville,NC,2024-11-10T00:00:00,Gold
C001109,Reese,Bennett,reese.bennett1109@mail.example,School Program,Foothills,Hickory,NC,2024-01-24T00:00:00,Silver
C001110,Sawyer,Price,sawyer.price1110@mail.example,Retail,Foothills,Greenville,SC,2024-10-13T00:00:00,Platinum
C001111,Avery,Bell,avery.bell1111@mail.example,Corporate,Coastal,Charleston,SC,2024-05-06T00:00:00,Platinum
C001112,Avery,Hayes,avery.hayes1112@mail.example,Retail,Piedmont,Charlotte,NC,2024-07-03T00:00:00,Platinum
C001113,Logan,Carter,logan.carter1113@mail.example,Reseller,Appalachian,Roanoke,VA,2024-05-06T00:00:00,Bronze
C001114,Rowan,Bennett,rowan.bennett1114@mail.example,Reseller,Appalachian,Roanoke,VA,2024-04-06T00:00:00,Gold
C001115,Drew,Parker,drew.parker1115@mail.example,Corporate,Piedmont,Charlotte,NC,2024-07-10T00:00:00,Gold
C001116,Drew,Bailey,drew.bailey1116@mail.example,Guide Service,Piedmont,Charlotte,NC,2025-11-05T00:00:00,B2B Account
C001117,Riley,Brooks,riley.brooks1117@mail.example,Reseller,Piedmont,Columbia,SC,2025-11-21T00:00:00,Gold
C001118,Rowan,Parker,rowan.parker1118@mail.example,Retail,Blue Ridge,Asheville,NC,2024-10-06T00:00:00,Gold
C001119,Reese,Bell,reese.bell1119@mail.example,Reseller,Coastal,Charleston,SC,2024-06-27T00:00:00,Platinum
C001120,Logan,Parker,logan.parker1120@mail.example,Corporate,Coastal,Charleston,SC,2024-08-26T00:00:00,Gold
C001121,Dakota,Foster,dakota.foster1121@mail.example,Corporate,Foothills,Knoxville,TN,2025-03-29T00:00:00,Silver
C001122,Morgan,Carter,morgan.carter1122@mail.example,Corporate,Piedmont,Greenville,SC,2025-09-21T00:00:00,Platinum
C001123,Dakota,Foster,dakota.foster1123@mail.example,Reseller,Blue Ridge,Roanoke,VA,2024-05-22T00:00:00,Platinum
C001124,Jordan,Carter,jordan.carter1124@mail.example,Reseller,Foothills,Greenville,SC,2025-06-22T00:00:00,Silver
C001125,Cameron,Wood,cameron.wood1125@mail.example,Reseller,Appalachian,Roanoke,VA,2025-01-17T00:00:00,Gold
C001126,Morgan,Parker,morgan.parker1126@mail.example,Corporate,Blue Ridge,Asheville,NC,2024-10-20T00:00:00,Silver
C001127,Emerson,Morgan,emerson.morgan1127@mail.example,Retail,Coastal,Charleston,SC,2024-06-17T00:00:00,Platinum
C001128,Avery,Richardson,avery.richardson1128@mail.example,School Program,Piedmont,Charlotte,NC,2025-10-16T00:00:00,B2B Account
C001129,Jordan,Richardson,jordan.richardson1129@mail.example,School Program,Foothills,Greenville,SC,2024-07-16T00:00:00,Bronze
C001130,Jordan,Reed,jordan.reed1130@mail.example,School Program,Blue Ridge,Asheville,NC,2025-11-21T00:00:00,B2B Account
C001131,Taylor,Collins,taylor.collins1131@mail.example,Loyalty,Coastal,Charleston,SC,2024-10-14T00:00:00,Silver
C001132,Jordan,Sanders,jordan.sanders1132@mail.example,Guide Service,Piedmont,Columbia,SC,2024-07-26T00:00:00,Bronze
C001133,Finley,Powell,finley.powell1133@mail.example,Corporate,Piedmont,Columbia,SC,2024-12-19T00:00:00,Platinum
C001134,Riley,Turner,riley.turner1134@mail.example,Guide Service,Blue Ridge,Asheville,NC,2025-09-28T00:00:00,Bronze
C001135,Logan,Bailey,logan.bailey1135@mail.example,School Program,Appalachian,Asheville,NC,2024-03-14T00:00:00,Silver
C001136,Avery,Griffin,avery.griffin1136@mail.example,School Program,Foothills,Hickory,NC,2025-05-02T00:00:00,B2B Account
C001137,Morgan,Cooper,morgan.cooper1137@mail.example,Guide Service,Appalachian,Johnson City,TN,2025-02-02T00:00:00,Bronze
C001138,Harper,Richardson,harper.richardson1138@mail.example,Reseller,Piedmont,Columbia,SC,2024-10-15T00:00:00,Platinum
C001139,Jordan,Griffin,jordan.griffin1139@mail.example,School Program,Piedmont,Charlotte,NC,2025-08-22T00:00:00,Silver
C001140,Quinn,Brooks,quinn.brooks1140@mail.example,Corporate,Appalachian,Boone,NC,2024-04-18T00:00:00,Bronze
C001141,Logan,Richardson,logan.richardson1141@mail.example,School Program,Appalachian,Boone,NC,2024-11-23T00:00:00,Bronze
C001142,Rowan,Morgan,rowan.morgan1142@mail.example,Retail,Appalachian,Johnson City,TN,2024-08-17T00:00:00,Gold
C001143,Finley,Brooks,finley.brooks1143@mail.example,Loyalty,Foothills,Greenville,SC,2024-11-27T00:00:00,Gold
C001144,Skyler,Richardson,skyler.richardson1144@mail.example,School Program,Piedmont,Charlotte,NC,2024-10-24T00:00:00,B2B Account
C001145,Emerson,Wood,emerson.wood1145@mail.example,Retail,Piedmont,Columbia,SC,2024-10-08T00:00:00,Silver
C001146,Skyler,Parker,skyler.parker1146@mail.example,Reseller,Blue Ridge,Asheville,NC,2025-09-15T00:00:00,Bronze
C001147,Finley,Wood,finley.wood1147@mail.example,School Program,Appalachian,Johnson City,TN,2025-10-28T00:00:00,Silver
C001148,Sawyer,Collins,sawyer.collins1148@mail.example,Corporate,Foothills,Greenville,SC,2025-09-03T00:00:00,Gold
C001149,Harper,Reed,harper.reed1149@mail.example,Loyalty,Smoky Mountains,Knoxville,TN,2024-07-03T00:00:00,Platinum
C001150,Skyler,Griffin,skyler.griffin1150@mail.example,Retail,Appalachian,Roanoke,VA,2025-08-10T00:00:00,Gold
C001151,Jamie,Bailey,jamie.bailey1151@mail.example,Loyalty,Piedmont,Charlotte,NC,2024-03-22T00:00:00,Gold
C001152,Jordan,Price,jordan.price1152@mail.example,Reseller,Piedmont,Columbia,SC,2025-12-14T00:00:00,Platinum
C001153,Morgan,Sanders,morgan.sanders1153@mail.example,Guide Service,Appalachian,Johnson City,TN,2025-04-17T00:00:00,Silver
C001154,Dakota,Cooper,dakota.cooper1154@mail.example,Corporate,Piedmont,Charlotte,NC,2025-09-30T00:00:00,Silver
C001155,Cameron,Griffin,cameron.griffin1155@mail.example,Corporate,Blue Ridge,Asheville,NC,2025-07-27T00:00:00,Gold
C001156,Emerson,Cooper,emerson.cooper1156@mail.example,Guide Service,Appalachian,Boone,NC,2025-10-31T00:00:00,Bronze
C001157,Avery,Murphy,avery.murphy1157@mail.example,Reseller,Piedmont,Charlotte,NC,2024-10-02T00:00:00,Bronze
C001158,Drew,Sanders,drew.sanders1158@mail.example,School Program,Piedmont,Columbia,SC,2025-01-17T00:00:00,Bronze
C001159,Casey,Griffin,casey.griffin1159@mail.example,Guide Service,Smoky Mountains,Knoxville,TN,2024-07-14T00:00:00,Silver
C001160,Sawyer,Foster,sawyer.foster1160@mail.example,Guide Service,Blue Ridge,Asheville,NC,2024-11-24T00:00:00,Silver
C001161,Dakota,Foster,dakota.foster1161@mail.example,Loyalty,Coastal,Charleston,SC,2025-05-12T00:00:00,Gold
C001162,Finley,Bailey,finley.bailey1162@mail.example,Guide Service,Appalachian,Roanoke,VA,2024-02-25T00:00:00,Bronze
C001163,Casey,Morgan,casey.morgan1163@mail.example,Reseller,Piedmont,Columbia,SC,2025-02-24T00:00:00,Silver
C001164,Dakota,Murphy,dakota.murphy1164@mail.example,Retail,Appalachian,Johnson City,TN,2025-03-26T00:00:00,Silver
C001165,Avery,Sanders,avery.sanders1165@mail.example,School Program,Coastal,Charleston,SC,2024-02-15T00:00:00,Silver
C001166,Quinn,Reed,quinn.reed1166@mail.example,Guide Service,Piedmont,Columbia,SC,2024-07-02T00:00:00,Silver
C001167,Dakota,Foster,dakota.foster1167@mail.example,School Program,Coastal,Charleston,SC,2024-12-10T00:00:00,Bronze
C001168,Morgan,Richardson,morgan.richardson1168@mail.example,Loyalty,Piedmont,Columbia,SC,2024-12-15T00:00:00,Gold
C001169,Morgan,Carter,morgan.carter1169@mail.example,Loyalty,Blue Ridge,Asheville,NC,2024-09-12T00:00:00,Gold
C001170,Skyler,Griffin,skyler.griffin1170@mail.example,Reseller,Smoky Mountains,Knoxville,TN,2025-03-27T00:00:00,Gold
C001171,Riley,Powell,riley.powell1171@mail.example,Retail,Appalachian,Boone,NC,2025-08-20T00:00:00,Gold
C001172,Casey,Bennett,casey.bennett1172@mail.example,Reseller,Foothills,Greenville,SC,2025-02-16T00:00:00,Gold
C001173,Logan,Bennett,logan.bennett1173@mail.example,Reseller,Coastal,Charleston,SC,2025-06-28T00:00:00,Gold
C001174,Harper,Murphy,harper.murphy1174@mail.example,Loyalty,Foothills,Hickory,NC,2025-01-29T00:00:00,Gold
C001175,Finley,Bell,finley.bell1175@mail.example,Retail,Foothills,Greenville,SC,2024-02-04T00:00:00,Bronze
C001176,Drew,Cooper,drew.cooper1176@mail.example,Guide Service,Appalachian,Boone,NC,2025-04-28T00:00:00,B2B Account
C001177,Finley,Griffin,finley.griffin1177@mail.example,School Program,Foothills,Hickory,NC,2025-10-07T00:00:00,Bronze
C001178,Taylor,Cooper,taylor.cooper1178@mail.example,Retail,Appalachian,Johnson City,TN,2025-10-03T00:00:00,Gold
C001179,Cameron,Powell,cameron.powell1179@mail.example,School Program,Piedmont,Columbia,SC,2025-10-09T00:00:00,Bronze
C001180,Harper,Richardson,harper.richardson1180@mail.example,Corporate,Foothills,Greenville,SC,2025-02-14T00:00:00,Bronze
C001181,Skyler,Bennett,skyler.bennett1181@mail.example,Guide Service,Appalachian,Asheville,NC,2024-12-24T00:00:00,Silver
C001182,Emerson,Turner,emerson.turner1182@mail.example,School Program,Piedmont,Hickory,NC,2025-01-13T00:00:00,Silver
C001183,Finley,Turner,finley.turner1183@mail.example,Guide Service,Piedmont,Charlotte,NC,2024-03-21T00:00:00,Bronze
C001184,Jamie,Collins,jamie.collins1184@mail.example,School Program,Coastal,Charleston,SC,2025-10-26T00:00:00,Silver
C001185,Drew,Price,drew.price1185@mail.example,Corporate,Appalachian,Johnson City,TN,2025-12-13T00:00:00,Gold
C001186,Skyler,Foster,skyler.foster1186@mail.example,Reseller,Foothills,Hickory,NC,2024-12-24T00:00:00,Gold
C001187,Cameron,Bennett,cameron.bennett1187@mail.example,Loyalty,Blue Ridge,Boone,NC,2025-12-20T00:00:00,Bronze
C001188,Dakota,Wood,dakota.wood1188@mail.example,School Program,Piedmont,Charlotte,NC,2024-11-03T00:00:00,Bronze
C001189,Morgan,Brooks,morgan.brooks1189@mail.example,Guide Service,Coastal,Charleston,SC,2025-05-20T00:00:00,Silver
C001190,Morgan,Parker,morgan.parker1190@mail.example,Guide Service,Appalachian,Boone,NC,2025-10-12T00:00:00,Silver
C001191,Quinn,Brooks,quinn.brooks1191@mail.example,Retail,Foothills,Greenville,SC,2025-12-22T00:00:00,Platinum
C001192,Quinn,Sanders,quinn.sanders1192@mail.example,Guide Service,Coastal,Charleston,SC,2024-05-03T00:00:00,Bronze
C001193,Quinn,Powell,quinn.powell1193@mail.example,Loyalty,Coastal,Charleston,SC,2025-11-19T00:00:00,Gold
C001194,Harper,Bell,harper.bell1194@mail.example,Retail,Piedmont,Charlotte,NC,2024-01-07T00:00:00,Platinum
C001195,Emerson,Morgan,emerson.morgan1195@mail.example,Guide Service,Appalachian,Johnson City,TN,2024-01-23T00:00:00,Silver
C001196,Emerson,Powell,emerson.powell1196@mail.example,School Program,Piedmont,Greenville,SC,2024-02-17T00:00:00,Silver
C001197,Dakota,Sanders,dakota.sanders1197@mail.example,Retail,Piedmont,Columbia,SC,2025-01-07T00:00:00,Silver
C001198,Dakota,Bailey,dakota.bailey1198@mail.example,School Program,Foothills,Knoxville,TN,2025-04-25T00:00:00,B2B Account
C001199,Skyler,Powell,skyler.powell1199@mail.example,Corporate,Piedmont,Greenville,SC,2025-03-21T00:00:00,Gold
C001200,Emerson,Collins,emerson.collins1200@mail.example,Corporate,Foothills,Greenville,SC,2024-11-28T00:00:00,Gold
C001201,Rowan,Sanders,rowan.sanders1201@mail.example,Corporate,Foothills,Knoxville,TN,2025-01-31T00:00:00,Bronze
C001202,Reese,Richardson,reese.richardson1202@mail.example,Retail,Piedmont,Charlotte,NC,2025-12-03T00:00:00,Bronze
C001203,Taylor,Bell,taylor.bell1203@mail.example,Reseller,Foothills,Hickory,NC,2025-06-03T00:00:00,Gold
C001204,Riley,Carter,riley.carter1204@mail.example,Loyalty,Foothills,Greenville,SC,2025-04-03T00:00:00,Gold
C001205,Parker,Cooper,parker.cooper1205@mail.example,Retail,Appalachian,Boone,NC,2025-09-05T00:00:00,Platinum
C001206,Emerson,Foster,emerson.foster1206@mail.example,Corporate,Appalachian,Roanoke,VA,2024-08-05T00:00:00,Silver
C001207,Rowan,Bailey,rowan.bailey1207@mail.example,Reseller,Foothills,Greenville,SC,2025-01-04T00:00:00,Gold
C001208,Cameron,Murphy,cameron.murphy1208@mail.example,Guide Service,Appalachian,Roanoke,VA,2024-08-08T00:00:00,B2B Account
C001209,Jamie,Wood,jamie.wood1209@mail.example,Guide Service,Piedmont,Columbia,SC,2025-03-29T00:00:00,Bronze
C001210,Rowan,Sanders,rowan.sanders1210@mail.example,School Program,Appalachian,Boone,NC,2024-03-24T00:00:00,Silver
C001211,Riley,Morgan,riley.morgan1211@mail.example,School Program,Coastal,Charleston,SC,2025-08-16T00:00:00,Silver
C001212,Emerson,Bailey,emerson.bailey1212@mail.example,Guide Service,Foothills,Hickory,NC,2024-08-19T00:00:00,Silver
C001213,Taylor,Cooper,taylor.cooper1213@mail.example,Loyalty,Appalachian,Asheville,NC,2024-05-19T00:00:00,Bronze
C001214,Cameron,Parker,cameron.parker1214@mail.example,Corporate,Piedmont,Columbia,SC,2025-07-02T00:00:00,Silver
C001215,Logan,Reed,logan.reed1215@mail.example,Retail,Foothills,Hickory,NC,2024-02-21T00:00:00,Platinum
C001216,Avery,Morgan,avery.morgan1216@mail.example,School Program,Piedmont,Columbia,SC,2025-07-14T00:00:00,Bronze
C001217,Dakota,Morgan,dakota.morgan1217@mail.example,Loyalty,Piedmont,Greenville,SC,2025-12-19T00:00:00,Bronze
C001218,Morgan,Hayes,morgan.hayes1218@mail.example,Corporate,Appalachian,Roanoke,VA,2025-11-02T00:00:00,Platinum
C001219,Rowan,Wood,rowan.wood1219@mail.example,Loyalty,Piedmont,Charlotte,NC,2025-08-17T00:00:00,Platinum
C001220,Riley,Price,riley.price1220@mail.example,Corporate,Appalachian,Boone,NC,2025-10-22T00:00:00,Platinum
C001221,Jamie,Powell,jamie.powell1221@mail.example,Reseller,Piedmont,Charlotte,NC,2025-08-08T00:00:00,Platinum
C001222,Emerson,Foster,emerson.foster1222@mail.example,School Program,Appalachian,Johnson City,TN,2025-09-01T00:00:00,B2B Account
C001223,Finley,Sanders,finley.sanders1223@mail.example,Retail,Piedmont,Columbia,SC,2024-04-27T00:00:00,Silver
C001224,Sawyer,Carter,sawyer.carter1224@mail.example,Guide Service,Foothills,Hickory,NC,2024-03-02T00:00:00,Silver
C001225,Drew,Sanders,drew.sanders1225@mail.example,Corporate,Foothills,Hickory,NC,2024-06-18T00:00:00,Silver
C001226,Cameron,Collins,cameron.collins1226@mail.example,Reseller,Appalachian,Roanoke,VA,2024-11-14T00:00:00,Bronze
C001227,Emerson,Sanders,emerson.sanders1227@mail.example,School Program,Piedmont,Charlotte,NC,2025-02-16T00:00:00,Bronze
C001228,Riley,Collins,riley.collins1228@mail.example,Retail,Blue Ridge,Asheville,NC,2024-12-10T00:00:00,Gold
C001229,Harper,Bailey,harper.bailey1229@mail.example,Reseller,Blue Ridge,Asheville,NC,2025-11-12T00:00:00,Silver
C001230,Skyler,Price,skyler.price1230@mail.example,Retail,Blue Ridge,Roanoke,VA,2024-07-01T00:00:00,Silver
C001231,Rowan,Brooks,rowan.brooks1231@mail.example,Reseller,Appalachian,Roanoke,VA,2024-07-08T00:00:00,Bronze
C001232,Logan,Brooks,logan.brooks1232@mail.example,Loyalty,Appalachian,Johnson City,TN,2024-12-07T00:00:00,Gold
C001233,Finley,Hayes,finley.hayes1233@mail.example,Corporate,Foothills,Greenville,SC,2025-08-08T00:00:00,Bronze
C001234,Rowan,Carter,rowan.carter1234@mail.example,Reseller,Piedmont,Charlotte,NC,2025-09-26T00:00:00,Gold
C001235,Harper,Reed,harper.reed1235@mail.example,Retail,Foothills,Greenville,SC,2025-10-22T00:00:00,Platinum
C001236,Finley,Bennett,finley.bennett1236@mail.example,Loyalty,Smoky Mountains,Knoxville,TN,2024-10-28T00:00:00,Silver
C001237,Cameron,Brooks,cameron.brooks1237@mail.example,School Program,Appalachian,Roanoke,VA,2025-11-15T00:00:00,Silver
C001238,Reese,Price,reese.price1238@mail.example,Retail,Coastal,Charleston,SC,2024-05-24T00:00:00,Gold
C001239,Taylor,Sanders,taylor.sanders1239@mail.example,School Program,Coastal,Charleston,SC,2025-07-27T00:00:00,Bronze
C001240,Morgan,Carter,morgan.carter1240@mail.example,Loyalty,Foothills,Hickory,NC,2025-11-24T00:00:00,Gold
C001241,Jordan,Foster,jordan.foster1241@mail.example,Loyalty,Blue Ridge,Asheville,NC,2024-08-26T00:00:00,Gold
C001242,Finley,Hayes,finley.hayes1242@mail.example,Loyalty,Appalachian,Johnson City,TN,2025-01-31T00:00:00,Silver
C001243,Avery,Murphy,avery.murphy1243@mail.example,Reseller,Appalachian,Boone,NC,2025-03-20T00:00:00,Silver
C001244,Avery,Griffin,avery.griffin1244@mail.example,Reseller,Appalachian,Roanoke,VA,2024-12-24T00:00:00,Silver
C001245,Taylor,Carter,taylor.carter1245@mail.example,Retail,Coastal,Charleston,SC,2024-08-05T00:00:00,Bronze
C001246,Drew,Hayes,drew.hayes1246@mail.example,Retail,Foothills,Knoxville,TN,2025-10-26T00:00:00,Bronze
C001247,Riley,Bell,riley.bell1247@mail.example,School Program,Coastal,Charleston,SC,2024-04-30T00:00:00,Bronze
C001248,Finley,Richardson,finley.richardson1248@mail.example,Corporate,Piedmont,Hickory,NC,2024-09-24T00:00:00,Gold
C001249,Riley,Turner,riley.turner1249@mail.example,Corporate,Blue Ridge,Roanoke,VA,2024-03-20T00:00:00,Gold
C001250,Quinn,Sanders,quinn.sanders1250@mail.example,School Program,Coastal,Charleston,SC,2025-07-16T00:00:00,B2B Account
C001251,Harper,Powell,harper.powell1251@mail.example,Corporate,Blue Ridge,Asheville,NC,2024-04-18T00:00:00,Bronze
C001252,Dakota,Bell,dakota.bell1252@mail.example,Reseller,Piedmont,Charlotte,NC,2024-01-12T00:00:00,Gold
C001253,Parker,Richardson,parker.richardson1253@mail.example,Retail,Coastal,Charleston,SC,2025-03-23T00:00:00,Platinum
C001254,Cameron,Parker,cameron.parker1254@mail.example,Guide Service,Appalachian,Johnson City,TN,2025-06-22T00:00:00,Silver
C001255,Sawyer,Carter,sawyer.carter1255@mail.example,School Program,Appalachian,Asheville,NC,2024-09-02T00:00:00,Bronze
C001256,Logan,Bell,logan.bell1256@mail.example,School Program,Coastal,Charleston,SC,2025-06-14T00:00:00,Bronze
C001257,Sawyer,Cooper,sawyer.cooper1257@mail.example,Guide Service,Foothills,Knoxville,TN,2025-09-20T00:00:00,Silver
C001258,Skyler,Morgan,skyler.morgan1258@mail.example,Guide Service,Appalachian,Boone,NC,2024-09-08T00:00:00,Bronze
C001259,Harper,Hayes,harper.hayes1259@mail.example,School Program,Appalachian,Johnson City,TN,2025-02-27T00:00:00,Silver
C001260,Sawyer,Bennett,sawyer.bennett1260@mail.example,Retail,Appalachian,Boone,NC,2024-06-12T00:00:00,Platinum
C001261,Skyler,Bailey,skyler.bailey1261@mail.example,Guide Service,Appalachian,Johnson City,TN,2025-06-26T00:00:00,B2B Account
C001262,Emerson,Hayes,emerson.hayes1262@mail.example,Corporate,Smoky Mountains,Knoxville,TN,2024-06-09T00:00:00,Bronze
C001263,Avery,Richardson,avery.richardson1263@mail.example,Loyalty,Appalachian,Roanoke,VA,2024-01-25T00:00:00,Gold
C001264,Dakota,Price,dakota.price1264@mail.example,Retail,Blue Ridge,Roanoke,VA,2025-11-05T00:00:00,Silver
C001265,Drew,Morgan,drew.morgan1265@mail.example,Loyalty,Foothills,Hickory,NC,2025-09-20T00:00:00,Platinum
C001266,Skyler,Morgan,skyler.morgan1266@mail.example,Reseller,Foothills,Hickory,NC,2025-08-30T00:00:00,Bronze
C001267,Riley,Price,riley.price1267@mail.example,Reseller,Piedmont,Charlotte,NC,2025-09-23T00:00:00,Bronze
C001268,Drew,Price,drew.price1268@mail.example,Corporate,Blue Ridge,Asheville,NC,2024-08-26T00:00:00,Bronze
C001269,Skyler,Hayes,skyler.hayes1269@mail.example,Guide Service,Piedmont,Columbia,SC,2025-02-04T00:00:00,Silver
C001270,Parker,Brooks,parker.brooks1270@mail.example,School Program,Appalachian,Boone,NC,2024-03-23T00:00:00,Bronze
C001271,Rowan,Reed,rowan.reed1271@mail.example,Loyalty,Appalachian,Johnson City,TN,2025-10-26T00:00:00,Gold
C001272,Finley,Carter,finley.carter1272@mail.example,Reseller,Blue Ridge,Asheville,NC,2024-09-03T00:00:00,Silver
C001273,Parker,Reed,parker.reed1273@mail.example,Loyalty,Piedmont,Columbia,SC,2025-02-27T00:00:00,Gold
C001274,Jordan,Price,jordan.price1274@mail.example,School Program,Smoky Mountains,Knoxville,TN,2025-09-04T00:00:00,B2B Account
C001275,Sawyer,Turner,sawyer.turner1275@mail.example,Loyalty,Appalachian,Boone,NC,2024-02-28T00:00:00,Gold
C001276,Avery,Morgan,avery.morgan1276@mail.example,Guide Service,Foothills,Hickory,NC,2024-06-06T00:00:00,Silver
C001277,Jordan,Powell,jordan.powell1277@mail.example,Corporate,Coastal,Charleston,SC,2025-12-15T00:00:00,Platinum
C001278,Dakota,Wood,dakota.wood1278@mail.example,Loyalty,Smoky Mountains,Knoxville,TN,2025-10-22T00:00:00,Silver
C001279,Harper,Carter,harper.carter1279@mail.example,Guide Service,Appalachian,Roanoke,VA,2025-02-08T00:00:00,Silver
C001280,Taylor,Price,taylor.price1280@mail.example,Guide Service,Appalachian,Johnson City,TN,2025-08-24T00:00:00,Bronze
C001281,Rowan,Richardson,rowan.richardson1281@mail.example,Loyalty,Foothills,Greenville,SC,2025-03-21T00:00:00,Silver
C001282,Jordan,Foster,jordan.foster1282@mail.example,Loyalty,Appalachian,Johnson City,TN,2024-03-04T00:00:00,Gold
C001283,Parker,Morgan,parker.morgan1283@mail.example,Corporate,Appalachian,Boone,NC,2025-08-14T00:00:00,Gold
C001284,Avery,Richardson,avery.richardson1284@mail.example,School Program,Piedmont,Charlotte,NC,2025-09-08T00:00:00,Bronze
C001285,Reese,Price,reese.price1285@mail.example,Guide Service,Smoky Mountains,Knoxville,TN,2025-08-11T00:00:00,Silver
C001286,Parker,Wood,parker.wood1286@mail.example,Reseller,Piedmont,Columbia,SC,2024-03-03T00:00:00,Gold
C001287,Jamie,Carter,jamie.carter1287@mail.example,Guide Service,Blue Ridge,Boone,NC,2024-10-01T00:00:00,Bronze
C001288,Jordan,Parker,jordan.parker1288@mail.example,School Program,Coastal,Charleston,SC,2024-12-25T00:00:00,Silver
C001289,Taylor,Carter,taylor.carter1289@mail.example,Corporate,Appalachian,Roanoke,VA,2024-11-22T00:00:00,Gold
C001290,Skyler,Bailey,skyler.bailey1290@mail.example,Guide Service,Piedmont,Charlotte,NC,2024-09-14T00:00:00,B2B Account
C001291,Skyler,Parker,skyler.parker1291@mail.example,Corporate,Piedmont,Charlotte,NC,2024-06-16T00:00:00,Platinum
C001292,Logan,Griffin,logan.griffin1292@mail.example,Reseller,Appalachian,Boone,NC,2025-03-26T00:00:00,Gold
C001293,Jordan,Collins,jordan.collins1293@mail.example,Reseller,Piedmont,Columbia,SC,2024-07-15T00:00:00,Bronze
C001294,Cameron,Brooks,cameron.brooks1294@mail.example,Corporate,Foothills,Greenville,SC,2025-09-26T00:00:00,Gold
C001295,Emerson,Richardson,emerson.richardson1295@mail.example,Guide Service,Smoky Mountains,Knoxville,TN,2025-01-15T00:00:00,Silver
C001296,Taylor,Price,taylor.price1296@mail.example,Reseller,Blue Ridge,Asheville,NC,2024-01-23T00:00:00,Bronze
C001297,Sawyer,Murphy,sawyer.murphy1297@mail.example,Corporate,Foothills,Knoxville,TN,2025-02-03T00:00:00,Platinum
C001298,Morgan,Turner,morgan.turner1298@mail.example,School Program,Smoky Mountains,Knoxville,TN,2024-07-25T00:00:00,Silver
C001299,Taylor,Foster,taylor.foster1299@mail.example,Reseller,Coastal,Charleston,SC,2024-06-22T00:00:00,Platinum
C001300,Parker,Morgan,parker.morgan1300@mail.example,Retail,Coastal,Charleston,SC,2024-04-01T00:00:00,Gold
C001301,Quinn,Morgan,quinn.morgan1301@mail.example,Corporate,Blue Ridge,Boone,NC,2025-04-27T00:00:00,Gold
C001302,Emerson,Collins,emerson.collins1302@mail.example,School Program,Blue Ridge,Asheville,NC,2024-09-16T00:00:00,Bronze
C001303,Cameron,Griffin,cameron.griffin1303@mail.example,Loyalty,Piedmont,Hickory,NC,2025-02-06T00:00:00,Silver
C001304,Cameron,Turner,cameron.turner1304@mail.example,Retail,Foothills,Hickory,NC,2025-10-14T00:00:00,Silver
C001305,Finley,Powell,finley.powell1305@mail.example,Corporate,Foothills,Greenville,SC,2024-01-22T00:00:00,Bronze
C001306,Jordan,Turner,jordan.turner1306@mail.example,Corporate,Appalachian,Johnson City,TN,2025-03-19T00:00:00,Silver
C001307,Finley,Wood,finley.wood1307@mail.example,Retail,Smoky Mountains,Knoxville,TN,2024-11-23T00:00:00,Bronze
C001308,Dakota,Bailey,dakota.bailey1308@mail.example,Corporate,Appalachian,Roanoke,VA,2025-09-10T00:00:00,Silver
C001309,Emerson,Turner,emerson.turner1309@mail.example,Retail,Blue Ridge,Asheville,NC,2024-11-23T00:00:00,Platinum
C001310,Drew,Brooks,drew.brooks1310@mail.example,Loyalty,Foothills,Greenville,SC,2025-05-24T00:00:00,Silver
C001311,Drew,Hayes,drew.hayes1311@mail.example,Reseller,Smoky Mountains,Knoxville,TN,2025-06-01T00:00:00,Silver
C001312,Skyler,Powell,skyler.powell1312@mail.example,Retail,Smoky Mountains,Knoxville,TN,2025-09-20T00:00:00,Silver
C001313,Riley,Turner,riley.turner1313@mail.example,Loyalty,Smoky Mountains,Johnson City,TN,2024-01-26T00:00:00,Bronze
C001314,Dakota,Brooks,dakota.brooks1314@mail.example,Reseller,Appalachian,Roanoke,VA,2025-08-10T00:00:00,Platinum
C001315,Drew,Parker,drew.parker1315@mail.example,Loyalty,Blue Ridge,Asheville,NC,2024-06-09T00:00:00,Silver
C001316,Sawyer,Price,sawyer.price1316@mail.example,Loyalty,Piedmont,Columbia,SC,2025-12-13T00:00:00,Gold
C001317,Emerson,Wood,emerson.wood1317@mail.example,Reseller,Appalachian,Boone,NC,2024-11-25T00:00:00,Gold
C001318,Casey,Collins,casey.collins1318@mail.example,Corporate,Blue Ridge,Boone,NC,2025-11-18T00:00:00,Platinum
C001319,Casey,Bennett,casey.bennett1319@mail.example,Reseller,Appalachian,Johnson City,TN,2024-02-04T00:00:00,Platinum
C001320,Casey,Price,casey.price1320@mail.example,Reseller,Foothills,Hickory,NC,2024-09-26T00:00:00,Silver
C001321,Drew,Cooper,drew.cooper1321@mail.example,Loyalty,Foothills,Knoxville,TN,2025-12-12T00:00:00,Gold
C001322,Jordan,Cooper,jordan.cooper1322@mail.example,Corporate,Piedmont,Greenville,SC,2024-04-18T00:00:00,Silver
C001323,Drew,Reed,drew.reed1323@mail.example,Corporate,Coastal,Charleston,SC,2025-10-21T00:00:00,Gold
C001324,Reese,Powell,reese.powell1324@mail.example,Reseller,Foothills,Hickory,NC,2024-06-26T00:00:00,Silver
C001325,Riley,Foster,riley.foster1325@mail.example,School Program,Foothills,Greenville,SC,2025-07-25T00:00:00,Silver
C001326,Avery,Morgan,avery.morgan1326@mail.example,Loyalty,Appalachian,Roanoke,VA,2024-07-19T00:00:00,Platinum
C001327,Quinn,Murphy,quinn.murphy1327@mail.example,Guide Service,Foothills,Hickory,NC,2024-05-03T00:00:00,Silver
C001328,Logan,Cooper,logan.cooper1328@mail.example,Reseller,Appalachian,Boone,NC,2025-03-17T00:00:00,Silver
C001329,Harper,Price,harper.price1329@mail.example,Guide Service,Piedmont,Charlotte,NC,2024-06-13T00:00:00,B2B Account
C001330,Finley,Carter,finley.carter1330@mail.example,Reseller,Foothills,Hickory,NC,2025-06-04T00:00:00,Gold
C001331,Dakota,Sanders,dakota.sanders1331@mail.example,Retail,Piedmont,Hickory,NC,2025-12-05T00:00:00,Silver
C001332,Avery,Bell,avery.bell1332@mail.example,Retail,Foothills,Hickory,NC,2025-09-10T00:00:00,Platinum
C001333,Avery,Carter,avery.carter1333@mail.example,School Program,Foothills,Greenville,SC,2024-09-18T00:00:00,Silver
C001334,Reese,Brooks,reese.brooks1334@mail.example,Retail,Coastal,Charleston,SC,2024-04-26T00:00:00,Silver
C001335,Avery,Murphy,avery.murphy1335@mail.example,School Program,Piedmont,Columbia,SC,2024-06-25T00:00:00,Silver
C001336,Taylor,Powell,taylor.powell1336@mail.example,Retail,Appalachian,Johnson City,TN,2025-01-01T00:00:00,Silver
C001337,Reese,Carter,reese.carter1337@mail.example,Retail,Appalachian,Johnson City,TN,2024-02-25T00:00:00,Bronze
C001338,Jamie,Richardson,jamie.richardson1338@mail.example,Retail,Foothills,Hickory,NC,2025-09-19T00:00:00,Bronze
C001339,Riley,Wood,riley.wood1339@mail.example,Loyalty,Blue Ridge,Asheville,NC,2024-05-24T00:00:00,Bronze
C001340,Reese,Turner,reese.turner1340@mail.example,Guide Service,Piedmont,Columbia,SC,2024-09-04T00:00:00,Silver
C001341,Logan,Wood,logan.wood1341@mail.example,Loyalty,Appalachian,Johnson City,TN,2025-06-09T00:00:00,Silver
C001342,Taylor,Powell,taylor.powell1342@mail.example,Retail,Smoky Mountains,Knoxville,TN,2025-06-04T00:00:00,Bronze
C001343,Skyler,Richardson,skyler.richardson1343@mail.example,Loyalty,Coastal,Charleston,SC,2024-11-04T00:00:00,Silver
C001344,Sawyer,Powell,sawyer.powell1344@mail.example,Retail,Blue Ridge,Asheville,NC,2024-10-24T00:00:00,Gold
C001345,Riley,Morgan,riley.morgan1345@mail.example,Reseller,Appalachian,Asheville,NC,2024-07-15T00:00:00,Bronze
C001346,Dakota,Griffin,dakota.griffin1346@mail.example,Loyalty,Appalachian,Boone,NC,2024-06-08T00:00:00,Silver
C001347,Logan,Carter,logan.carter1347@mail.example,School Program,Piedmont,Columbia,SC,2025-10-12T00:00:00,B2B Account
C001348,Jamie,Collins,jamie.collins1348@mail.example,Reseller,Blue Ridge,Roanoke,VA,2024-01-04T00:00:00,Gold
C001349,Taylor,Wood,taylor.wood1349@mail.example,Loyalty,Appalachian,Johnson City,TN,2025-07-08T00:00:00,Silver
C001350,Sawyer,Turner,sawyer.turner1350@mail.example,Reseller,Appalachian,Roanoke,VA,2025-06-03T00:00:00,Silver
C001351,Parker,Cooper,parker.cooper1351@mail.example,School Program,Coastal,Charleston,SC,2024-11-26T00:00:00,Bronze
C001352,Taylor,Richardson,taylor.richardson1352@mail.example,Loyalty,Appalachian,Boone,NC,2024-08-04T00:00:00,Bronze
C001353,Drew,Carter,drew.carter1353@mail.example,Guide Service,Piedmont,Columbia,SC,2025-10-22T00:00:00,B2B Account
C001354,Reese,Richardson,reese.richardson1354@mail.example,Loyalty,Piedmont,Columbia,SC,2024-08-08T00:00:00,Bronze
C001355,Emerson,Bell,emerson.bell1355@mail.example,Reseller,Piedmont,Columbia,SC,2024-07-17T00:00:00,Bronze
C001356,Dakota,Bell,dakota.bell1356@mail.example,Retail,Piedmont,Charlotte,NC,2025-02-11T00:00:00,Gold
C001357,Emerson,Turner,emerson.turner1357@mail.example,School Program,Appalachian,Roanoke,VA,2025-02-21T00:00:00,Bronze
C001358,Avery,Murphy,avery.murphy1358@mail.example,Loyalty,Appalachian,Boone,NC,2024-04-12T00:00:00,Gold
C001359,Emerson,Price,emerson.price1359@mail.example,Corporate,Piedmont,Hickory,NC,2025-04-27T00:00:00,Bronze
C001360,Taylor,Bell,taylor.bell1360@mail.example,Loyalty,Smoky Mountains,Knoxville,TN,2025-08-04T00:00:00,Gold
C001361,Casey,Bennett,casey.bennett1361@mail.example,Guide Service,Appalachian,Johnson City,TN,2024-07-16T00:00:00,Bronze
C001362,Quinn,Powell,quinn.powell1362@mail.example,Reseller,Foothills,Knoxville,TN,2024-03-15T00:00:00,Silver
C001363,Reese,Sanders,reese.sanders1363@mail.example,Reseller,Foothills,Knoxville,TN,2024-07-27T00:00:00,Bronze
C001364,Taylor,Bennett,taylor.bennett1364@mail.example,Loyalty,Appalachian,Roanoke,VA,2025-04-07T00:00:00,Platinum
C001365,Cameron,Griffin,cameron.griffin1365@mail.example,Guide Service,Blue Ridge,Asheville,NC,2024-02-02T00:00:00,Silver
C001366,Jordan,Hayes,jordan.hayes1366@mail.example,Guide Service,Foothills,Hickory,NC,2024-03-16T00:00:00,Silver
C001367,Riley,Griffin,riley.griffin1367@mail.example,Loyalty,Piedmont,Charlotte,NC,2024-02-12T00:00:00,Bronze
C001368,Jamie,Reed,jamie.reed1368@mail.example,Retail,Piedmont,Charlotte,NC,2025-11-04T00:00:00,Gold
C001369,Riley,Griffin,riley.griffin1369@mail.example,Reseller,Coastal,Charleston,SC,2025-07-18T00:00:00,Gold
C001370,Finley,Wood,finley.wood1370@mail.example,Retail,Blue Ridge,Roanoke,VA,2025-03-16T00:00:00,Silver
C001371,Morgan,Griffin,morgan.griffin1371@mail.example,Guide Service,Smoky Mountains,Knoxville,TN,2024-08-30T00:00:00,Bronze
C001372,Taylor,Bailey,taylor.bailey1372@mail.example,Loyalty,Appalachian,Roanoke,VA,2025-01-19T00:00:00,Silver
C001373,Casey,Turner,casey.turner1373@mail.example,Reseller,Foothills,Hickory,NC,2024-04-03T00:00:00,Platinum
C001374,Finley,Wood,finley.wood1374@mail.example,Loyalty,Coastal,Charleston,SC,2024-09-26T00:00:00,Platinum
C001375,Taylor,Cooper,taylor.cooper1375@mail.example,Corporate,Blue Ridge,Asheville,NC,2024-03-18T00:00:00,Silver
C001376,Drew,Cooper,drew.cooper1376@mail.example,Corporate,Appalachian,Boone,NC,2025-07-19T00:00:00,Platinum
C001377,Rowan,Cooper,rowan.cooper1377@mail.example,Reseller,Appalachian,Johnson City,TN,2025-07-14T00:00:00,Gold
C001378,Avery,Bailey,avery.bailey1378@mail.example,Guide Service,Blue Ridge,Roanoke,VA,2025-07-28T00:00:00,Silver
C001379,Quinn,Turner,quinn.turner1379@mail.example,Loyalty,Foothills,Hickory,NC,2024-08-21T00:00:00,Platinum
C001380,Dakota,Turner,dakota.turner1380@mail.example,Reseller,Foothills,Greenville,SC,2024-08-23T00:00:00,Bronze
C001381,Sawyer,Hayes,sawyer.hayes1381@mail.example,Loyalty,Piedmont,Greenville,SC,2024-05-06T00:00:00,Gold
C001382,Finley,Bell,finley.bell1382@mail.example,Reseller,Piedmont,Charlotte,NC,2025-11-02T00:00:00,Silver
C001383,Emerson,Hayes,emerson.hayes1383@mail.example,School Program,Blue Ridge,Asheville,NC,2025-08-24T00:00:00,Silver
C001384,Jamie,Foster,jamie.foster1384@mail.example,School Program,Appalachian,Boone,NC,2025-10-27T00:00:00,Bronze
C001385,Emerson,Wood,emerson.wood1385@mail.example,Loyalty,Appalachian,Roanoke,VA,2024-01-15T00:00:00,Silver
C001386,Sawyer,Griffin,sawyer.griffin1386@mail.example,School Program,Piedmont,Columbia,SC,2025-03-05T00:00:00,Silver
C001387,Rowan,Carter,rowan.carter1387@mail.example,Guide Service,Blue Ridge,Roanoke,VA,2024-07-13T00:00:00,Bronze
C001388,Cameron,Hayes,cameron.hayes1388@mail.example,Loyalty,Appalachian,Johnson City,TN,2025-08-23T00:00:00,Silver
C001389,Cameron,Hayes,cameron.hayes1389@mail.example,Reseller,Piedmont,Charlotte,NC,2025-12-17T00:00:00,Bronze
C001390,Logan,Parker,logan.parker1390@mail.example,Loyalty,Coastal,Charleston,SC,2025-02-23T00:00:00,Silver
C001391,Casey,Brooks,casey.brooks1391@mail.example,Loyalty,Appalachian,Johnson City,TN,2024-08-02T00:00:00,Platinum
C001392,Avery,Brooks,avery.brooks1392@mail.example,Guide Service,Foothills,Greenville,SC,2025-09-12T00:00:00,Silver
C001393,Harper,Hayes,harper.hayes1393@mail.example,School Program,Appalachian,Boone,NC,2024-06-29T00:00:00,Silver
C001394,Skyler,Bell,skyler.bell1394@mail.example,Corporate,Foothills,Greenville,SC,2024-03-29T00:00:00,Bronze
C001395,Quinn,Price,quinn.price1395@mail.example,Corporate,Foothills,Knoxville,TN,2025-02-20T00:00:00,Bronze
C001396,Harper,Powell,harper.powell1396@mail.example,Reseller,Piedmont,Charlotte,NC,2025-02-04T00:00:00,Silver
C001397,Riley,Powell,riley.powell1397@mail.example,School Program,Appalachian,Boone,NC,2024-05-10T00:00:00,Silver
C001398,Sawyer,Bennett,sawyer.bennett1398@mail.example,Corporate,Blue Ridge,Asheville,NC,2024-05-02T00:00:00,Bronze
C001399,Jordan,Bell,jordan.bell1399@mail.example,Corporate,Appalachian,Johnson City,TN,2025-02-12T00:00:00,Platinum
C001400,Sawyer,Bennett,sawyer.bennett1400@mail.example,Loyalty,Piedmont,Charlotte,NC,2024-06-10T00:00:00,Gold
C001401,Reese,Parker,reese.parker1401@mail.example,School Program,Coastal,Charleston,SC,2024-01-26T00:00:00,Bronze
C001402,Cameron,Morgan,cameron.morgan1402@mail.example,Guide Service,Smoky Mountains,Knoxville,TN,2025-10-05T00:00:00,Silver
C001403,Jamie,Bennett,jamie.bennett1403@mail.example,Retail,Appalachian,Boone,NC,2024-03-13T00:00:00,Bronze
C001404,Cameron,Richardson,cameron.richardson1404@mail.example,Loyalty,Smoky Mountains,Knoxville,TN,2025-07-02T00:00:00,Gold
C001405,Drew,Griffin,drew.griffin1405@mail.example,Retail,Blue Ridge,Asheville,NC,2025-08-24T00:00:00,Gold
C001406,Morgan,Carter,morgan.carter1406@mail.example,School Program,Piedmont,Columbia,SC,2025-07-31T00:00:00,B2B Account
C001407,Logan,Bennett,logan.bennett1407@mail.example,Loyalty,Piedmont,Charlotte,NC,2025-05-10T00:00:00,Gold
C001408,Quinn,Collins,quinn.collins1408@mail.example,Guide Service,Smoky Mountains,Knoxville,TN,2024-12-16T00:00:00,Silver
C001409,Cameron,Parker,cameron.parker1409@mail.example,Retail,Coastal,Charleston,SC,2024-09-12T00:00:00,Silver
C001410,Dakota,Collins,dakota.collins1410@mail.example,Guide Service,Foothills,Hickory,NC,2024-01-14T00:00:00,Bronze
C001411,Harper,Griffin,harper.griffin1411@mail.example,Loyalty,Appalachian,Johnson City,TN,2024-12-27T00:00:00,Bronze
C001412,Skyler,Cooper,skyler.cooper1412@mail.example,School Program,Piedmont,Columbia,SC,2024-05-29T00:00:00,Silver
C001413,Parker,Parker,parker.parker1413@mail.example,School Program,Appalachian,Johnson City,TN,2025-05-19T00:00:00,Bronze
C001414,Skyler,Foster,skyler.foster1414@mail.example,Retail,Foothills,Hickory,NC,2025-06-04T00:00:00,Gold
C001415,Harper,Sanders,harper.sanders1415@mail.example,School Program,Blue Ridge,Asheville,NC,2025-06-26T00:00:00,Silver
C001416,Logan,Carter,logan.carter1416@mail.example,Loyalty,Piedmont,Charlotte,NC,2024-12-27T00:00:00,Silver
C001417,Rowan,Bennett,rowan.bennett1417@mail.example,School Program,Foothills,Greenville,SC,2025-03-17T00:00:00,Silver
C001418,Jordan,Richardson,jordan.richardson1418@mail.example,Corporate,Blue Ridge,Asheville,NC,2025-08-22T00:00:00,Gold
C001419,Reese,Brooks,reese.brooks1419@mail.example,Retail,Appalachian,Asheville,NC,2024-12-11T00:00:00,Gold
C001420,Emerson,Griffin,emerson.griffin1420@mail.example,School Program,Appalachian,Roanoke,VA,2025-05-03T00:00:00,Silver
C001421,Avery,Murphy,avery.murphy1421@mail.example,Reseller,Piedmont,Columbia,SC,2024-10-22T00:00:00,Bronze
C001422,Reese,Bell,reese.bell1422@mail.example,Corporate,Appalachian,Roanoke,VA,2025-07-08T00:00:00,Bronze
C001423,Avery,Murphy,avery.murphy1423@mail.example,Guide Service,Smoky Mountains,Johnson City,TN,2025-06-18T00:00:00,Silver
C001424,Skyler,Turner,skyler.turner1424@mail.example,Guide Service,Appalachian,Roanoke,VA,2024-11-15T00:00:00,Bronze
C001425,Jordan,Bennett,jordan.bennett1425@mail.example,Retail,Piedmont,Charlotte,NC,2025-04-07T00:00:00,Platinum
C001426,Jordan,Wood,jordan.wood1426@mail.example,Retail,Coastal,Charleston,SC,2025-11-03T00:00:00,Silver
C001427,Avery,Bell,avery.bell1427@mail.example,Retail,Appalachian,Boone,NC,2025-10-23T00:00:00,Platinum
C001428,Dakota,Powell,dakota.powell1428@mail.example,School Program,Coastal,Charleston,SC,2025-08-02T00:00:00,Silver
C001429,Rowan,Cooper,rowan.cooper1429@mail.example,Loyalty,Appalachian,Johnson City,TN,2025-09-19T00:00:00,Bronze
C001430,Taylor,Cooper,taylor.cooper1430@mail.example,Guide Service,Foothills,Hickory,NC,2025-12-10T00:00:00,Silver
C001431,Morgan,Richardson,morgan.richardson1431@mail.example,Reseller,Appalachian,Boone,NC,2025-02-21T00:00:00,Gold
C001432,Drew,Richardson,drew.richardson1432@mail.example,Loyalty,Appalachian,Johnson City,TN,2025-05-29T00:00:00,Gold
C001433,Harper,Price,harper.price1433@mail.example,School Program,Smoky Mountains,Knoxville,TN,2025-04-20T00:00:00,Bronze
C001434,Morgan,Brooks,morgan.brooks1434@mail.example,School Program,Appalachian,Roanoke,VA,2024-02-20T00:00:00,Bronze
C001435,Reese,Powell,reese.powell1435@mail.example,Retail,Piedmont,Columbia,SC,2025-01-19T00:00:00,Gold
C001436,Harper,Parker,harper.parker1436@mail.example,Corporate,Appalachian,Roanoke,VA,2025-08-17T00:00:00,Gold
C001437,Quinn,Parker,quinn.parker1437@mail.example,Reseller,Smoky Mountains,Knoxville,TN,2025-02-22T00:00:00,Silver
C001438,Cameron,Wood,cameron.wood1438@mail.example,Loyalty,Piedmont,Columbia,SC,2025-03-01T00:00:00,Silver
C001439,Reese,Parker,reese.parker1439@mail.example,Loyalty,Piedmont,Columbia,SC,2025-07-24T00:00:00,Bronze
C001440,Drew,Richardson,drew.richardson1440@mail.example,Guide Service,Piedmont,Columbia,SC,2024-04-08T00:00:00,Silver
C001441,Casey,Price,casey.price1441@mail.example,Guide Service,Blue Ridge,Asheville,NC,2025-10-15T00:00:00,Bronze
C001442,Riley,Price,riley.price1442@mail.example,School Program,Appalachian,Johnson City,TN,2024-09-20T00:00:00,B2B Account
C001443,Jordan,Wood,jordan.wood1443@mail.example,Retail,Appalachian,Roanoke,VA,2025-09-11T00:00:00,Silver
C001444,Casey,Hayes,casey.hayes1444@mail.example,Corporate,Piedmont,Charlotte,NC,2024-10-02T00:00:00,Silver
C001445,Sawyer,Sanders,sawyer.sanders1445@mail.example,Retail,Appalachian,Roanoke,VA,2025-01-11T00:00:00,Silver
C001446,Rowan,Bailey,rowan.bailey1446@mail.example,School Program,Foothills,Knoxville,TN,2025-12-06T00:00:00,Silver
C001447,Jamie,Parker,jamie.parker1447@mail.example,School Program,Foothills,Greenville,SC,2025-06-13T00:00:00,Silver
C001448,Rowan,Griffin,rowan.griffin1448@mail.example,Corporate,Appalachian,Johnson City,TN,2024-10-07T00:00:00,Gold
C001449,Quinn,Sanders,quinn.sanders1449@mail.example,School Program,Appalachian,Roanoke,VA,2025-04-19T00:00:00,Silver
C001450,Dakota,Foster,dakota.foster1450@mail.example,Reseller,Piedmont,Columbia,SC,2024-09-11T00:00:00,Silver
C001451,Dakota,Richardson,dakota.richardson1451@mail.example,Retail,Appalachian,Roanoke,VA,2024-07-25T00:00:00,Silver
C001452,Dakota,Foster,dakota.foster1452@mail.example,Guide Service,Appalachian,Roanoke,VA,2024-02-04T00:00:00,Silver
C001453,Casey,Bennett,casey.bennett1453@mail.example,Corporate,Foothills,Hickory,NC,2025-05-24T00:00:00,Silver
C001454,Casey,Foster,casey.foster1454@mail.example,Guide Service,Smoky Mountains,Johnson City,TN,2025-09-06T00:00:00,Bronze
C001455,Drew,Turner,drew.turner1455@mail.example,Retail,Appalachian,Roanoke,VA,2024-03-09T00:00:00,Silver
C001456,Reese,Parker,reese.parker1456@mail.example,Corporate,Blue Ridge,Roanoke,VA,2025-12-09T00:00:00,Gold
C001457,Dakota,Turner,dakota.turner1457@mail.example,Retail,Appalachian,Roanoke,VA,2024-08-31T00:00:00,Gold
C001458,Casey,Wood,casey.wood1458@mail.example,Corporate,Smoky Mountains,Knoxville,TN,2024-08-18T00:00:00,Platinum
C001459,Jamie,Wood,jamie.wood1459@mail.example,Corporate,Blue Ridge,Asheville,NC,2025-03-10T00:00:00,Gold
C001460,Finley,Bell,finley.bell1460@mail.example,Loyalty,Appalachian,Boone,NC,2024-06-16T00:00:00,Gold
C001461,Dakota,Price,dakota.price1461@mail.example,Retail,Appalachian,Boone,NC,2025-05-09T00:00:00,Silver
C001462,Reese,Cooper,reese.cooper1462@mail.example,Retail,Coastal,Charleston,SC,2025-11-06T00:00:00,Gold
C001463,Avery,Morgan,avery.morgan1463@mail.example,Loyalty,Appalachian,Asheville,NC,2024-06-06T00:00:00,Bronze
C001464,Dakota,Wood,dakota.wood1464@mail.example,School Program,Piedmont,Columbia,SC,2024-01-10T00:00:00,Bronze
C001465,Harper,Morgan,harper.morgan1465@mail.example,School Program,Foothills,Hickory,NC,2024-06-05T00:00:00,Silver
C001466,Cameron,Carter,cameron.carter1466@mail.example,Loyalty,Appalachian,Boone,NC,2024-06-09T00:00:00,Silver
C001467,Cameron,Price,cameron.price1467@mail.example,Corporate,Piedmont,Greenville,SC,2024-02-02T00:00:00,Gold
C001468,Parker,Bell,parker.bell1468@mail.example,Loyalty,Piedmont,Columbia,SC,2025-11-04T00:00:00,Gold
C001469,Finley,Parker,finley.parker1469@mail.example,Guide Service,Piedmont,Charlotte,NC,2024-07-13T00:00:00,Silver
C001470,Drew,Griffin,drew.griffin1470@mail.example,Loyalty,Coastal,Charleston,SC,2024-09-10T00:00:00,Bronze
C001471,Logan,Carter,logan.carter1471@mail.example,Retail,Blue Ridge,Boone,NC,2024-10-19T00:00:00,Platinum
C001472,Dakota,Griffin,dakota.griffin1472@mail.example,Guide Service,Appalachian,Johnson City,TN,2025-10-29T00:00:00,Bronze
C001473,Jamie,Murphy,jamie.murphy1473@mail.example,Corporate,Coastal,Charleston,SC,2024-04-15T00:00:00,Bronze
C001474,Skyler,Cooper,skyler.cooper1474@mail.example,School Program,Piedmont,Hickory,NC,2024-09-25T00:00:00,Bronze
C001475,Skyler,Sanders,skyler.sanders1475@mail.example,Corporate,Appalachian,Roanoke,VA,2024-09-08T00:00:00,Platinum
C001476,Jordan,Hayes,jordan.hayes1476@mail.example,Reseller,Piedmont,Charlotte,NC,2024-03-23T00:00:00,Silver
C001477,Morgan,Turner,morgan.turner1477@mail.example,Corporate,Smoky Mountains,Knoxville,TN,2025-02-09T00:00:00,Bronze
C001478,Cameron,Bennett,cameron.bennett1478@mail.example,School Program,Smoky Mountains,Knoxville,TN,2024-08-18T00:00:00,Bronze
C001479,Jordan,Carter,jordan.carter1479@mail.example,School Program,Piedmont,Columbia,SC,2024-08-01T00:00:00,Bronze
C001480,Skyler,Bennett,skyler.bennett1480@mail.example,Reseller,Appalachian,Asheville,NC,2025-01-12T00:00:00,Bronze
C001481,Finley,Carter,finley.carter1481@mail.example,Guide Service,Smoky Mountains,Knoxville,TN,2025-03-30T00:00:00,Bronze
C001482,Reese,Sanders,reese.sanders1482@mail.example,Loyalty,Coastal,Charleston,SC,2024-04-01T00:00:00,Platinum
C001483,Jamie,Reed,jamie.reed1483@mail.example,Guide Service,Piedmont,Columbia,SC,2025-09-18T00:00:00,Silver
C001484,Skyler,Hayes,skyler.hayes1484@mail.example,Guide Service,Blue Ridge,Asheville,NC,2024-10-22T00:00:00,Silver
C001485,Parker,Powell,parker.powell1485@mail.example,Guide Service,Blue Ridge,Asheville,NC,2024-09-21T00:00:00,Silver
C001486,Jamie,Collins,jamie.collins1486@mail.example,Corporate,Foothills,Hickory,NC,2025-05-19T00:00:00,Gold
C001487,Rowan,Brooks,rowan.brooks1487@mail.example,Guide Service,Piedmont,Columbia,SC,2024-02-28T00:00:00,B2B Account
C001488,Sawyer,Brooks,sawyer.brooks1488@mail.example,School Program,Appalachian,Boone,NC,2025-04-26T00:00:00,B2B Account
C001489,Parker,Brooks,parker.brooks1489@mail.example,Retail,Coastal,Charleston,SC,2024-09-17T00:00:00,Gold
C001490,Harper,Turner,harper.turner1490@mail.example,Reseller,Appalachian,Johnson City,TN,2025-06-18T00:00:00,Silver
C001491,Taylor,Griffin,taylor.griffin1491@mail.example,Loyalty,Appalachian,Asheville,NC,2025-04-18T00:00:00,Silver
C001492,Emerson,Foster,emerson.foster1492@mail.example,School Program,Foothills,Hickory,NC,2025-09-15T00:00:00,Silver
C001493,Casey,Foster,casey.foster1493@mail.example,School Program,Piedmont,Hickory,NC,2025-09-01T00:00:00,B2B Account
C001494,Quinn,Bailey,quinn.bailey1494@mail.example,Loyalty,Appalachian,Roanoke,VA,2024-09-12T00:00:00,Silver
C001495,Parker,Brooks,parker.brooks1495@mail.example,Retail,Piedmont,Hickory,NC,2025-10-10T00:00:00,Bronze
C001496,Dakota,Powell,dakota.powell1496@mail.example,School Program,Piedmont,Charlotte,NC,2025-03-01T00:00:00,Silver
C001497,Jamie,Morgan,jamie.morgan1497@mail.example,Retail,Appalachian,Roanoke,VA,2024-09-03T00:00:00,Silver
C001498,Quinn,Richardson,quinn.richardson1498@mail.example,Loyalty,Coastal,Charleston,SC,2024-08-09T00:00:00,Silver
C001499,Cameron,Price,cameron.price1499@mail.example,Guide Service,Foothills,Greenville,SC,2025-11-13T00:00:00,Bronze
C001500,Casey,Foster,casey.foster1500@mail.example,Corporate,Smoky Mountains,Johnson City,TN,2025-11-07T00:00:00,Bronze
C001501,Casey,Foster,casey.foster1501@mail.example,Guide Service,Blue Ridge,Asheville,NC,2025-09-10T00:00:00,Bronze
C001502,Dakota,Carter,dakota.carter1502@mail.example,Retail,Appalachian,Asheville,NC,2025-12-07T00:00:00,Bronze
C001503,Taylor,Bell,taylor.bell1503@mail.example,Corporate,Foothills,Greenville,SC,2025-09-06T00:00:00,Silver
C001504,Emerson,Bell,emerson.bell1504@mail.example,Guide Service,Coastal,Charleston,SC,2024-04-03T00:00:00,B2B Account
C001505,Emerson,Brooks,emerson.brooks1505@mail.example,Loyalty,Piedmont,Columbia,SC,2024-02-05T00:00:00,Gold
C001506,Jordan,Hayes,jordan.hayes1506@mail.example,School Program,Piedmont,Charlotte,NC,2025-10-03T00:00:00,Bronze
C001507,Casey,Sanders,casey.sanders1507@mail.example,Loyalty,Piedmont,Columbia,SC,2024-09-26T00:00:00,Silver
C001508,Quinn,Richardson,quinn.richardson1508@mail.example,Corporate,Appalachian,Johnson City,TN,2024-07-23T00:00:00,Gold
C001509,Drew,Murphy,drew.murphy1509@mail.example,Loyalty,Piedmont,Columbia,SC,2024-11-07T00:00:00,Gold
C001510,Rowan,Bennett,rowan.bennett1510@mail.example,Loyalty,Piedmont,Charlotte,NC,2024-03-24T00:00:00,Gold
C001511,Jordan,Foster,jordan.foster1511@mail.example,Retail,Piedmont,Charlotte,NC,2025-05-14T00:00:00,Bronze
C001512,Quinn,Griffin,quinn.griffin1512@mail.example,Guide Service,Appalachian,Boone,NC,2024-04-23T00:00:00,Bronze
C001513,Casey,Hayes,casey.hayes1513@mail.example,Guide Service,Foothills,Greenville,SC,2024-09-26T00:00:00,Bronze
C001514,Cameron,Powell,cameron.powell1514@mail.example,Corporate,Blue Ridge,Boone,NC,2024-11-11T00:00:00,Platinum
C001515,Sawyer,Bell,sawyer.bell1515@mail.example,Guide Service,Appalachian,Johnson City,TN,2025-12-15T00:00:00,B2B Account
C001516,Morgan,Turner,morgan.turner1516@mail.example,Loyalty,Piedmont,Columbia,SC,2024-11-11T00:00:00,Silver
C001517,Sawyer,Bell,sawyer.bell1517@mail.example,Reseller,Appalachian,Roanoke,VA,2024-08-20T00:00:00,Platinum
C001518,Casey,Powell,casey.powell1518@mail.example,Retail,Coastal,Charleston,SC,2024-10-10T00:00:00,Silver
C001519,Drew,Cooper,drew.cooper1519@mail.example,Corporate,Coastal,Charleston,SC,2025-08-10T00:00:00,Gold
C001520,Sawyer,Carter,sawyer.carter1520@mail.example,Retail,Appalachian,Johnson City,TN,2024-12-05T00:00:00,Bronze
C001521,Jamie,Wood,jamie.wood1521@mail.example,Retail,Appalachian,Johnson City,TN,2025-01-20T00:00:00,Platinum
C001522,Parker,Sanders,parker.sanders1522@mail.example,Loyalty,Coastal,Charleston,SC,2025-01-22T00:00:00,Gold
C001523,Logan,Foster,logan.foster1523@mail.example,School Program,Appalachian,Johnson City,TN,2025-10-14T00:00:00,Bronze
C001524,Casey,Griffin,casey.griffin1524@mail.example,School Program,Blue Ridge,Asheville,NC,2025-12-23T00:00:00,Silver
C001525,Rowan,Turner,rowan.turner1525@mail.example,Guide Service,Blue Ridge,Asheville,NC,2025-07-18T00:00:00,Bronze
C001526,Reese,Bailey,reese.bailey1526@mail.example,School Program,Foothills,Greenville,SC,2025-08-13T00:00:00,Bronze
C001527,Harper,Hayes,harper.hayes1527@mail.example,Guide Service,Piedmont,Columbia,SC,2025-09-26T00:00:00,Bronze
C001528,Logan,Richardson,logan.richardson1528@mail.example,Corporate,Foothills,Hickory,NC,2025-11-03T00:00:00,Platinum
C001529,Taylor,Brooks,taylor.brooks1529@mail.example,Retail,Foothills,Greenville,SC,2024-02-26T00:00:00,Gold
C001530,Drew,Collins,drew.collins1530@mail.example,Corporate,Coastal,Charleston,SC,2025-05-28T00:00:00,Platinum
C001531,Drew,Bell,drew.bell1531@mail.example,Reseller,Appalachian,Johnson City,TN,2025-09-18T00:00:00,Platinum
C001532,Emerson,Price,emerson.price1532@mail.example,Guide Service,Appalachian,Asheville,NC,2024-11-15T00:00:00,B2B Account
C001533,Drew,Collins,drew.collins1533@mail.example,Reseller,Foothills,Greenville,SC,2025-02-02T00:00:00,Gold
C001534,Jamie,Turner,jamie.turner1534@mail.example,Corporate,Piedmont,Columbia,SC,2025-11-02T00:00:00,Gold
C001535,Jordan,Powell,jordan.powell1535@mail.example,Retail,Appalachian,Asheville,NC,2025-06-27T00:00:00,Platinum
C001536,Jordan,Murphy,jordan.murphy1536@mail.example,Corporate,Appalachian,Roanoke,VA,2024-10-12T00:00:00,Gold
C001537,Drew,Wood,drew.wood1537@mail.example,Guide Service,Coastal,Charleston,SC,2024-12-01T00:00:00,Silver
C001538,Morgan,Hayes,morgan.hayes1538@mail.example,Corporate,Piedmont,Columbia,SC,2024-01-18T00:00:00,Platinum
C001539,Finley,Powell,finley.powell1539@mail.example,Reseller,Foothills,Hickory,NC,2024-06-07T00:00:00,Platinum
C001540,Rowan,Reed,rowan.reed1540@mail.example,School Program,Appalachian,Roanoke,VA,2024-04-24T00:00:00,Silver
C001541,Rowan,Parker,rowan.parker1541@mail.example,Retail,Smoky Mountains,Johnson City,TN,2024-02-19T00:00:00,Silver
C001542,Jordan,Morgan,jordan.morgan1542@mail.example,Loyalty,Foothills,Greenville,SC,2024-05-22T00:00:00,Gold
C001543,Rowan,Richardson,rowan.richardson1543@mail.example,Retail,Appalachian,Boone,NC,2025-06-07T00:00:00,Bronze
C001544,Riley,Wood,riley.wood1544@mail.example,Retail,Appalachian,Johnson City,TN,2024-10-21T00:00:00,Bronze
C001545,Jordan,Murphy,jordan.murphy1545@mail.example,School Program,Piedmont,Charlotte,NC,2024-12-08T00:00:00,Bronze
C001546,Quinn,Hayes,quinn.hayes1546@mail.example,Retail,Smoky Mountains,Johnson City,TN,2025-10-16T00:00:00,Gold
C001547,Dakota,Sanders,dakota.sanders1547@mail.example,Guide Service,Piedmont,Columbia,SC,2025-11-10T00:00:00,B2B Account
C001548,Avery,Morgan,avery.morgan1548@mail.example,Reseller,Piedmont,Charlotte,NC,2025-01-09T00:00:00,Gold
C001549,Riley,Price,riley.price1549@mail.example,Reseller,Piedmont,Hickory,NC,2025-10-21T00:00:00,Silver
C001550,Emerson,Turner,emerson.turner1550@mail.example,Guide Service,Smoky Mountains,Knoxville,TN,2024-06-07T00:00:00,Bronze
C001551,Cameron,Murphy,cameron.murphy1551@mail.example,Reseller,Smoky Mountains,Knoxville,TN,2024-01-07T00:00:00,Platinum
C001552,Quinn,Bennett,quinn.bennett1552@mail.example,Corporate,Coastal,Charleston,SC,2025-12-23T00:00:00,Gold
C001553,Logan,Collins,logan.collins1553@mail.example,Retail,Piedmont,Charlotte,NC,2025-01-07T00:00:00,Bronze
C001554,Taylor,Collins,taylor.collins1554@mail.example,Loyalty,Appalachian,Boone,NC,2025-11-13T00:00:00,Platinum
C001555,Dakota,Powell,dakota.powell1555@mail.example,Guide Service,Foothills,Greenville,SC,2024-05-19T00:00:00,Bronze
C001556,Harper,Price,harper.price1556@mail.example,School Program,Blue Ridge,Asheville,NC,2024-02-21T00:00:00,Bronze
C001557,Riley,Sanders,riley.sanders1557@mail.example,Corporate,Piedmont,Columbia,SC,2025-03-18T00:00:00,Gold
C001558,Reese,Brooks,reese.brooks1558@mail.example,Retail,Appalachian,Boone,NC,2024-12-19T00:00:00,Gold
C001559,Quinn,Turner,quinn.turner1559@mail.example,Corporate,Appalachian,Boone,NC,2025-10-19T00:00:00,Bronze
C001560,Sawyer,Collins,sawyer.collins1560@mail.example,Corporate,Piedmont,Hickory,NC,2025-08-28T00:00:00,Platinum
C001561,Quinn,Foster,quinn.foster1561@mail.example,School Program,Piedmont,Charlotte,NC,2024-10-05T00:00:00,Silver
C001562,Reese,Carter,reese.carter1562@mail.example,Loyalty,Appalachian,Boone,NC,2024-12-12T00:00:00,Silver
C001563,Taylor,Bell,taylor.bell1563@mail.example,Corporate,Appalachian,Roanoke,VA,2025-03-09T00:00:00,Platinum
C001564,Parker,Bell,parker.bell1564@mail.example,School Program,Smoky Mountains,Knoxville,TN,2025-04-17T00:00:00,Bronze
C001565,Sawyer,Bell,sawyer.bell1565@mail.example,Guide Service,Blue Ridge,Roanoke,VA,2024-09-15T00:00:00,B2B Account
C001566,Taylor,Brooks,taylor.brooks1566@mail.example,Loyalty,Foothills,Hickory,NC,2025-05-07T00:00:00,Gold
C001567,Cameron,Carter,cameron.carter1567@mail.example,Guide Service,Appalachian,Roanoke,VA,2025-01-23T00:00:00,B2B Account
C001568,Finley,Reed,finley.reed1568@mail.example,Loyalty,Blue Ridge,Asheville,NC,2025-10-09T00:00:00,Silver
C001569,Jordan,Morgan,jordan.morgan1569@mail.example,Retail,Piedmont,Hickory,NC,2025-08-01T00:00:00,Bronze
C001570,Riley,Murphy,riley.murphy1570@mail.example,School Program,Piedmont,Charlotte,NC,2025-11-22T00:00:00,Silver
C001571,Riley,Cooper,riley.cooper1571@mail.example,Guide Service,Piedmont,Columbia,SC,2025-01-28T00:00:00,B2B Account
C001572,Cameron,Collins,cameron.collins1572@mail.example,Guide Service,Appalachian,Roanoke,VA,2025-07-07T00:00:00,Bronze
C001573,Jordan,Turner,jordan.turner1573@mail.example,Retail,Appalachian,Johnson City,TN,2024-05-21T00:00:00,Bronze
C001574,Quinn,Hayes,quinn.hayes1574@mail.example,Retail,Appalachian,Johnson City,TN,2025-07-28T00:00:00,Bronze
C001575,Taylor,Morgan,taylor.morgan1575@mail.example,Loyalty,Foothills,Greenville,SC,2025-05-04T00:00:00,Gold
C001576,Taylor,Powell,taylor.powell1576@mail.example,Corporate,Blue Ridge,Roanoke,VA,2025-12-20T00:00:00,Silver
C001577,Morgan,Cooper,morgan.cooper1577@mail.example,School Program,Smoky Mountains,Knoxville,TN,2025-08-16T00:00:00,Bronze
C001578,Rowan,Reed,rowan.reed1578@mail.example,Guide Service,Coastal,Charleston,SC,2024-01-24T00:00:00,B2B Account
C001579,Casey,Bailey,casey.bailey1579@mail.example,School Program,Appalachian,Roanoke,VA,2024-05-14T00:00:00,Silver
C001580,Emerson,Griffin,emerson.griffin1580@mail.example,Reseller,Piedmont,Columbia,SC,2025-06-01T00:00:00,Gold
C001581,Dakota,Parker,dakota.parker1581@mail.example,School Program,Blue Ridge,Asheville,NC,2024-06-03T00:00:00,Silver
C001582,Dakota,Bailey,dakota.bailey1582@mail.example,Corporate,Piedmont,Hickory,NC,2025-01-24T00:00:00,Platinum
C001583,Quinn,Richardson,quinn.richardson1583@mail.example,School Program,Appalachian,Johnson City,TN,2024-12-14T00:00:00,Silver
C001584,Rowan,Bailey,rowan.bailey1584@mail.example,Loyalty,Smoky Mountains,Knoxville,TN,2025-04-07T00:00:00,Bronze
C001585,Quinn,Griffin,quinn.griffin1585@mail.example,Guide Service,Appalachian,Roanoke,VA,2024-05-03T00:00:00,Silver
C001586,Reese,Reed,reese.reed1586@mail.example,Guide Service,Appalachian,Roanoke,VA,2025-02-01T00:00:00,Silver
C001587,Taylor,Sanders,taylor.sanders1587@mail.example,Reseller,Appalachian,Boone,NC,2024-01-26T00:00:00,Silver
C001588,Drew,Richardson,drew.richardson1588@mail.example,Corporate,Appalachian,Roanoke,VA,2024-09-08T00:00:00,Platinum
C001589,Cameron,Collins,cameron.collins1589@mail.example,Loyalty,Piedmont,Columbia,SC,2025-01-19T00:00:00,Platinum
C001590,Finley,Brooks,finley.brooks1590@mail.example,Corporate,Appalachian,Asheville,NC,2024-11-09T00:00:00,Platinum
C001591,Emerson,Carter,emerson.carter1591@mail.example,Retail,Blue Ridge,Roanoke,VA,2025-01-19T00:00:00,Silver
C001592,Finley,Price,finley.price1592@mail.example,Guide Service,Smoky Mountains,Johnson City,TN,2025-06-27T00:00:00,B2B Account
C001593,Emerson,Powell,emerson.powell1593@mail.example,Corporate,Appalachian,Roanoke,VA,2024-02-16T00:00:00,Platinum
C001594,Skyler,Bailey,skyler.bailey1594@mail.example,School Program,Foothills,Greenville,SC,2024-01-31T00:00:00,Bronze
C001595,Riley,Cooper,riley.cooper1595@mail.example,Reseller,Appalachian,Johnson City,TN,2024-06-27T00:00:00,Silver
C001596,Quinn,Reed,quinn.reed1596@mail.example,School Program,Piedmont,Columbia,SC,2024-06-17T00:00:00,Silver
C001597,Emerson,Carter,emerson.carter1597@mail.example,Loyalty,Smoky Mountains,Knoxville,TN,2025-01-05T00:00:00,Bronze
C001598,Quinn,Turner,quinn.turner1598@mail.example,Loyalty,Smoky Mountains,Knoxville,TN,2025-12-01T00:00:00,Gold
C001599,Reese,Reed,reese.reed1599@mail.example,Reseller,Foothills,Greenville,SC,2025-04-30T00:00:00,Silver
C001600,Jamie,Bennett,jamie.bennett1600@mail.example,Loyalty,Foothills,Hickory,NC,2025-02-25T00:00:00,Gold
C001601,Casey,Carter,casey.carter1601@mail.example,Loyalty,Blue Ridge,Boone,NC,2024-08-25T00:00:00,Gold
C001602,Parker,Brooks,parker.brooks1602@mail.example,School Program,Foothills,Hickory,NC,2024-08-05T00:00:00,Bronze
C001603,Riley,Wood,riley.wood1603@mail.example,Reseller,Piedmont,Charlotte,NC,2025-08-25T00:00:00,Gold
C001604,Skyler,Bennett,skyler.bennett1604@mail.example,Retail,Coastal,Charleston,SC,2024-03-12T00:00:00,Bronze
C001605,Casey,Parker,casey.parker1605@mail.example,Corporate,Smoky Mountains,Knoxville,TN,2024-07-29T00:00:00,Platinum
C001606,Cameron,Parker,cameron.parker1606@mail.example,School Program,Coastal,Charleston,SC,2024-08-19T00:00:00,Silver
C001607,Parker,Reed,parker.reed1607@mail.example,School Program,Piedmont,Columbia,SC,2025-08-13T00:00:00,Silver
C001608,Parker,Bell,parker.bell1608@mail.example,Corporate,Coastal,Charleston,SC,2025-06-08T00:00:00,Gold
C001609,Riley,Bell,riley.bell1609@mail.example,Retail,Foothills,Greenville,SC,2024-12-03T00:00:00,Bronze
C001610,Parker,Bennett,parker.bennett1610@mail.example,Retail,Appalachian,Johnson City,TN,2024-01-02T00:00:00,Bronze
C001611,Quinn,Carter,quinn.carter1611@mail.example,Retail,Appalachian,Johnson City,TN,2024-12-03T00:00:00,Gold
C001612,Rowan,Foster,rowan.foster1612@mail.example,Retail,Foothills,Hickory,NC,2025-09-23T00:00:00,Silver
C001613,Parker,Morgan,parker.morgan1613@mail.example,Loyalty,Piedmont,Charlotte,NC,2025-01-26T00:00:00,Gold
C001614,Morgan,Collins,morgan.collins1614@mail.example,Retail,Foothills,Hickory,NC,2024-05-20T00:00:00,Silver
C001615,Rowan,Reed,rowan.reed1615@mail.example,Loyalty,Appalachian,Boone,NC,2025-02-04T00:00:00,Gold
C001616,Harper,Reed,harper.reed1616@mail.example,Corporate,Foothills,Greenville,SC,2025-09-02T00:00:00,Silver
C001617,Casey,Parker,casey.parker1617@mail.example,Loyalty,Blue Ridge,Asheville,NC,2025-06-14T00:00:00,Silver
C001618,Reese,Powell,reese.powell1618@mail.example,School Program,Foothills,Hickory,NC,2024-01-15T00:00:00,Silver
C001619,Logan,Sanders,logan.sanders1619@mail.example,Corporate,Piedmont,Columbia,SC,2024-07-13T00:00:00,Silver
C001620,Skyler,Wood,skyler.wood1620@mail.example,Guide Service,Piedmont,Greenville,SC,2025-09-20T00:00:00,Silver
C001621,Emerson,Bell,emerson.bell1621@mail.example,Loyalty,Foothills,Hickory,NC,2025-07-20T00:00:00,Silver
C001622,Jordan,Bell,jordan.bell1622@mail.example,Guide Service,Smoky Mountains,Johnson City,TN,2025-05-01T00:00:00,Silver
C001623,Reese,Hayes,reese.hayes1623@mail.example,Corporate,Smoky Mountains,Knoxville,TN,2025-04-28T00:00:00,Silver
C001624,Reese,Bennett,reese.bennett1624@mail.example,Reseller,Appalachian,Boone,NC,2024-04-11T00:00:00,Platinum
C001625,Casey,Turner,casey.turner1625@mail.example,Guide Service,Smoky Mountains,Knoxville,TN,2024-10-29T00:00:00,Bronze
C001626,Rowan,Brooks,rowan.brooks1626@mail.example,Retail,Appalachian,Roanoke,VA,2025-01-17T00:00:00,Bronze
C001627,Logan,Morgan,logan.morgan1627@mail.example,Reseller,Piedmont,Columbia,SC,2025-11-20T00:00:00,Bronze
C001628,Sawyer,Carter,sawyer.carter1628@mail.example,Loyalty,Smoky Mountains,Knoxville,TN,2024-02-10T00:00:00,Gold
C001629,Morgan,Richardson,morgan.richardson1629@mail.example,Reseller,Appalachian,Boone,NC,2024-07-15T00:00:00,Silver
C001630,Finley,Foster,finley.foster1630@mail.example,Corporate,Appalachian,Boone,NC,2025-06-26T00:00:00,Bronze
C001631,Cameron,Carter,cameron.carter1631@mail.example,Reseller,Coastal,Charleston,SC,2025-10-20T00:00:00,Silver
C001632,Emerson,Collins,emerson.collins1632@mail.example,Retail,Appalachian,Johnson City,TN,2024-11-22T00:00:00,Bronze
C001633,Avery,Foster,avery.foster1633@mail.example,Corporate,Blue Ridge,Asheville,NC,2025-08-17T00:00:00,Gold
C001634,Emerson,Foster,emerson.foster1634@mail.example,School Program,Coastal,Charleston,SC,2024-12-28T00:00:00,Bronze
C001635,Drew,Murphy,drew.murphy1635@mail.example,Corporate,Smoky Mountains,Johnson City,TN,2024-04-04T00:00:00,Bronze
C001636,Riley,Turner,riley.turner1636@mail.example,Corporate,Blue Ridge,Asheville,NC,2024-10-23T00:00:00,Platinum
C001637,Logan,Richardson,logan.richardson1637@mail.example,Reseller,Foothills,Hickory,NC,2024-04-19T00:00:00,Bronze
C001638,Skyler,Bennett,skyler.bennett1638@mail.example,Retail,Appalachian,Roanoke,VA,2024-09-09T00:00:00,Gold
C001639,Reese,Turner,reese.turner1639@mail.example,Reseller,Appalachian,Roanoke,VA,2024-08-24T00:00:00,Bronze
C001640,Reese,Reed,reese.reed1640@mail.example,Guide Service,Appalachian,Boone,NC,2025-03-08T00:00:00,Silver
C001641,Skyler,Morgan,skyler.morgan1641@mail.example,School Program,Coastal,Charleston,SC,2024-01-02T00:00:00,B2B Account
C001642,Jordan,Sanders,jordan.sanders1642@mail.example,Corporate,Piedmont,Charlotte,NC,2024-12-09T00:00:00,Platinum
C001643,Reese,Richardson,reese.richardson1643@mail.example,Retail,Blue Ridge,Asheville,NC,2024-02-16T00:00:00,Silver
C001644,Taylor,Hayes,taylor.hayes1644@mail.example,Reseller,Smoky Mountains,Knoxville,TN,2025-06-06T00:00:00,Gold
C001645,Drew,Foster,drew.foster1645@mail.example,Retail,Foothills,Hickory,NC,2024-10-14T00:00:00,Gold
C001646,Emerson,Powell,emerson.powell1646@mail.example,Loyalty,Coastal,Charleston,SC,2025-05-20T00:00:00,Silver
C001647,Cameron,Foster,cameron.foster1647@mail.example,Corporate,Appalachian,Boone,NC,2024-03-19T00:00:00,Gold
C001648,Avery,Turner,avery.turner1648@mail.example,Loyalty,Piedmont,Greenville,SC,2025-11-25T00:00:00,Gold
C001649,Dakota,Wood,dakota.wood1649@mail.example,Retail,Coastal,Charleston,SC,2024-10-18T00:00:00,Silver
C001650,Riley,Richardson,riley.richardson1650@mail.example,Loyalty,Appalachian,Roanoke,VA,2025-05-21T00:00:00,Gold
C001651,Morgan,Turner,morgan.turner1651@mail.example,Corporate,Piedmont,Charlotte,NC,2025-03-16T00:00:00,Bronze
C001652,Harper,Bailey,harper.bailey1652@mail.example,Reseller,Coastal,Charleston,SC,2024-06-10T00:00:00,Platinum
C001653,Harper,Sanders,harper.sanders1653@mail.example,Retail,Smoky Mountains,Knoxville,TN,2024-01-17T00:00:00,Silver
C001654,Harper,Morgan,harper.morgan1654@mail.example,Guide Service,Appalachian,Johnson City,TN,2025-03-05T00:00:00,Silver
C001655,Morgan,Hayes,morgan.hayes1655@mail.example,Guide Service,Smoky Mountains,Knoxville,TN,2024-04-19T00:00:00,Silver
C001656,Parker,Wood,parker.wood1656@mail.example,School Program,Foothills,Greenville,SC,2025-10-02T00:00:00,Bronze
C001657,Morgan,Brooks,morgan.brooks1657@mail.example,Loyalty,Piedmont,Columbia,SC,2024-09-28T00:00:00,Silver
C001658,Dakota,Hayes,dakota.hayes1658@mail.example,Retail,Piedmont,Columbia,SC,2024-01-17T00:00:00,Gold
C001659,Drew,Wood,drew.wood1659@mail.example,Reseller,Appalachian,Asheville,NC,2024-06-07T00:00:00,Platinum
C001660,Jamie,Sanders,jamie.sanders1660@mail.example,Guide Service,Foothills,Hickory,NC,2025-09-13T00:00:00,Bronze
C001661,Finley,Sanders,finley.sanders1661@mail.example,School Program,Piedmont,Charlotte,NC,2025-10-21T00:00:00,Bronze
C001662,Jordan,Murphy,jordan.murphy1662@mail.example,School Program,Blue Ridge,Asheville,NC,2024-01-14T00:00:00,Bronze
C001663,Jordan,Brooks,jordan.brooks1663@mail.example,Corporate,Blue Ridge,Asheville,NC,2025-02-11T00:00:00,Platinum
C001664,Dakota,Hayes,dakota.hayes1664@mail.example,Guide Service,Foothills,Hickory,NC,2025-10-22T00:00:00,B2B Account
C001665,Jordan,Bell,jordan.bell1665@mail.example,Reseller,Coastal,Charleston,SC,2025-12-15T00:00:00,Bronze
C001666,Skyler,Foster,skyler.foster1666@mail.example,Corporate,Piedmont,Greenville,SC,2025-06-28T00:00:00,Gold
C001667,Taylor,Bell,taylor.bell1667@mail.example,Corporate,Appalachian,Johnson City,TN,2025-06-20T00:00:00,Gold
C001668,Reese,Wood,reese.wood1668@mail.example,Loyalty,Coastal,Charleston,SC,2024-06-06T00:00:00,Bronze
C001669,Avery,Bennett,avery.bennett1669@mail.example,Reseller,Foothills,Greenville,SC,2025-09-15T00:00:00,Gold
C001670,Rowan,Brooks,rowan.brooks1670@mail.example,Corporate,Piedmont,Hickory,NC,2025-01-16T00:00:00,Silver
C001671,Harper,Bennett,harper.bennett1671@mail.example,Reseller,Coastal,Charleston,SC,2024-01-21T00:00:00,Gold
C001672,Parker,Sanders,parker.sanders1672@mail.example,Guide Service,Appalachian,Asheville,NC,2025-01-31T00:00:00,Silver
C001673,Casey,Bell,casey.bell1673@mail.example,Loyalty,Foothills,Hickory,NC,2024-04-15T00:00:00,Gold
C001674,Rowan,Turner,rowan.turner1674@mail.example,Guide Service,Coastal,Charleston,SC,2024-11-17T00:00:00,B2B Account
C001675,Finley,Carter,finley.carter1675@mail.example,Retail,Piedmont,Columbia,SC,2025-10-08T00:00:00,Silver
C001676,Jamie,Parker,jamie.parker1676@mail.example,Loyalty,Piedmont,Charlotte,NC,2025-06-26T00:00:00,Silver
C001677,Emerson,Parker,emerson.parker1677@mail.example,School Program,Smoky Mountains,Knoxville,TN,2024-03-10T00:00:00,Silver
C001678,Harper,Price,harper.price1678@mail.example,Retail,Smoky Mountains,Knoxville,TN,2024-09-12T00:00:00,Bronze
C001679,Reese,Hayes,reese.hayes1679@mail.example,Reseller,Appalachian,Johnson City,TN,2025-04-13T00:00:00,Bronze
C001680,Finley,Sanders,finley.sanders1680@mail.example,Guide Service,Foothills,Greenville,SC,2025-10-27T00:00:00,B2B Account
C001681,Cameron,Bell,cameron.bell1681@mail.example,Loyalty,Coastal,Charleston,SC,2025-06-01T00:00:00,Silver
C001682,Emerson,Brooks,emerson.brooks1682@mail.example,School Program,Appalachian,Boone,NC,2024-01-18T00:00:00,Silver
C001683,Drew,Reed,drew.reed1683@mail.example,School Program,Appalachian,Roanoke,VA,2025-09-09T00:00:00,Silver
C001684,Finley,Bell,finley.bell1684@mail.example,School Program,Piedmont,Greenville,SC,2024-05-15T00:00:00,B2B Account
C001685,Taylor,Cooper,taylor.cooper1685@mail.example,Corporate,Appalachian,Boone,NC,2024-07-03T00:00:00,Bronze
C001686,Finley,Bennett,finley.bennett1686@mail.example,Loyalty,Foothills,Hickory,NC,2024-05-18T00:00:00,Bronze
C001687,Jamie,Richardson,jamie.richardson1687@mail.example,Reseller,Foothills,Knoxville,TN,2025-12-09T00:00:00,Silver
C001688,Sawyer,Sanders,sawyer.sanders1688@mail.example,Guide Service,Coastal,Charleston,SC,2024-10-25T00:00:00,Bronze
C001689,Morgan,Carter,morgan.carter1689@mail.example,Retail,Appalachian,Boone,NC,2024-01-07T00:00:00,Silver
C001690,Emerson,Brooks,emerson.brooks1690@mail.example,Loyalty,Piedmont,Charlotte,NC,2025-06-25T00:00:00,Silver
C001691,Rowan,Bailey,rowan.bailey1691@mail.example,Retail,Piedmont,Greenville,SC,2024-03-08T00:00:00,Gold
C001692,Casey,Murphy,casey.murphy1692@mail.example,Corporate,Foothills,Greenville,SC,2025-12-06T00:00:00,Silver
C001693,Jordan,Powell,jordan.powell1693@mail.example,Loyalty,Appalachian,Johnson City,TN,2024-02-18T00:00:00,Silver
C001694,Sawyer,Bell,sawyer.bell1694@mail.example,Loyalty,Coastal,Charleston,SC,2024-10-11T00:00:00,Platinum
C001695,Jamie,Bell,jamie.bell1695@mail.example,Guide Service,Appalachian,Boone,NC,2024-09-08T00:00:00,Bronze
C001696,Riley,Hayes,riley.hayes1696@mail.example,Loyalty,Blue Ridge,Asheville,NC,2024-06-05T00:00:00,Gold
C001697,Rowan,Price,rowan.price1697@mail.example,School Program,Appalachian,Johnson City,TN,2025-02-03T00:00:00,B2B Account
C001698,Cameron,Turner,cameron.turner1698@mail.example,Retail,Piedmont,Columbia,SC,2024-01-06T00:00:00,Silver
C001699,Riley,Hayes,riley.hayes1699@mail.example,Reseller,Foothills,Greenville,SC,2025-07-01T00:00:00,Bronze
C001700,Casey,Morgan,casey.morgan1700@mail.example,Corporate,Foothills,Hickory,NC,2024-02-06T00:00:00,Bronze
C001701,Sawyer,Bell,sawyer.bell1701@mail.example,Retail,Appalachian,Roanoke,VA,2025-02-01T00:00:00,Gold
C001702,Reese,Powell,reese.powell1702@mail.example,Retail,Appalachian,Roanoke,VA,2024-06-21T00:00:00,Gold
C001703,Finley,Cooper,finley.cooper1703@mail.example,Guide Service,Piedmont,Columbia,SC,2024-01-17T00:00:00,B2B Account
C001704,Jamie,Morgan,jamie.morgan1704@mail.example,School Program,Blue Ridge,Asheville,NC,2024-06-03T00:00:00,Silver
C001705,Riley,Turner,riley.turner1705@mail.example,Loyalty,Smoky Mountains,Knoxville,TN,2025-03-13T00:00:00,Bronze
C001706,Harper,Foster,harper.foster1706@mail.example,School Program,Piedmont,Hickory,NC,2025-02-11T00:00:00,Bronze
C001707,Emerson,Foster,emerson.foster1707@mail.example,Loyalty,Piedmont,Charlotte,NC,2024-06-20T00:00:00,Bronze
C001708,Quinn,Bell,quinn.bell1708@mail.example,Retail,Foothills,Hickory,NC,2025-10-11T00:00:00,Bronze
C001709,Casey,Carter,casey.carter1709@mail.example,Retail,Piedmont,Columbia,SC,2024-04-13T00:00:00,Platinum
C001710,Emerson,Morgan,emerson.morgan1710@mail.example,Corporate,Appalachian,Asheville,NC,2025-09-28T00:00:00,Gold
C001711,Harper,Turner,harper.turner1711@mail.example,Corporate,Foothills,Greenville,SC,2025-03-03T00:00:00,Bronze
C001712,Finley,Sanders,finley.sanders1712@mail.example,Retail,Blue Ridge,Asheville,NC,2025-11-06T00:00:00,Silver
C001713,Drew,Morgan,drew.morgan1713@mail.example,School Program,Piedmont,Columbia,SC,2025-05-15T00:00:00,Silver
C001714,Quinn,Sanders,quinn.sanders1714@mail.example,Reseller,Coastal,Charleston,SC,2025-02-10T00:00:00,Bronze
C001715,Casey,Brooks,casey.brooks1715@mail.example,Guide Service,Appalachian,Roanoke,VA,2024-06-22T00:00:00,Bronze
C001716,Finley,Reed,finley.reed1716@mail.example,Guide Service,Foothills,Greenville,SC,2024-04-14T00:00:00,Bronze
C001717,Quinn,Wood,quinn.wood1717@mail.example,School Program,Blue Ridge,Roanoke,VA,2024-07-23T00:00:00,Silver
C001718,Avery,Carter,avery.carter1718@mail.example,Loyalty,Foothills,Greenville,SC,2024-09-26T00:00:00,Platinum
C001719,Rowan,Sanders,rowan.sanders1719@mail.example,Reseller,Foothills,Greenville,SC,2024-10-05T00:00:00,Silver
C001720,Jamie,Morgan,jamie.morgan1720@mail.example,School Program,Appalachian,Roanoke,VA,2025-07-23T00:00:00,Bronze
C001721,Cameron,Carter,cameron.carter1721@mail.example,Guide Service,Piedmont,Charlotte,NC,2024-03-05T00:00:00,Bronze
C001722,Finley,Bell,finley.bell1722@mail.example,Loyalty,Piedmont,Charlotte,NC,2025-06-16T00:00:00,Gold
C001723,Morgan,Foster,morgan.foster1723@mail.example,Reseller,Appalachian,Johnson City,TN,2024-08-12T00:00:00,Bronze
C001724,Rowan,Carter,rowan.carter1724@mail.example,School Program,Smoky Mountains,Johnson City,TN,2024-07-02T00:00:00,B2B Account
C001725,Jordan,Foster,jordan.foster1725@mail.example,Loyalty,Appalachian,Johnson City,TN,2025-04-18T00:00:00,Bronze
C001726,Casey,Hayes,casey.hayes1726@mail.example,Retail,Appalachian,Johnson City,TN,2024-06-11T00:00:00,Gold
C001727,Drew,Parker,drew.parker1727@mail.example,Retail,Foothills,Hickory,NC,2025-11-08T00:00:00,Platinum
C001728,Riley,Price,riley.price1728@mail.example,Reseller,Foothills,Greenville,SC,2025-07-10T00:00:00,Silver
C001729,Jordan,Richardson,jordan.richardson1729@mail.example,Corporate,Smoky Mountains,Knoxville,TN,2025-09-01T00:00:00,Gold
C001730,Parker,Hayes,parker.hayes1730@mail.example,Retail,Appalachian,Roanoke,VA,2025-10-19T00:00:00,Platinum
C001731,Avery,Powell,avery.powell1731@mail.example,Retail,Appalachian,Boone,NC,2024-09-10T00:00:00,Silver
C001732,Parker,Murphy,parker.murphy1732@mail.example,Guide Service,Smoky Mountains,Knoxville,TN,2025-08-03T00:00:00,Bronze
C001733,Jamie,Wood,jamie.wood1733@mail.example,Corporate,Piedmont,Hickory,NC,2025-06-08T00:00:00,Gold
C001734,Taylor,Powell,taylor.powell1734@mail.example,Retail,Piedmont,Columbia,SC,2024-05-28T00:00:00,Platinum
C001735,Morgan,Parker,morgan.parker1735@mail.example,Reseller,Piedmont,Charlotte,NC,2024-09-19T00:00:00,Gold
C001736,Skyler,Price,skyler.price1736@mail.example,Guide Service,Appalachian,Boone,NC,2025-08-08T00:00:00,Bronze
C001737,Casey,Cooper,casey.cooper1737@mail.example,Loyalty,Piedmont,Greenville,SC,2025-04-24T00:00:00,Gold
C001738,Drew,Bailey,drew.bailey1738@mail.example,School Program,Appalachian,Roanoke,VA,2024-08-14T00:00:00,Silver
C001739,Casey,Powell,casey.powell1739@mail.example,Reseller,Appalachian,Roanoke,VA,2024-08-26T00:00:00,Gold
C001740,Riley,Foster,riley.foster1740@mail.example,Corporate,Piedmont,Columbia,SC,2025-02-06T00:00:00,Gold
C001741,Casey,Powell,casey.powell1741@mail.example,Corporate,Piedmont,Charlotte,NC,2024-01-20T00:00:00,Gold
C001742,Avery,Reed,avery.reed1742@mail.example,Retail,Foothills,Hickory,NC,2025-11-25T00:00:00,Gold
C001743,Skyler,Sanders,skyler.sanders1743@mail.example,Loyalty,Appalachian,Johnson City,TN,2025-08-17T00:00:00,Silver
C001744,Quinn,Bailey,quinn.bailey1744@mail.example,Guide Service,Piedmont,Columbia,SC,2024-05-21T00:00:00,Bronze
C001745,Skyler,Powell,skyler.powell1745@mail.example,Retail,Piedmont,Hickory,NC,2024-10-02T00:00:00,Silver
C001746,Avery,Richardson,avery.richardson1746@mail.example,School Program,Coastal,Charleston,SC,2025-06-23T00:00:00,B2B Account
C001747,Sawyer,Turner,sawyer.turner1747@mail.example,Reseller,Appalachian,Johnson City,TN,2024-12-16T00:00:00,Silver
C001748,Quinn,Wood,quinn.wood1748@mail.example,School Program,Coastal,Charleston,SC,2025-08-16T00:00:00,Bronze
C001749,Taylor,Bailey,taylor.bailey1749@mail.example,Reseller,Appalachian,Roanoke,VA,2024-07-21T00:00:00,Silver
C001750,Sawyer,Griffin,sawyer.griffin1750@mail.example,Guide Service,Smoky Mountains,Knoxville,TN,2025-10-21T00:00:00,Bronze
C001751,Morgan,Wood,morgan.wood1751@mail.example,Retail,Coastal,Charleston,SC,2025-12-16T00:00:00,Bronze
C001752,Logan,Murphy,logan.murphy1752@mail.example,Reseller,Blue Ridge,Asheville,NC,2024-04-07T00:00:00,Platinum
C001753,Riley,Brooks,riley.brooks1753@mail.example,Loyalty,Coastal,Charleston,SC,2025-04-13T00:00:00,Platinum
C001754,Skyler,Hayes,skyler.hayes1754@mail.example,Reseller,Foothills,Hickory,NC,2025-10-27T00:00:00,Silver
C001755,Casey,Turner,casey.turner1755@mail.example,Reseller,Appalachian,Boone,NC,2025-02-27T00:00:00,Silver
C001756,Skyler,Murphy,skyler.murphy1756@mail.example,Guide Service,Appalachian,Asheville,NC,2025-10-10T00:00:00,Bronze
C001757,Drew,Bell,drew.bell1757@mail.example,Reseller,Blue Ridge,Asheville,NC,2024-07-21T00:00:00,Platinum
C001758,Reese,Bailey,reese.bailey1758@mail.example,Guide Service,Appalachian,Boone,NC,2025-04-19T00:00:00,B2B Account
C001759,Dakota,Bailey,dakota.bailey1759@mail.example,Guide Service,Appalachian,Johnson City,TN,2024-07-28T00:00:00,Silver
C001760,Dakota,Reed,dakota.reed1760@mail.example,Retail,Appalachian,Boone,NC,2024-07-19T00:00:00,Bronze
C001761,Morgan,Cooper,morgan.cooper1761@mail.example,Loyalty,Piedmont,Columbia,SC,2024-06-09T00:00:00,Silver
C001762,Cameron,Powell,cameron.powell1762@mail.example,Reseller,Appalachian,Roanoke,VA,2025-03-25T00:00:00,Silver
C001763,Drew,Murphy,drew.murphy1763@mail.example,School Program,Foothills,Greenville,SC,2024-08-17T00:00:00,Bronze
C001764,Drew,Carter,drew.carter1764@mail.example,Reseller,Blue Ridge,Asheville,NC,2025-11-08T00:00:00,Bronze
C001765,Rowan,Collins,rowan.collins1765@mail.example,Loyalty,Appalachian,Johnson City,TN,2025-08-17T00:00:00,Silver
C001766,Drew,Murphy,drew.murphy1766@mail.example,Reseller,Piedmont,Charlotte,NC,2025-03-20T00:00:00,Silver
C001767,Reese,Carter,reese.carter1767@mail.example,School Program,Piedmont,Columbia,SC,2024-06-29T00:00:00,Silver
C001768,Harper,Bell,harper.bell1768@mail.example,School Program,Piedmont,Columbia,SC,2025-07-15T00:00:00,Bronze
C001769,Dakota,Wood,dakota.wood1769@mail.example,School Program,Coastal,Charleston,SC,2025-07-12T00:00:00,Bronze
C001770,Reese,Carter,reese.carter1770@mail.example,Corporate,Piedmont,Charlotte,NC,2025-06-09T00:00:00,Gold
C001771,Sawyer,Bailey,sawyer.bailey1771@mail.example,School Program,Coastal,Charleston,SC,2024-05-08T00:00:00,Bronze
C001772,Quinn,Price,quinn.price1772@mail.example,Loyalty,Appalachian,Roanoke,VA,2025-12-01T00:00:00,Silver
C001773,Quinn,Parker,quinn.parker1773@mail.example,Corporate,Piedmont,Charlotte,NC,2024-07-27T00:00:00,Silver
C001774,Casey,Hayes,casey.hayes1774@mail.example,Loyalty,Appalachian,Boone,NC,2024-04-09T00:00:00,Silver
C001775,Taylor,Murphy,taylor.murphy1775@mail.example,Guide Service,Piedmont,Greenville,SC,2025-01-17T00:00:00,Bronze
C001776,Logan,Wood,logan.wood1776@mail.example,Retail,Appalachian,Boone,NC,2024-07-22T00:00:00,Gold
C001777,Jamie,Bennett,jamie.bennett1777@mail.example,Guide Service,Coastal,Charleston,SC,2024-08-14T00:00:00,B2B Account
C001778,Cameron,Hayes,cameron.hayes1778@mail.example,Retail,Piedmont,Columbia,SC,2025-06-17T00:00:00,Gold
C001779,Sawyer,Reed,sawyer.reed1779@mail.example,School Program,Smoky Mountains,Knoxville,TN,2024-07-01T00:00:00,Silver
C001780,Jordan,Foster,jordan.foster1780@mail.example,Reseller,Appalachian,Boone,NC,2025-06-03T00:00:00,Silver
C001781,Emerson,Richardson,emerson.richardson1781@mail.example,School Program,Piedmont,Columbia,SC,2024-09-17T00:00:00,Silver
C001782,Jordan,Griffin,jordan.griffin1782@mail.example,Guide Service,Blue Ridge,Boone,NC,2025-02-26T00:00:00,B2B Account
C001783,Taylor,Foster,taylor.foster1783@mail.example,Guide Service,Blue Ridge,Roanoke,VA,2024-01-25T00:00:00,Silver
C001784,Skyler,Price,skyler.price1784@mail.example,Guide Service,Blue Ridge,Boone,NC,2025-01-08T00:00:00,B2B Account
C001785,Jamie,Griffin,jamie.griffin1785@mail.example,Retail,Piedmont,Columbia,SC,2024-04-04T00:00:00,Bronze
C001786,Avery,Murphy,avery.murphy1786@mail.example,Retail,Piedmont,Charlotte,NC,2024-06-02T00:00:00,Silver
C001787,Reese,Murphy,reese.murphy1787@mail.example,Retail,Piedmont,Charlotte,NC,2025-06-10T00:00:00,Gold
C001788,Rowan,Parker,rowan.parker1788@mail.example,School Program,Appalachian,Boone,NC,2024-09-26T00:00:00,Silver
C001789,Cameron,Bennett,cameron.bennett1789@mail.example,School Program,Foothills,Greenville,SC,2024-08-27T00:00:00,Bronze
C001790,Rowan,Foster,rowan.foster1790@mail.example,Guide Service,Coastal,Charleston,SC,2025-06-07T00:00:00,Silver
C001791,Jordan,Bennett,jordan.bennett1791@mail.example,Guide Service,Foothills,Greenville,SC,2025-05-10T00:00:00,Bronze
C001792,Sawyer,Reed,sawyer.reed1792@mail.example,Retail,Coastal,Charleston,SC,2025-06-21T00:00:00,Bronze
C001793,Casey,Bailey,casey.bailey1793@mail.example,Guide Service,Appalachian,Boone,NC,2024-04-25T00:00:00,Bronze
C001794,Jordan,Carter,jordan.carter1794@mail.example,Reseller,Foothills,Knoxville,TN,2025-11-28T00:00:00,Gold
C001795,Morgan,Murphy,morgan.murphy1795@mail.example,Retail,Appalachian,Johnson City,TN,2024-12-20T00:00:00,Bronze
C001796,Emerson,Parker,emerson.parker1796@mail.example,Reseller,Appalachian,Boone,NC,2025-07-26T00:00:00,Bronze
C001797,Cameron,Parker,cameron.parker1797@mail.example,Loyalty,Piedmont,Charlotte,NC,2025-12-24T00:00:00,Silver
C001798,Finley,Murphy,finley.murphy1798@mail.example,School Program,Appalachian,Boone,NC,2025-05-01T00:00:00,Silver
C001799,Dakota,Price,dakota.price1799@mail.example,Corporate,Foothills,Hickory,NC,2025-05-27T00:00:00,Gold
C001800,Taylor,Hayes,taylor.hayes1800@mail.example,Guide Service,Appalachian,Boone,NC,2024-07-13T00:00:00,Bronze
C001801,Logan,Parker,logan.parker1801@mail.example,Corporate,Appalachian,Roanoke,VA,2024-05-29T00:00:00,Silver
C001802,Casey,Brooks,casey.brooks1802@mail.example,School Program,Smoky Mountains,Knoxville,TN,2025-11-05T00:00:00,Silver
C001803,Drew,Parker,drew.parker1803@mail.example,Retail,Piedmont,Columbia,SC,2025-11-01T00:00:00,Silver
C001804,Riley,Foster,riley.foster1804@mail.example,Reseller,Appalachian,Roanoke,VA,2025-10-15T00:00:00,Silver
C001805,Jordan,Reed,jordan.reed1805@mail.example,Corporate,Piedmont,Charlotte,NC,2025-08-03T00:00:00,Platinum
C001806,Avery,Cooper,avery.cooper1806@mail.example,School Program,Smoky Mountains,Knoxville,TN,2025-09-25T00:00:00,B2B Account
C001807,Cameron,Bell,cameron.bell1807@mail.example,Retail,Blue Ridge,Asheville,NC,2024-06-10T00:00:00,Silver
C001808,Harper,Wood,harper.wood1808@mail.example,School Program,Appalachian,Johnson City,TN,2025-04-21T00:00:00,Silver
C001809,Jordan,Hayes,jordan.hayes1809@mail.example,School Program,Piedmont,Columbia,SC,2025-07-08T00:00:00,Bronze
C001810,Drew,Wood,drew.wood1810@mail.example,Loyalty,Piedmont,Charlotte,NC,2024-12-07T00:00:00,Platinum
C001811,Harper,Bennett,harper.bennett1811@mail.example,Reseller,Foothills,Hickory,NC,2025-09-19T00:00:00,Platinum
C001812,Harper,Powell,harper.powell1812@mail.example,Reseller,Foothills,Knoxville,TN,2025-05-13T00:00:00,Bronze
C001813,Avery,Cooper,avery.cooper1813@mail.example,Guide Service,Piedmont,Hickory,NC,2025-01-03T00:00:00,Silver
C001814,Quinn,Reed,quinn.reed1814@mail.example,Guide Service,Appalachian,Johnson City,TN,2024-10-24T00:00:00,Bronze
C001815,Quinn,Reed,quinn.reed1815@mail.example,Loyalty,Appalachian,Roanoke,VA,2024-01-05T00:00:00,Silver
C001816,Reese,Brooks,reese.brooks1816@mail.example,Corporate,Piedmont,Charlotte,NC,2024-11-27T00:00:00,Silver
C001817,Harper,Richardson,harper.richardson1817@mail.example,Guide Service,Appalachian,Boone,NC,2024-03-18T00:00:00,B2B Account
C001818,Finley,Carter,finley.carter1818@mail.example,Guide Service,Appalachian,Boone,NC,2024-04-11T00:00:00,B2B Account
C001819,Rowan,Morgan,rowan.morgan1819@mail.example,Reseller,Piedmont,Columbia,SC,2025-08-24T00:00:00,Platinum
C001820,Drew,Bennett,drew.bennett1820@mail.example,Loyalty,Coastal,Charleston,SC,2025-06-09T00:00:00,Bronze
C001821,Parker,Bell,parker.bell1821@mail.example,School Program,Appalachian,Roanoke,VA,2025-06-26T00:00:00,Silver
C001822,Riley,Bailey,riley.bailey1822@mail.example,Guide Service,Smoky Mountains,Knoxville,TN,2025-12-20T00:00:00,Bronze
C001823,Harper,Cooper,harper.cooper1823@mail.example,Corporate,Foothills,Hickory,NC,2025-06-10T00:00:00,Platinum
C001824,Parker,Parker,parker.parker1824@mail.example,Guide Service,Blue Ridge,Boone,NC,2024-02-24T00:00:00,Silver
C001825,Taylor,Foster,taylor.foster1825@mail.example,Corporate,Smoky Mountains,Johnson City,TN,2024-04-14T00:00:00,Gold
C001826,Jamie,Bell,jamie.bell1826@mail.example,Retail,Blue Ridge,Asheville,NC,2024-02-11T00:00:00,Bronze
C001827,Reese,Price,reese.price1827@mail.example,Reseller,Foothills,Knoxville,TN,2025-03-30T00:00:00,Silver
C001828,Morgan,Bell,morgan.bell1828@mail.example,Retail,Appalachian,Johnson City,TN,2025-12-14T00:00:00,Gold
C001829,Jamie,Richardson,jamie.richardson1829@mail.example,Retail,Coastal,Charleston,SC,2024-08-28T00:00:00,Silver
C001830,Jordan,Bailey,jordan.bailey1830@mail.example,Loyalty,Piedmont,Hickory,NC,2024-07-24T00:00:00,Platinum
C001831,Logan,Morgan,logan.morgan1831@mail.example,Guide Service,Foothills,Greenville,SC,2025-06-05T00:00:00,Silver
C001832,Emerson,Hayes,emerson.hayes1832@mail.example,School Program,Appalachian,Roanoke,VA,2024-08-18T00:00:00,Silver
C001833,Avery,Collins,avery.collins1833@mail.example,Reseller,Piedmont,Greenville,SC,2024-06-21T00:00:00,Silver
C001834,Logan,Powell,logan.powell1834@mail.example,Loyalty,Smoky Mountains,Johnson City,TN,2025-03-10T00:00:00,Silver
C001835,Taylor,Powell,taylor.powell1835@mail.example,Reseller,Piedmont,Greenville,SC,2024-09-20T00:00:00,Gold
C001836,Cameron,Wood,cameron.wood1836@mail.example,Loyalty,Coastal,Charleston,SC,2025-01-16T00:00:00,Bronze
C001837,Reese,Bell,reese.bell1837@mail.example,Retail,Appalachian,Johnson City,TN,2025-06-11T00:00:00,Platinum
C001838,Cameron,Bell,cameron.bell1838@mail.example,Loyalty,Coastal,Charleston,SC,2025-08-24T00:00:00,Gold
C001839,Rowan,Wood,rowan.wood1839@mail.example,Retail,Coastal,Charleston,SC,2024-04-14T00:00:00,Silver
C001840,Jordan,Carter,jordan.carter1840@mail.example,Guide Service,Blue Ridge,Boone,NC,2024-07-22T00:00:00,Silver
C001841,Taylor,Murphy,taylor.murphy1841@mail.example,School Program,Piedmont,Charlotte,NC,2025-12-25T00:00:00,Bronze
C001842,Rowan,Griffin,rowan.griffin1842@mail.example,School Program,Piedmont,Hickory,NC,2025-11-11T00:00:00,B2B Account
C001843,Taylor,Brooks,taylor.brooks1843@mail.example,Corporate,Appalachian,Roanoke,VA,2025-12-21T00:00:00,Platinum
C001844,Drew,Turner,drew.turner1844@mail.example,Guide Service,Appalachian,Roanoke,VA,2025-10-26T00:00:00,Bronze
C001845,Jordan,Bennett,jordan.bennett1845@mail.example,Corporate,Piedmont,Greenville,SC,2025-08-18T00:00:00,Bronze
C001846,Rowan,Collins,rowan.collins1846@mail.example,School Program,Blue Ridge,Boone,NC,2024-03-05T00:00:00,Silver
C001847,Rowan,Sanders,rowan.sanders1847@mail.example,School Program,Coastal,Charleston,SC,2024-07-14T00:00:00,Bronze
C001848,Quinn,Carter,quinn.carter1848@mail.example,Retail,Appalachian,Boone,NC,2025-06-19T00:00:00,Bronze
C001849,Jamie,Griffin,jamie.griffin1849@mail.example,Corporate,Foothills,Hickory,NC,2025-10-20T00:00:00,Silver
C001850,Dakota,Wood,dakota.wood1850@mail.example,Guide Service,Coastal,Charleston,SC,2025-08-28T00:00:00,Bronze
C001851,Morgan,Reed,morgan.reed1851@mail.example,School Program,Appalachian,Roanoke,VA,2025-07-13T00:00:00,Silver
C001852,Riley,Sanders,riley.sanders1852@mail.example,Guide Service,Piedmont,Columbia,SC,2025-02-04T00:00:00,Bronze
C001853,Quinn,Foster,quinn.foster1853@mail.example,Loyalty,Blue Ridge,Asheville,NC,2024-07-03T00:00:00,Bronze
C001854,Finley,Foster,finley.foster1854@mail.example,Reseller,Coastal,Charleston,SC,2025-04-16T00:00:00,Gold
C001855,Taylor,Price,taylor.price1855@mail.example,Retail,Foothills,Greenville,SC,2024-11-03T00:00:00,Silver
C001856,Riley,Hayes,riley.hayes1856@mail.example,Corporate,Smoky Mountains,Knoxville,TN,2024-10-15T00:00:00,Gold
C001857,Rowan,Richardson,rowan.richardson1857@mail.example,Corporate,Foothills,Hickory,NC,2025-05-03T00:00:00,Silver
C001858,Cameron,Price,cameron.price1858@mail.example,School Program,Smoky Mountains,Knoxville,TN,2024-05-10T00:00:00,Bronze
C001859,Emerson,Bailey,emerson.bailey1859@mail.example,Loyalty,Blue Ridge,Boone,NC,2024-11-18T00:00:00,Bronze
C001860,Skyler,Bailey,skyler.bailey1860@mail.example,Guide Service,Piedmont,Columbia,SC,2024-12-20T00:00:00,Bronze
C001861,Skyler,Bell,skyler.bell1861@mail.example,Guide Service,Blue Ridge,Boone,NC,2025-03-07T00:00:00,Silver
C001862,Drew,Bennett,drew.bennett1862@mail.example,Corporate,Appalachian,Boone,NC,2025-09-13T00:00:00,Platinum
C001863,Parker,Wood,parker.wood1863@mail.example,Loyalty,Appalachian,Johnson City,TN,2024-04-10T00:00:00,Platinum
C001864,Morgan,Griffin,morgan.griffin1864@mail.example,Retail,Blue Ridge,Asheville,NC,2025-02-15T00:00:00,Gold
C001865,Riley,Parker,riley.parker1865@mail.example,Corporate,Appalachian,Boone,NC,2024-09-01T00:00:00,Bronze
C001866,Sawyer,Bell,sawyer.bell1866@mail.example,Guide Service,Blue Ridge,Asheville,NC,2024-07-13T00:00:00,Silver
C001867,Dakota,Reed,dakota.reed1867@mail.example,School Program,Smoky Mountains,Knoxville,TN,2025-08-07T00:00:00,Silver
C001868,Finley,Price,finley.price1868@mail.example,Guide Service,Blue Ridge,Asheville,NC,2025-02-03T00:00:00,Silver
C001869,Riley,Carter,riley.carter1869@mail.example,Reseller,Foothills,Hickory,NC,2024-10-12T00:00:00,Bronze
C001870,Drew,Brooks,drew.brooks1870@mail.example,Retail,Piedmont,Columbia,SC,2024-02-05T00:00:00,Bronze
C001871,Sawyer,Parker,sawyer.parker1871@mail.example,Loyalty,Blue Ridge,Asheville,NC,2025-08-24T00:00:00,Platinum
C001872,Rowan,Bailey,rowan.bailey1872@mail.example,Reseller,Blue Ridge,Roanoke,VA,2024-04-05T00:00:00,Gold
C001873,Morgan,Wood,morgan.wood1873@mail.example,Guide Service,Piedmont,Charlotte,NC,2025-04-05T00:00:00,Silver
C001874,Drew,Foster,drew.foster1874@mail.example,Loyalty,Coastal,Charleston,SC,2024-10-28T00:00:00,Platinum
C001875,Parker,Cooper,parker.cooper1875@mail.example,Loyalty,Foothills,Hickory,NC,2025-05-14T00:00:00,Silver
C001876,Casey,Foster,casey.foster1876@mail.example,Guide Service,Blue Ridge,Asheville,NC,2025-11-16T00:00:00,Bronze
C001877,Emerson,Parker,emerson.parker1877@mail.example,Loyalty,Coastal,Charleston,SC,2025-09-01T00:00:00,Gold
C001878,Jamie,Hayes,jamie.hayes1878@mail.example,School Program,Blue Ridge,Asheville,NC,2024-10-10T00:00:00,Bronze
C001879,Morgan,Bailey,morgan.bailey1879@mail.example,Corporate,Piedmont,Columbia,SC,2024-02-05T00:00:00,Bronze
C001880,Sawyer,Hayes,sawyer.hayes1880@mail.example,Retail,Appalachian,Roanoke,VA,2025-09-23T00:00:00,Platinum
C001881,Reese,Carter,reese.carter1881@mail.example,Loyalty,Appalachian,Roanoke,VA,2025-05-07T00:00:00,Silver
C001882,Cameron,Sanders,cameron.sanders1882@mail.example,Reseller,Smoky Mountains,Knoxville,TN,2025-09-05T00:00:00,Silver
C001883,Jamie,Price,jamie.price1883@mail.example,Reseller,Coastal,Charleston,SC,2024-11-13T00:00:00,Silver
C001884,Rowan,Powell,rowan.powell1884@mail.example,School Program,Coastal,Charleston,SC,2024-07-20T00:00:00,Silver
C001885,Drew,Brooks,drew.brooks1885@mail.example,Corporate,Appalachian,Roanoke,VA,2024-04-11T00:00:00,Silver
C001886,Taylor,Bennett,taylor.bennett1886@mail.example,Corporate,Smoky Mountains,Knoxville,TN,2025-09-11T00:00:00,Silver
C001887,Parker,Turner,parker.turner1887@mail.example,Corporate,Piedmont,Columbia,SC,2025-08-15T00:00:00,Silver
C001888,Emerson,Parker,emerson.parker1888@mail.example,School Program,Coastal,Charleston,SC,2025-01-24T00:00:00,Silver
C001889,Casey,Turner,casey.turner1889@mail.example,Retail,Appalachian,Roanoke,VA,2024-11-15T00:00:00,Silver
C001890,Harper,Sanders,harper.sanders1890@mail.example,Retail,Smoky Mountains,Knoxville,TN,2025-09-27T00:00:00,Platinum
C001891,Reese,Brooks,reese.brooks1891@mail.example,Reseller,Foothills,Hickory,NC,2024-12-26T00:00:00,Platinum
C001892,Taylor,Bennett,taylor.bennett1892@mail.example,Reseller,Piedmont,Charlotte,NC,2025-04-03T00:00:00,Gold
C001893,Taylor,Bell,taylor.bell1893@mail.example,Retail,Appalachian,Boone,NC,2025-11-13T00:00:00,Bronze
C001894,Emerson,Price,emerson.price1894@mail.example,Guide Service,Appalachian,Roanoke,VA,2025-03-14T00:00:00,Bronze
C001895,Reese,Foster,reese.foster1895@mail.example,School Program,Appalachian,Boone,NC,2024-11-23T00:00:00,Bronze
C001896,Reese,Turner,reese.turner1896@mail.example,School Program,Foothills,Hickory,NC,2024-02-07T00:00:00,Bronze
C001897,Sawyer,Richardson,sawyer.richardson1897@mail.example,Corporate,Blue Ridge,Asheville,NC,2024-10-24T00:00:00,Silver
C001898,Rowan,Reed,rowan.reed1898@mail.example,Loyalty,Blue Ridge,Asheville,NC,2024-10-13T00:00:00,Bronze
C001899,Logan,Wood,logan.wood1899@mail.example,Corporate,Piedmont,Charlotte,NC,2024-07-22T00:00:00,Gold
C001900,Riley,Powell,riley.powell1900@mail.example,School Program,Foothills,Hickory,NC,2025-10-23T00:00:00,Bronze
C001901,Finley,Bennett,finley.bennett1901@mail.example,Guide Service,Appalachian,Johnson City,TN,2025-07-23T00:00:00,Bronze
C001902,Quinn,Murphy,quinn.murphy1902@mail.example,Guide Service,Appalachian,Boone,NC,2025-05-15T00:00:00,Bronze
C001903,Emerson,Powell,emerson.powell1903@mail.example,Reseller,Foothills,Knoxville,TN,2025-04-28T00:00:00,Platinum
C001904,Skyler,Powell,skyler.powell1904@mail.example,Guide Service,Coastal,Charleston,SC,2025-07-03T00:00:00,Silver
C001905,Logan,Hayes,logan.hayes1905@mail.example,School Program,Foothills,Hickory,NC,2025-04-29T00:00:00,Bronze
C001906,Skyler,Collins,skyler.collins1906@mail.example,Corporate,Blue Ridge,Asheville,NC,2024-02-20T00:00:00,Gold
C001907,Quinn,Collins,quinn.collins1907@mail.example,Reseller,Appalachian,Johnson City,TN,2024-11-18T00:00:00,Gold
C001908,Parker,Bell,parker.bell1908@mail.example,School Program,Appalachian,Roanoke,VA,2024-02-23T00:00:00,Silver
C001909,Skyler,Morgan,skyler.morgan1909@mail.example,School Program,Appalachian,Boone,NC,2025-04-16T00:00:00,Bronze
C001910,Logan,Bailey,logan.bailey1910@mail.example,Guide Service,Piedmont,Columbia,SC,2025-04-02T00:00:00,Silver
C001911,Sawyer,Wood,sawyer.wood1911@mail.example,Guide Service,Smoky Mountains,Knoxville,TN,2024-03-24T00:00:00,Silver
C001912,Sawyer,Richardson,sawyer.richardson1912@mail.example,Reseller,Piedmont,Columbia,SC,2024-09-04T00:00:00,Gold
C001913,Cameron,Griffin,cameron.griffin1913@mail.example,Loyalty,Blue Ridge,Asheville,NC,2024-06-16T00:00:00,Gold
C001914,Skyler,Morgan,skyler.morgan1914@mail.example,Guide Service,Appalachian,Boone,NC,2025-02-25T00:00:00,Bronze
C001915,Parker,Griffin,parker.griffin1915@mail.example,School Program,Smoky Mountains,Knoxville,TN,2024-06-14T00:00:00,Silver
C001916,Taylor,Parker,taylor.parker1916@mail.example,Guide Service,Blue Ridge,Asheville,NC,2025-09-23T00:00:00,Bronze
C001917,Avery,Collins,avery.collins1917@mail.example,Loyalty,Piedmont,Charlotte,NC,2025-06-17T00:00:00,Gold
C001918,Riley,Richardson,riley.richardson1918@mail.example,Retail,Coastal,Charleston,SC,2025-05-07T00:00:00,Bronze
C001919,Dakota,Foster,dakota.foster1919@mail.example,Corporate,Foothills,Hickory,NC,2025-12-25T00:00:00,Platinum
C001920,Rowan,Morgan,rowan.morgan1920@mail.example,Reseller,Smoky Mountains,Knoxville,TN,2025-08-01T00:00:00,Bronze
C001921,Drew,Bell,drew.bell1921@mail.example,Loyalty,Piedmont,Columbia,SC,2024-12-22T00:00:00,Platinum
C001922,Reese,Cooper,reese.cooper1922@mail.example,Reseller,Piedmont,Charlotte,NC,2025-07-11T00:00:00,Silver
C001923,Jamie,Hayes,jamie.hayes1923@mail.example,Retail,Piedmont,Columbia,SC,2025-02-10T00:00:00,Silver
C001924,Skyler,Morgan,skyler.morgan1924@mail.example,Guide Service,Piedmont,Columbia,SC,2024-09-12T00:00:00,Bronze
C001925,Taylor,Carter,taylor.carter1925@mail.example,Loyalty,Smoky Mountains,Knoxville,TN,2025-04-13T00:00:00,Gold
C001926,Reese,Griffin,reese.griffin1926@mail.example,Loyalty,Appalachian,Roanoke,VA,2025-09-27T00:00:00,Platinum
C001927,Logan,Griffin,logan.griffin1927@mail.example,Retail,Piedmont,Columbia,SC,2025-03-22T00:00:00,Gold
C001928,Morgan,Bailey,morgan.bailey1928@mail.example,Reseller,Appalachian,Johnson City,TN,2024-05-04T00:00:00,Gold
C001929,Reese,Bailey,reese.bailey1929@mail.example,Corporate,Appalachian,Roanoke,VA,2025-03-11T00:00:00,Gold
C001930,Drew,Foster,drew.foster1930@mail.example,Reseller,Piedmont,Greenville,SC,2024-05-13T00:00:00,Silver
C001931,Reese,Murphy,reese.murphy1931@mail.example,Retail,Piedmont,Charlotte,NC,2025-08-16T00:00:00,Silver
C001932,Reese,Brooks,reese.brooks1932@mail.example,Retail,Foothills,Greenville,SC,2024-09-19T00:00:00,Gold
C001933,Jordan,Bailey,jordan.bailey1933@mail.example,Corporate,Piedmont,Columbia,SC,2025-02-18T00:00:00,Bronze
C001934,Jordan,Hayes,jordan.hayes1934@mail.example,Loyalty,Coastal,Charleston,SC,2025-12-15T00:00:00,Platinum
C001935,Dakota,Richardson,dakota.richardson1935@mail.example,Guide Service,Appalachian,Boone,NC,2024-05-27T00:00:00,Bronze
C001936,Jamie,Bell,jamie.bell1936@mail.example,School Program,Appalachian,Asheville,NC,2024-01-20T00:00:00,Silver
C001937,Dakota,Griffin,dakota.griffin1937@mail.example,Retail,Smoky Mountains,Johnson City,TN,2025-09-10T00:00:00,Platinum
C001938,Dakota,Bell,dakota.bell1938@mail.example,Guide Service,Piedmont,Charlotte,NC,2024-11-11T00:00:00,Bronze
C001939,Finley,Wood,finley.wood1939@mail.example,School Program,Piedmont,Hickory,NC,2025-07-22T00:00:00,B2B Account
C001940,Jordan,Morgan,jordan.morgan1940@mail.example,Corporate,Appalachian,Johnson City,TN,2024-05-04T00:00:00,Bronze
C001941,Casey,Richardson,casey.richardson1941@mail.example,School Program,Foothills,Hickory,NC,2024-04-11T00:00:00,Silver
C001942,Rowan,Hayes,rowan.hayes1942@mail.example,Corporate,Blue Ridge,Asheville,NC,2025-07-06T00:00:00,Platinum
C001943,Parker,Richardson,parker.richardson1943@mail.example,Guide Service,Appalachian,Roanoke,VA,2024-01-22T00:00:00,Silver
C001944,Drew,Morgan,drew.morgan1944@mail.example,Reseller,Blue Ridge,Roanoke,VA,2024-12-16T00:00:00,Silver
C001945,Rowan,Sanders,rowan.sanders1945@mail.example,School Program,Foothills,Greenville,SC,2025-04-08T00:00:00,Silver
C001946,Rowan,Reed,rowan.reed1946@mail.example,Corporate,Appalachian,Roanoke,VA,2025-07-26T00:00:00,Platinum
C001947,Reese,Foster,reese.foster1947@mail.example,Guide Service,Piedmont,Charlotte,NC,2024-08-12T00:00:00,Bronze
C001948,Cameron,Powell,cameron.powell1948@mail.example,Corporate,Smoky Mountains,Knoxville,TN,2024-12-02T00:00:00,Bronze
C001949,Harper,Turner,harper.turner1949@mail.example,School Program,Piedmont,Hickory,NC,2025-09-07T00:00:00,Bronze
C001950,Rowan,Wood,rowan.wood1950@mail.example,Loyalty,Piedmont,Charlotte,NC,2024-01-27T00:00:00,Silver
C001951,Rowan,Turner,rowan.turner1951@mail.example,Loyalty,Coastal,Charleston,SC,2025-09-21T00:00:00,Platinum
C001952,Taylor,Morgan,taylor.morgan1952@mail.example,Guide Service,Coastal,Charleston,SC,2025-05-30T00:00:00,B2B Account
C001953,Drew,Powell,drew.powell1953@mail.example,Reseller,Appalachian,Johnson City,TN,2024-09-26T00:00:00,Bronze
C001954,Reese,Murphy,reese.murphy1954@mail.example,Reseller,Appalachian,Boone,NC,2025-01-28T00:00:00,Gold
C001955,Cameron,Murphy,cameron.murphy1955@mail.example,Loyalty,Foothills,Greenville,SC,2025-11-04T00:00:00,Gold
C001956,Taylor,Parker,taylor.parker1956@mail.example,School Program,Foothills,Greenville,SC,2024-05-15T00:00:00,Bronze
C001957,Reese,Morgan,reese.morgan1957@mail.example,Corporate,Coastal,Charleston,SC,2024-01-02T00:00:00,Gold
C001958,Finley,Hayes,finley.hayes1958@mail.example,Retail,Foothills,Greenville,SC,2025-04-08T00:00:00,Bronze
C001959,Finley,Turner,finley.turner1959@mail.example,School Program,Appalachian,Johnson City,TN,2025-11-08T00:00:00,Silver
C001960,Casey,Bailey,casey.bailey1960@mail.example,Corporate,Piedmont,Charlotte,NC,2024-01-14T00:00:00,Silver
C001961,Rowan,Turner,rowan.turner1961@mail.example,Corporate,Blue Ridge,Asheville,NC,2025-07-12T00:00:00,Gold
C001962,Cameron,Price,cameron.price1962@mail.example,Guide Service,Smoky Mountains,Knoxville,TN,2024-07-24T00:00:00,Silver
C001963,Harper,Morgan,harper.morgan1963@mail.example,Corporate,Foothills,Greenville,SC,2025-09-01T00:00:00,Bronze
C001964,Cameron,Murphy,cameron.murphy1964@mail.example,Corporate,Appalachian,Roanoke,VA,2024-04-22T00:00:00,Gold
C001965,Sawyer,Sanders,sawyer.sanders1965@mail.example,Guide Service,Coastal,Charleston,SC,2025-04-04T00:00:00,Bronze
C001966,Quinn,Richardson,quinn.richardson1966@mail.example,Loyalty,Appalachian,Boone,NC,2025-11-06T00:00:00,Silver
C001967,Cameron,Richardson,cameron.richardson1967@mail.example,Reseller,Foothills,Greenville,SC,2025-06-09T00:00:00,Gold
C001968,Riley,Parker,riley.parker1968@mail.example,Corporate,Piedmont,Greenville,SC,2025-01-14T00:00:00,Platinum
C001969,Logan,Reed,logan.reed1969@mail.example,Retail,Foothills,Hickory,NC,2024-04-08T00:00:00,Bronze
C001970,Dakota,Brooks,dakota.brooks1970@mail.example,Guide Service,Foothills,Greenville,SC,2025-06-11T00:00:00,Bronze
C001971,Dakota,Hayes,dakota.hayes1971@mail.example,Reseller,Piedmont,Charlotte,NC,2025-11-28T00:00:00,Silver
C001972,Cameron,Powell,cameron.powell1972@mail.example,Guide Service,Piedmont,Columbia,SC,2025-04-20T00:00:00,Bronze
C001973,Reese,Murphy,reese.murphy1973@mail.example,Corporate,Blue Ridge,Asheville,NC,2024-09-13T00:00:00,Silver
C001974,Morgan,Cooper,morgan.cooper1974@mail.example,Guide Service,Appalachian,Roanoke,VA,2024-12-15T00:00:00,B2B Account
C001975,Reese,Griffin,reese.griffin1975@mail.example,Retail,Smoky Mountains,Johnson City,TN,2025-02-08T00:00:00,Silver
C001976,Finley,Hayes,finley.hayes1976@mail.example,Retail,Piedmont,Columbia,SC,2024-06-11T00:00:00,Silver
C001977,Drew,Bailey,drew.bailey1977@mail.example,Corporate,Foothills,Greenville,SC,2024-07-21T00:00:00,Silver
C001978,Morgan,Collins,morgan.collins1978@mail.example,School Program,Foothills,Knoxville,TN,2025-12-03T00:00:00,B2B Account
C001979,Harper,Richardson,harper.richardson1979@mail.example,Corporate,Piedmont,Charlotte,NC,2025-12-25T00:00:00,Silver
C001980,Morgan,Griffin,morgan.griffin1980@mail.example,Retail,Appalachian,Johnson City,TN,2024-07-07T00:00:00,Silver
C001981,Quinn,Brooks,quinn.brooks1981@mail.example,Retail,Appalachian,Boone,NC,2025-02-22T00:00:00,Gold
C001982,Casey,Brooks,casey.brooks1982@mail.example,Reseller,Foothills,Hickory,NC,2025-11-20T00:00:00,Silver
C001983,Sawyer,Bell,sawyer.bell1983@mail.example,Reseller,Blue Ridge,Asheville,NC,2025-09-21T00:00:00,Gold
C001984,Logan,Carter,logan.carter1984@mail.example,Loyalty,Piedmont,Columbia,SC,2024-02-07T00:00:00,Gold
C001985,Dakota,Cooper,dakota.cooper1985@mail.example,Guide Service,Foothills,Hickory,NC,2024-10-16T00:00:00,Silver
C001986,Quinn,Morgan,quinn.morgan1986@mail.example,Retail,Smoky Mountains,Knoxville,TN,2025-06-25T00:00:00,Bronze
C001987,Reese,Griffin,reese.griffin1987@mail.example,Guide Service,Coastal,Charleston,SC,2025-02-23T00:00:00,Silver
C001988,Dakota,Richardson,dakota.richardson1988@mail.example,Reseller,Piedmont,Charlotte,NC,2025-10-06T00:00:00,Platinum
C001989,Avery,Bailey,avery.bailey1989@mail.example,Reseller,Foothills,Hickory,NC,2024-02-20T00:00:00,Silver
C001990,Drew,Bell,drew.bell1990@mail.example,School Program,Blue Ridge,Boone,NC,2024-11-23T00:00:00,B2B Account
C001991,Avery,Bennett,avery.bennett1991@mail.example,School Program,Piedmont,Charlotte,NC,2024-12-05T00:00:00,Silver
C001992,Jamie,Hayes,jamie.hayes1992@mail.example,Reseller,Smoky Mountains,Knoxville,TN,2024-11-25T00:00:00,Silver
C001993,Rowan,Wood,rowan.wood1993@mail.example,Guide Service,Foothills,Hickory,NC,2025-06-28T00:00:00,Silver
C001994,Sawyer,Collins,sawyer.collins1994@mail.example,Loyalty,Piedmont,Columbia,SC,2025-02-11T00:00:00,Platinum
C001995,Skyler,Bell,skyler.bell1995@mail.example,School Program,Smoky Mountains,Knoxville,TN,2025-05-20T00:00:00,Silver
C001996,Jordan,Bell,jordan.bell1996@mail.example,Retail,Foothills,Hickory,NC,2024-10-15T00:00:00,Silver
C001997,Logan,Price,logan.price1997@mail.example,School Program,Appalachian,Johnson City,TN,2025-06-14T00:00:00,B2B Account
C001998,Rowan,Richardson,rowan.richardson1998@mail.example,Guide Service,Foothills,Hickory,NC,2025-12-17T00:00:00,Bronze
C001999,Taylor,Hayes,taylor.hayes1999@mail.example,Corporate,Piedmont,Charlotte,NC,2025-04-17T00:00:00,Silver
C002000,Casey,Bennett,casey.bennett2000@mail.example,School Program,Piedmont,Charlotte,NC,2025-01-08T00:00:00,Bronze
C002001,Cameron,Morgan,cameron.morgan2001@mail.example,Guide Service,Foothills,Hickory,NC,2024-02-10T00:00:00,B2B Account
C002002,Parker,Sanders,parker.sanders2002@mail.example,Retail,Smoky Mountains,Knoxville,TN,2024-07-25T00:00:00,Bronze
C002003,Taylor,Parker,taylor.parker2003@mail.example,School Program,Smoky Mountains,Knoxville,TN,2024-02-02T00:00:00,B2B Account
C002004,Morgan,Collins,morgan.collins2004@mail.example,Retail,Foothills,Hickory,NC,2024-08-10T00:00:00,Gold
C002005,Taylor,Turner,taylor.turner2005@mail.example,Corporate,Foothills,Hickory,NC,2025-05-06T00:00:00,Silver
C002006,Rowan,Carter,rowan.carter2006@mail.example,Guide Service,Blue Ridge,Roanoke,VA,2025-06-13T00:00:00,Silver
C002007,Morgan,Cooper,morgan.cooper2007@mail.example,School Program,Piedmont,Hickory,NC,2024-07-07T00:00:00,Silver
C002008,Morgan,Morgan,morgan.morgan2008@mail.example,Corporate,Piedmont,Charlotte,NC,2025-04-24T00:00:00,Platinum
C002009,Morgan,Hayes,morgan.hayes2009@mail.example,Reseller,Piedmont,Columbia,SC,2025-08-24T00:00:00,Bronze
C002010,Reese,Price,reese.price2010@mail.example,School Program,Coastal,Charleston,SC,2025-03-09T00:00:00,Bronze
C002011,Cameron,Murphy,cameron.murphy2011@mail.example,Corporate,Blue Ridge,Asheville,NC,2025-07-31T00:00:00,Silver
C002012,Rowan,Hayes,rowan.hayes2012@mail.example,Retail,Piedmont,Charlotte,NC,2024-01-17T00:00:00,Bronze
C002013,Taylor,Wood,taylor.wood2013@mail.example,School Program,Piedmont,Charlotte,NC,2025-02-28T00:00:00,Bronze
C002014,Finley,Richardson,finley.richardson2014@mail.example,Reseller,Appalachian,Johnson City,TN,2024-10-09T00:00:00,Gold
C002015,Parker,Bennett,parker.bennett2015@mail.example,Reseller,Blue Ridge,Asheville,NC,2025-11-19T00:00:00,Silver
C002016,Skyler,Cooper,skyler.cooper2016@mail.example,Corporate,Foothills,Hickory,NC,2025-07-21T00:00:00,Platinum
C002017,Finley,Bennett,finley.bennett2017@mail.example,Reseller,Blue Ridge,Asheville,NC,2025-10-11T00:00:00,Bronze
C002018,Rowan,Cooper,rowan.cooper2018@mail.example,Retail,Smoky Mountains,Knoxville,TN,2025-11-25T00:00:00,Silver
C002019,Finley,Cooper,finley.cooper2019@mail.example,Loyalty,Appalachian,Johnson City,TN,2024-12-11T00:00:00,Platinum
C002020,Emerson,Bailey,emerson.bailey2020@mail.example,School Program,Appalachian,Johnson City,TN,2024-04-18T00:00:00,Silver
C002021,Skyler,Morgan,skyler.morgan2021@mail.example,Corporate,Piedmont,Charlotte,NC,2024-11-08T00:00:00,Gold
C002022,Skyler,Brooks,skyler.brooks2022@mail.example,School Program,Piedmont,Charlotte,NC,2024-10-01T00:00:00,Silver
C002023,Harper,Bennett,harper.bennett2023@mail.example,Loyalty,Coastal,Charleston,SC,2025-12-24T00:00:00,Bronze
C002024,Drew,Carter,drew.carter2024@mail.example,Reseller,Appalachian,Johnson City,TN,2024-07-17T00:00:00,Platinum
C002025,Sawyer,Powell,sawyer.powell2025@mail.example,Corporate,Coastal,Charleston,SC,2024-07-02T00:00:00,Gold
C002026,Logan,Carter,logan.carter2026@mail.example,Guide Service,Appalachian,Asheville,NC,2024-08-21T00:00:00,Silver
C002027,Dakota,Wood,dakota.wood2027@mail.example,School Program,Appalachian,Boone,NC,2024-08-03T00:00:00,B2B Account
C002028,Rowan,Bennett,rowan.bennett2028@mail.example,Reseller,Piedmont,Greenville,SC,2025-02-07T00:00:00,Gold
C002029,Casey,Bailey,casey.bailey2029@mail.example,Guide Service,Appalachian,Boone,NC,2025-01-21T00:00:00,Bronze
C002030,Casey,Bennett,casey.bennett2030@mail.example,Corporate,Coastal,Charleston,SC,2025-04-05T00:00:00,Gold
C002031,Morgan,Richardson,morgan.richardson2031@mail.example,Guide Service,Piedmont,Columbia,SC,2024-10-18T00:00:00,Silver
C002032,Avery,Brooks,avery.brooks2032@mail.example,Guide Service,Piedmont,Charlotte,NC,2025-04-08T00:00:00,Bronze
C002033,Dakota,Parker,dakota.parker2033@mail.example,School Program,Appalachian,Johnson City,TN,2025-07-24T00:00:00,Bronze
C002034,Emerson,Bennett,emerson.bennett2034@mail.example,Corporate,Piedmont,Greenville,SC,2025-03-24T00:00:00,Platinum
C002035,Dakota,Brooks,dakota.brooks2035@mail.example,Guide Service,Blue Ridge,Roanoke,VA,2024-07-06T00:00:00,Bronze
C002036,Parker,Cooper,parker.cooper2036@mail.example,Guide Service,Smoky Mountains,Knoxville,TN,2025-05-10T00:00:00,B2B Account
C002037,Morgan,Collins,morgan.collins2037@mail.example,Loyalty,Appalachian,Boone,NC,2024-11-20T00:00:00,Silver
C002038,Drew,Reed,drew.reed2038@mail.example,Reseller,Foothills,Greenville,SC,2025-11-07T00:00:00,Platinum
C002039,Parker,Richardson,parker.richardson2039@mail.example,School Program,Foothills,Hickory,NC,2025-06-19T00:00:00,B2B Account
C002040,Jordan,Collins,jordan.collins2040@mail.example,Guide Service,Piedmont,Columbia,SC,2024-09-21T00:00:00,Bronze
C002041,Jamie,Collins,jamie.collins2041@mail.example,Corporate,Coastal,Charleston,SC,2024-01-26T00:00:00,Gold
C002042,Quinn,Bennett,quinn.bennett2042@mail.example,Loyalty,Piedmont,Charlotte,NC,2025-04-16T00:00:00,Gold
C002043,Reese,Powell,reese.powell2043@mail.example,Reseller,Foothills,Greenville,SC,2024-08-03T00:00:00,Bronze
C002044,Morgan,Reed,morgan.reed2044@mail.example,Corporate,Appalachian,Johnson City,TN,2025-05-19T00:00:00,Platinum
C002045,Finley,Collins,finley.collins2045@mail.example,Corporate,Foothills,Hickory,NC,2025-12-18T00:00:00,Silver
C002046,Morgan,Cooper,morgan.cooper2046@mail.example,Guide Service,Appalachian,Johnson City,TN,2025-06-13T00:00:00,Bronze
C002047,Sawyer,Powell,sawyer.powell2047@mail.example,School Program,Piedmont,Charlotte,NC,2024-08-15T00:00:00,Bronze
C002048,Logan,Richardson,logan.richardson2048@mail.example,School Program,Appalachian,Asheville,NC,2024-03-30T00:00:00,Silver
C002049,Casey,Cooper,casey.cooper2049@mail.example,School Program,Appalachian,Boone,NC,2024-10-24T00:00:00,Bronze
C002050,Jamie,Bennett,jamie.bennett2050@mail.example,Guide Service,Piedmont,Hickory,NC,2024-03-27T00:00:00,Silver
C002051,Harper,Bell,harper.bell2051@mail.example,Retail,Foothills,Greenville,SC,2024-12-31T00:00:00,Bronze
C002052,Taylor,Powell,taylor.powell2052@mail.example,Reseller,Appalachian,Asheville,NC,2025-08-01T00:00:00,Bronze
C002053,Harper,Sanders,harper.sanders2053@mail.example,School Program,Smoky Mountains,Johnson City,TN,2025-07-28T00:00:00,Silver
C002054,Sawyer,Turner,sawyer.turner2054@mail.example,School Program,Foothills,Hickory,NC,2024-05-20T00:00:00,Bronze
C002055,Drew,Bailey,drew.bailey2055@mail.example,Retail,Coastal,Charleston,SC,2025-09-24T00:00:00,Silver
C002056,Logan,Cooper,logan.cooper2056@mail.example,Guide Service,Appalachian,Johnson City,TN,2024-07-15T00:00:00,Silver
C002057,Logan,Reed,logan.reed2057@mail.example,Retail,Foothills,Greenville,SC,2024-05-13T00:00:00,Silver
C002058,Parker,Morgan,parker.morgan2058@mail.example,Guide Service,Piedmont,Columbia,SC,2025-08-03T00:00:00,Bronze
C002059,Sawyer,Carter,sawyer.carter2059@mail.example,School Program,Appalachian,Boone,NC,2025-04-16T00:00:00,Bronze
C002060,Taylor,Collins,taylor.collins2060@mail.example,Guide Service,Foothills,Knoxville,TN,2024-02-14T00:00:00,Bronze
C002061,Logan,Sanders,logan.sanders2061@mail.example,Retail,Foothills,Hickory,NC,2025-07-08T00:00:00,Bronze
C002062,Finley,Powell,finley.powell2062@mail.example,Reseller,Appalachian,Roanoke,VA,2024-07-02T00:00:00,Bronze
C002063,Harper,Turner,harper.turner2063@mail.example,Reseller,Foothills,Greenville,SC,2024-12-16T00:00:00,Gold
C002064,Parker,Bell,parker.bell2064@mail.example,Corporate,Piedmont,Columbia,SC,2024-10-14T00:00:00,Bronze
C002065,Skyler,Wood,skyler.wood2065@mail.example,Guide Service,Appalachian,Roanoke,VA,2024-04-01T00:00:00,Bronze
C002066,Logan,Sanders,logan.sanders2066@mail.example,Loyalty,Appalachian,Roanoke,VA,2024-09-24T00:00:00,Bronze
C002067,Drew,Parker,drew.parker2067@mail.example,Loyalty,Foothills,Greenville,SC,2024-12-02T00:00:00,Gold
C002068,Rowan,Cooper,rowan.cooper2068@mail.example,School Program,Foothills,Greenville,SC,2025-08-13T00:00:00,Silver
C002069,Dakota,Brooks,dakota.brooks2069@mail.example,Corporate,Appalachian,Roanoke,VA,2025-07-24T00:00:00,Bronze
C002070,Morgan,Bailey,morgan.bailey2070@mail.example,Reseller,Smoky Mountains,Johnson City,TN,2024-08-10T00:00:00,Bronze
C002071,Riley,Bell,riley.bell2071@mail.example,Retail,Appalachian,Roanoke,VA,2025-06-13T00:00:00,Gold
C002072,Drew,Murphy,drew.murphy2072@mail.example,Retail,Coastal,Charleston,SC,2024-05-06T00:00:00,Silver
C002073,Morgan,Brooks,morgan.brooks2073@mail.example,School Program,Blue Ridge,Roanoke,VA,2025-10-03T00:00:00,Silver
C002074,Cameron,Powell,cameron.powell2074@mail.example,Loyalty,Appalachian,Boone,NC,2024-01-04T00:00:00,Bronze
C002075,Parker,Powell,parker.powell2075@mail.example,Corporate,Smoky Mountains,Knoxville,TN,2025-06-23T00:00:00,Gold
C002076,Rowan,Griffin,rowan.griffin2076@mail.example,Retail,Piedmont,Columbia,SC,2024-04-20T00:00:00,Gold
C002077,Skyler,Turner,skyler.turner2077@mail.example,Reseller,Appalachian,Boone,NC,2024-10-06T00:00:00,Silver
C002078,Dakota,Griffin,dakota.griffin2078@mail.example,School Program,Smoky Mountains,Knoxville,TN,2024-07-09T00:00:00,Bronze
C002079,Parker,Sanders,parker.sanders2079@mail.example,Reseller,Appalachian,Roanoke,VA,2025-12-12T00:00:00,Gold
C002080,Harper,Bailey,harper.bailey2080@mail.example,Reseller,Coastal,Charleston,SC,2025-08-21T00:00:00,Silver
C002081,Taylor,Turner,taylor.turner2081@mail.example,Loyalty,Piedmont,Charlotte,NC,2025-08-02T00:00:00,Platinum
C002082,Riley,Reed,riley.reed2082@mail.example,School Program,Coastal,Charleston,SC,2024-01-31T00:00:00,Bronze
C002083,Taylor,Collins,taylor.collins2083@mail.example,Retail,Blue Ridge,Asheville,NC,2025-12-02T00:00:00,Gold
C002084,Reese,Sanders,reese.sanders2084@mail.example,Reseller,Piedmont,Columbia,SC,2024-11-21T00:00:00,Silver
C002085,Casey,Bennett,casey.bennett2085@mail.example,Retail,Foothills,Greenville,SC,2024-05-04T00:00:00,Silver
C002086,Dakota,Bennett,dakota.bennett2086@mail.example,Reseller,Blue Ridge,Roanoke,VA,2025-06-28T00:00:00,Silver
C002087,Casey,Brooks,casey.brooks2087@mail.example,Guide Service,Appalachian,Boone,NC,2025-07-24T00:00:00,Silver
C002088,Dakota,Cooper,dakota.cooper2088@mail.example,Reseller,Appalachian,Roanoke,VA,2024-08-02T00:00:00,Bronze
C002089,Cameron,Parker,cameron.parker2089@mail.example,School Program,Appalachian,Johnson City,TN,2024-07-22T00:00:00,Bronze
C002090,Morgan,Griffin,morgan.griffin2090@mail.example,Guide Service,Blue Ridge,Asheville,NC,2025-06-21T00:00:00,B2B Account
C002091,Morgan,Price,morgan.price2091@mail.example,Corporate,Foothills,Knoxville,TN,2025-01-23T00:00:00,Gold
C002092,Drew,Collins,drew.collins2092@mail.example,Retail,Piedmont,Greenville,SC,2025-03-09T00:00:00,Platinum
C002093,Parker,Brooks,parker.brooks2093@mail.example,Loyalty,Foothills,Hickory,NC,2025-11-05T00:00:00,Silver
C002094,Jamie,Hayes,jamie.hayes2094@mail.example,Retail,Foothills,Hickory,NC,2024-10-19T00:00:00,Bronze
C002095,Parker,Hayes,parker.hayes2095@mail.example,Reseller,Foothills,Greenville,SC,2025-03-01T00:00:00,Bronze
C002096,Harper,Reed,harper.reed2096@mail.example,Guide Service,Piedmont,Charlotte,NC,2024-04-23T00:00:00,B2B Account
C002097,Jamie,Brooks,jamie.brooks2097@mail.example,Guide Service,Appalachian,Boone,NC,2025-09-08T00:00:00,Bronze
C002098,Avery,Collins,avery.collins2098@mail.example,Reseller,Appalachian,Boone,NC,2024-02-21T00:00:00,Silver
C002099,Harper,Cooper,harper.cooper2099@mail.example,Loyalty,Appalachian,Boone,NC,2025-06-06T00:00:00,Gold
C002100,Emerson,Brooks,emerson.brooks2100@mail.example,Guide Service,Smoky Mountains,Johnson City,TN,2024-04-21T00:00:00,B2B Account
C002101,Casey,Foster,casey.foster2101@mail.example,Guide Service,Smoky Mountains,Knoxville,TN,2025-07-13T00:00:00,Bronze
C002102,Skyler,Hayes,skyler.hayes2102@mail.example,Guide Service,Coastal,Charleston,SC,2024-07-12T00:00:00,Bronze
C002103,Rowan,Sanders,rowan.sanders2103@mail.example,School Program,Piedmont,Columbia,SC,2025-02-17T00:00:00,B2B Account
C002104,Harper,Brooks,harper.brooks2104@mail.example,Corporate,Appalachian,Roanoke,VA,2025-07-06T00:00:00,Platinum
C002105,Logan,Cooper,logan.cooper2105@mail.example,Corporate,Smoky Mountains,Johnson City,TN,2025-12-09T00:00:00,Platinum
C002106,Emerson,Murphy,emerson.murphy2106@mail.example,Loyalty,Appalachian,Asheville,NC,2025-05-13T00:00:00,Platinum
C002107,Finley,Bailey,finley.bailey2107@mail.example,Reseller,Blue Ridge,Asheville,NC,2025-09-18T00:00:00,Bronze
C002108,Jamie,Carter,jamie.carter2108@mail.example,Guide Service,Coastal,Charleston,SC,2025-04-03T00:00:00,Silver
C002109,Drew,Hayes,drew.hayes2109@mail.example,Loyalty,Appalachian,Johnson City,TN,2024-05-14T00:00:00,Bronze
C002110,Rowan,Richardson,rowan.richardson2110@mail.example,Loyalty,Blue Ridge,Roanoke,VA,2025-07-19T00:00:00,Silver
C002111,Parker,Price,parker.price2111@mail.example,Corporate,Piedmont,Columbia,SC,2025-09-04T00:00:00,Bronze
C002112,Emerson,Carter,emerson.carter2112@mail.example,Reseller,Piedmont,Charlotte,NC,2024-07-25T00:00:00,Silver
C002113,Taylor,Hayes,taylor.hayes2113@mail.example,School Program,Smoky Mountains,Knoxville,TN,2025-12-28T00:00:00,Silver
C002114,Emerson,Bell,emerson.bell2114@mail.example,School Program,Appalachian,Johnson City,TN,2025-11-29T00:00:00,Bronze
C002115,Cameron,Griffin,cameron.griffin2115@mail.example,School Program,Coastal,Charleston,SC,2024-11-19T00:00:00,Silver
C002116,Cameron,Price,cameron.price2116@mail.example,Guide Service,Piedmont,Charlotte,NC,2025-06-27T00:00:00,Bronze
C002117,Skyler,Reed,skyler.reed2117@mail.example,Guide Service,Blue Ridge,Asheville,NC,2024-12-07T00:00:00,Silver
C002118,Logan,Bennett,logan.bennett2118@mail.example,Retail,Appalachian,Boone,NC,2024-06-02T00:00:00,Gold
C002119,Cameron,Carter,cameron.carter2119@mail.example,Retail,Foothills,Greenville,SC,2025-07-23T00:00:00,Bronze
C002120,Emerson,Carter,emerson.carter2120@mail.example,School Program,Appalachian,Johnson City,TN,2025-08-02T00:00:00,Silver
C002121,Skyler,Hayes,skyler.hayes2121@mail.example,Corporate,Foothills,Greenville,SC,2024-03-27T00:00:00,Bronze
C002122,Harper,Carter,harper.carter2122@mail.example,School Program,Appalachian,Roanoke,VA,2025-02-03T00:00:00,Silver
C002123,Cameron,Foster,cameron.foster2123@mail.example,Corporate,Blue Ridge,Asheville,NC,2025-07-17T00:00:00,Gold
C002124,Jamie,Morgan,jamie.morgan2124@mail.example,School Program,Appalachian,Boone,NC,2024-05-24T00:00:00,Bronze
C002125,Parker,Parker,parker.parker2125@mail.example,School Program,Coastal,Charleston,SC,2024-03-12T00:00:00,Bronze
C002126,Jordan,Cooper,jordan.cooper2126@mail.example,Loyalty,Piedmont,Charlotte,NC,2025-02-10T00:00:00,Silver
C002127,Morgan,Turner,morgan.turner2127@mail.example,Retail,Coastal,Charleston,SC,2024-03-07T00:00:00,Gold
C002128,Riley,Bennett,riley.bennett2128@mail.example,Corporate,Coastal,Charleston,SC,2025-02-06T00:00:00,Gold
C002129,Sawyer,Cooper,sawyer.cooper2129@mail.example,Reseller,Appalachian,Roanoke,VA,2024-05-04T00:00:00,Bronze
C002130,Avery,Hayes,avery.hayes2130@mail.example,Reseller,Foothills,Knoxville,TN,2024-11-13T00:00:00,Gold
C002131,Dakota,Collins,dakota.collins2131@mail.example,Retail,Piedmont,Hickory,NC,2025-12-06T00:00:00,Bronze
C002132,Cameron,Griffin,cameron.griffin2132@mail.example,Corporate,Piedmont,Columbia,SC,2025-08-04T00:00:00,Silver
C002133,Skyler,Bell,skyler.bell2133@mail.example,Retail,Appalachian,Roanoke,VA,2024-06-12T00:00:00,Silver
C002134,Parker,Cooper,parker.cooper2134@mail.example,Guide Service,Coastal,Charleston,SC,2024-04-07T00:00:00,B2B Account
C002135,Jamie,Sanders,jamie.sanders2135@mail.example,Guide Service,Piedmont,Columbia,SC,2025-02-15T00:00:00,Silver
C002136,Drew,Foster,drew.foster2136@mail.example,Loyalty,Foothills,Greenville,SC,2024-08-14T00:00:00,Platinum
C002137,Casey,Powell,casey.powell2137@mail.example,Reseller,Piedmont,Hickory,NC,2025-04-02T00:00:00,Bronze
C002138,Morgan,Powell,morgan.powell2138@mail.example,Loyalty,Appalachian,Boone,NC,2025-04-06T00:00:00,Platinum
C002139,Dakota,Bell,dakota.bell2139@mail.example,Corporate,Appalachian,Roanoke,VA,2024-12-06T00:00:00,Gold
C002140,Parker,Sanders,parker.sanders2140@mail.example,School Program,Foothills,Greenville,SC,2025-04-09T00:00:00,Bronze
C002141,Skyler,Carter,skyler.carter2141@mail.example,Reseller,Coastal,Charleston,SC,2025-07-15T00:00:00,Silver
C002142,Logan,Collins,logan.collins2142@mail.example,Loyalty,Foothills,Greenville,SC,2025-10-04T00:00:00,Platinum
C002143,Sawyer,Collins,sawyer.collins2143@mail.example,Reseller,Piedmont,Columbia,SC,2024-01-14T00:00:00,Bronze
C002144,Taylor,Sanders,taylor.sanders2144@mail.example,Retail,Coastal,Charleston,SC,2025-04-14T00:00:00,Silver
C002145,Sawyer,Richardson,sawyer.richardson2145@mail.example,Loyalty,Piedmont,Charlotte,NC,2025-03-03T00:00:00,Platinum
C002146,Casey,Bailey,casey.bailey2146@mail.example,School Program,Coastal,Charleston,SC,2024-07-04T00:00:00,Silver
C002147,Cameron,Brooks,cameron.brooks2147@mail.example,Reseller,Blue Ridge,Asheville,NC,2025-09-02T00:00:00,Bronze
C002148,Reese,Carter,reese.carter2148@mail.example,School Program,Piedmont,Columbia,SC,2024-02-01T00:00:00,Silver
C002149,Cameron,Morgan,cameron.morgan2149@mail.example,Corporate,Smoky Mountains,Knoxville,TN,2024-06-01T00:00:00,Gold
C002150,Skyler,Hayes,skyler.hayes2150@mail.example,Retail,Appalachian,Boone,NC,2025-08-16T00:00:00,Platinum
C002151,Quinn,Hayes,quinn.hayes2151@mail.example,Loyalty,Piedmont,Columbia,SC,2025-02-01T00:00:00,Bronze
C002152,Reese,Sanders,reese.sanders2152@mail.example,School Program,Coastal,Charleston,SC,2024-01-22T00:00:00,Bronze
C002153,Parker,Carter,parker.carter2153@mail.example,Loyalty,Piedmont,Columbia,SC,2025-01-04T00:00:00,Gold
C002154,Rowan,Turner,rowan.turner2154@mail.example,Reseller,Blue Ridge,Asheville,NC,2024-01-13T00:00:00,Silver
C002155,Rowan,Parker,rowan.parker2155@mail.example,Loyalty,Foothills,Hickory,NC,2025-05-16T00:00:00,Silver
C002156,Drew,Bennett,drew.bennett2156@mail.example,Reseller,Foothills,Greenville,SC,2025-06-20T00:00:00,Bronze
C002157,Skyler,Foster,skyler.foster2157@mail.example,School Program,Appalachian,Johnson City,TN,2025-06-05T00:00:00,Bronze
C002158,Dakota,Price,dakota.price2158@mail.example,Loyalty,Appalachian,Johnson City,TN,2024-06-22T00:00:00,Silver
C002159,Morgan,Morgan,morgan.morgan2159@mail.example,Guide Service,Piedmont,Columbia,SC,2025-10-17T00:00:00,Silver
C002160,Avery,Price,avery.price2160@mail.example,School Program,Smoky Mountains,Johnson City,TN,2024-12-21T00:00:00,Bronze
C002161,Skyler,Cooper,skyler.cooper2161@mail.example,School Program,Appalachian,Boone,NC,2025-06-27T00:00:00,B2B Account
C002162,Sawyer,Cooper,sawyer.cooper2162@mail.example,Corporate,Piedmont,Charlotte,NC,2024-06-22T00:00:00,Gold
C002163,Morgan,Murphy,morgan.murphy2163@mail.example,School Program,Smoky Mountains,Knoxville,TN,2025-04-15T00:00:00,B2B Account
C002164,Jamie,Morgan,jamie.morgan2164@mail.example,School Program,Coastal,Charleston,SC,2024-10-02T00:00:00,Silver
C002165,Cameron,Bell,cameron.bell2165@mail.example,School Program,Piedmont,Greenville,SC,2025-06-26T00:00:00,B2B Account
C002166,Harper,Morgan,harper.morgan2166@mail.example,Corporate,Blue Ridge,Roanoke,VA,2024-02-12T00:00:00,Platinum
C002167,Drew,Reed,drew.reed2167@mail.example,Retail,Piedmont,Charlotte,NC,2024-08-28T00:00:00,Gold
C002168,Skyler,Sanders,skyler.sanders2168@mail.example,Reseller,Smoky Mountains,Knoxville,TN,2024-04-16T00:00:00,Bronze
C002169,Skyler,Morgan,skyler.morgan2169@mail.example,Loyalty,Appalachian,Roanoke,VA,2025-12-27T00:00:00,Gold
C002170,Taylor,Collins,taylor.collins2170@mail.example,Corporate,Piedmont,Columbia,SC,2025-03-01T00:00:00,Silver
C002171,Jordan,Parker,jordan.parker2171@mail.example,Retail,Piedmont,Columbia,SC,2025-09-09T00:00:00,Bronze
C002172,Casey,Price,casey.price2172@mail.example,Reseller,Appalachian,Boone,NC,2025-04-12T00:00:00,Platinum
C002173,Parker,Parker,parker.parker2173@mail.example,School Program,Foothills,Hickory,NC,2025-02-07T00:00:00,Silver
C002174,Jordan,Morgan,jordan.morgan2174@mail.example,Guide Service,Blue Ridge,Boone,NC,2025-06-22T00:00:00,Bronze
C002175,Parker,Cooper,parker.cooper2175@mail.example,Loyalty,Coastal,Charleston,SC,2024-11-06T00:00:00,Silver
C002176,Reese,Morgan,reese.morgan2176@mail.example,Reseller,Smoky Mountains,Johnson City,TN,2025-12-20T00:00:00,Platinum
C002177,Cameron,Cooper,cameron.cooper2177@mail.example,Corporate,Appalachian,Roanoke,VA,2025-08-17T00:00:00,Gold
C002178,Cameron,Powell,cameron.powell2178@mail.example,School Program,Piedmont,Columbia,SC,2024-04-01T00:00:00,Silver
C002179,Jamie,Cooper,jamie.cooper2179@mail.example,Corporate,Piedmont,Columbia,SC,2025-06-01T00:00:00,Silver
C002180,Cameron,Griffin,cameron.griffin2180@mail.example,School Program,Piedmont,Columbia,SC,2024-07-12T00:00:00,Bronze
C002181,Finley,Richardson,finley.richardson2181@mail.example,Guide Service,Piedmont,Charlotte,NC,2025-01-26T00:00:00,Bronze
C002182,Finley,Price,finley.price2182@mail.example,Loyalty,Appalachian,Johnson City,TN,2024-10-15T00:00:00,Platinum
C002183,Harper,Foster,harper.foster2183@mail.example,Reseller,Appalachian,Roanoke,VA,2025-12-14T00:00:00,Platinum
C002184,Finley,Carter,finley.carter2184@mail.example,School Program,Appalachian,Asheville,NC,2024-01-23T00:00:00,Bronze
C002185,Parker,Collins,parker.collins2185@mail.example,School Program,Appalachian,Roanoke,VA,2025-11-15T00:00:00,Silver
C002186,Drew,Sanders,drew.sanders2186@mail.example,Corporate,Piedmont,Hickory,NC,2024-08-13T00:00:00,Silver
C002187,Drew,Carter,drew.carter2187@mail.example,Loyalty,Coastal,Charleston,SC,2025-02-12T00:00:00,Bronze
C002188,Harper,Bell,harper.bell2188@mail.example,School Program,Blue Ridge,Asheville,NC,2024-05-09T00:00:00,Silver
C002189,Finley,Brooks,finley.brooks2189@mail.example,Guide Service,Smoky Mountains,Knoxville,TN,2024-08-22T00:00:00,B2B Account
C002190,Rowan,Turner,rowan.turner2190@mail.example,Corporate,Piedmont,Hickory,NC,2024-02-07T00:00:00,Platinum
C002191,Riley,Hayes,riley.hayes2191@mail.example,School Program,Appalachian,Johnson City,TN,2025-02-24T00:00:00,Bronze
C002192,Skyler,Sanders,skyler.sanders2192@mail.example,Guide Service,Smoky Mountains,Knoxville,TN,2024-12-13T00:00:00,Silver
C002193,Sawyer,Carter,sawyer.carter2193@mail.example,Guide Service,Blue Ridge,Boone,NC,2024-11-07T00:00:00,Silver
C002194,Riley,Brooks,riley.brooks2194@mail.example,Retail,Foothills,Hickory,NC,2025-07-13T00:00:00,Bronze
C002195,Jordan,Powell,jordan.powell2195@mail.example,Corporate,Appalachian,Boone,NC,2024-10-07T00:00:00,Platinum
C002196,Cameron,Bailey,cameron.bailey2196@mail.example,School Program,Smoky Mountains,Johnson City,TN,2025-09-19T00:00:00,B2B Account
C002197,Drew,Collins,drew.collins2197@mail.example,Reseller,Appalachian,Roanoke,VA,2024-01-20T00:00:00,Bronze
C002198,Skyler,Cooper,skyler.cooper2198@mail.example,Corporate,Piedmont,Charlotte,NC,2025-12-17T00:00:00,Platinum
C002199,Dakota,Carter,dakota.carter2199@mail.example,Guide Service,Blue Ridge,Boone,NC,2024-01-06T00:00:00,B2B Account
C002200,Morgan,Murphy,morgan.murphy2200@mail.example,Guide Service,Piedmont,Columbia,SC,2025-04-28T00:00:00,Bronze
C002201,Avery,Bell,avery.bell2201@mail.example,Guide Service,Blue Ridge,Asheville,NC,2024-08-26T00:00:00,Silver
C002202,Finley,Cooper,finley.cooper2202@mail.example,Retail,Appalachian,Boone,NC,2025-08-17T00:00:00,Platinum
C002203,Rowan,Sanders,rowan.sanders2203@mail.example,Guide Service,Foothills,Hickory,NC,2024-11-18T00:00:00,Bronze
C002204,Skyler,Griffin,skyler.griffin2204@mail.example,Retail,Appalachian,Asheville,NC,2025-08-06T00:00:00,Silver
C002205,Morgan,Price,morgan.price2205@mail.example,Retail,Piedmont,Columbia,SC,2025-02-16T00:00:00,Platinum
C002206,Cameron,Hayes,cameron.hayes2206@mail.example,Retail,Coastal,Charleston,SC,2025-07-01T00:00:00,Gold
C002207,Harper,Hayes,harper.hayes2207@mail.example,Corporate,Blue Ridge,Roanoke,VA,2025-04-08T00:00:00,Platinum
C002208,Taylor,Turner,taylor.turner2208@mail.example,School Program,Smoky Mountains,Knoxville,TN,2024-03-04T00:00:00,B2B Account
C002209,Casey,Griffin,casey.griffin2209@mail.example,Reseller,Blue Ridge,Asheville,NC,2024-11-23T00:00:00,Silver
C002210,Skyler,Price,skyler.price2210@mail.example,Loyalty,Blue Ridge,Asheville,NC,2024-11-03T00:00:00,Silver
C002211,Avery,Carter,avery.carter2211@mail.example,Guide Service,Appalachian,Roanoke,VA,2024-07-23T00:00:00,Silver
C002212,Skyler,Turner,skyler.turner2212@mail.example,Reseller,Piedmont,Columbia,SC,2024-10-05T00:00:00,Platinum
C002213,Morgan,Sanders,morgan.sanders2213@mail.example,Retail,Blue Ridge,Asheville,NC,2025-12-30T00:00:00,Platinum
C002214,Parker,Bell,parker.bell2214@mail.example,Loyalty,Blue Ridge,Asheville,NC,2024-06-13T00:00:00,Platinum
C002215,Quinn,Carter,quinn.carter2215@mail.example,Corporate,Foothills,Greenville,SC,2025-11-08T00:00:00,Silver
C002216,Morgan,Bell,morgan.bell2216@mail.example,Loyalty,Blue Ridge,Asheville,NC,2025-08-07T00:00:00,Gold
C002217,Dakota,Cooper,dakota.cooper2217@mail.example,Loyalty,Foothills,Greenville,SC,2025-11-22T00:00:00,Bronze
C002218,Quinn,Collins,quinn.collins2218@mail.example,Guide Service,Appalachian,Roanoke,VA,2024-01-19T00:00:00,Bronze
C002219,Sawyer,Bell,sawyer.bell2219@mail.example,Retail,Smoky Mountains,Knoxville,TN,2025-03-19T00:00:00,Gold
C002220,Sawyer,Turner,sawyer.turner2220@mail.example,Reseller,Blue Ridge,Asheville,NC,2025-11-04T00:00:00,Gold
C002221,Avery,Richardson,avery.richardson2221@mail.example,Corporate,Appalachian,Roanoke,VA,2024-11-30T00:00:00,Silver
C002222,Sawyer,Morgan,sawyer.morgan2222@mail.example,Guide Service,Coastal,Charleston,SC,2025-09-21T00:00:00,Silver
C002223,Skyler,Sanders,skyler.sanders2223@mail.example,Guide Service,Appalachian,Johnson City,TN,2025-09-06T00:00:00,Bronze
C002224,Skyler,Bennett,skyler.bennett2224@mail.example,Guide Service,Blue Ridge,Asheville,NC,2025-02-28T00:00:00,Bronze
C002225,Emerson,Powell,emerson.powell2225@mail.example,Corporate,Smoky Mountains,Knoxville,TN,2024-11-29T00:00:00,Gold
C002226,Finley,Powell,finley.powell2226@mail.example,Reseller,Piedmont,Columbia,SC,2025-02-26T00:00:00,Silver
C002227,Emerson,Bell,emerson.bell2227@mail.example,Retail,Foothills,Greenville,SC,2025-04-19T00:00:00,Gold
C002228,Logan,Murphy,logan.murphy2228@mail.example,Reseller,Blue Ridge,Asheville,NC,2025-10-03T00:00:00,Silver
C002229,Finley,Collins,finley.collins2229@mail.example,Guide Service,Piedmont,Charlotte,NC,2025-07-23T00:00:00,Silver
C002230,Harper,Richardson,harper.richardson2230@mail.example,Guide Service,Foothills,Greenville,SC,2025-01-10T00:00:00,Silver
C002231,Casey,Bennett,casey.bennett2231@mail.example,Reseller,Coastal,Charleston,SC,2025-12-13T00:00:00,Gold
C002232,Jordan,Richardson,jordan.richardson2232@mail.example,Guide Service,Piedmont,Charlotte,NC,2024-04-18T00:00:00,Bronze
C002233,Harper,Price,harper.price2233@mail.example,Guide Service,Appalachian,Boone,NC,2024-07-20T00:00:00,B2B Account
C002234,Reese,Parker,reese.parker2234@mail.example,Retail,Piedmont,Charlotte,NC,2025-09-28T00:00:00,Silver
C002235,Quinn,Morgan,quinn.morgan2235@mail.example,Retail,Piedmont,Columbia,SC,2024-04-08T00:00:00,Bronze
C002236,Finley,Bailey,finley.bailey2236@mail.example,Guide Service,Smoky Mountains,Knoxville,TN,2024-05-03T00:00:00,Bronze
C002237,Quinn,Sanders,quinn.sanders2237@mail.example,Retail,Appalachian,Boone,NC,2024-06-24T00:00:00,Bronze
C002238,Taylor,Bailey,taylor.bailey2238@mail.example,School Program,Smoky Mountains,Knoxville,TN,2025-04-24T00:00:00,Silver
C002239,Skyler,Foster,skyler.foster2239@mail.example,Loyalty,Smoky Mountains,Knoxville,TN,2025-10-12T00:00:00,Bronze
C002240,Casey,Morgan,casey.morgan2240@mail.example,Corporate,Blue Ridge,Boone,NC,2024-06-13T00:00:00,Silver
C002241,Jamie,Richardson,jamie.richardson2241@mail.example,Reseller,Piedmont,Charlotte,NC,2025-01-10T00:00:00,Silver
C002242,Parker,Price,parker.price2242@mail.example,School Program,Piedmont,Hickory,NC,2024-09-07T00:00:00,Silver
C002243,Drew,Bennett,drew.bennett2243@mail.example,Loyalty,Piedmont,Columbia,SC,2024-09-09T00:00:00,Platinum
C002244,Finley,Cooper,finley.cooper2244@mail.example,Retail,Foothills,Hickory,NC,2025-07-11T00:00:00,Gold
C002245,Taylor,Sanders,taylor.sanders2245@mail.example,Retail,Foothills,Hickory,NC,2025-09-24T00:00:00,Bronze
C002246,Casey,Griffin,casey.griffin2246@mail.example,Loyalty,Foothills,Hickory,NC,2025-11-26T00:00:00,Platinum
C002247,Dakota,Bell,dakota.bell2247@mail.example,Retail,Appalachian,Johnson City,TN,2024-11-20T00:00:00,Platinum
C002248,Harper,Turner,harper.turner2248@mail.example,Reseller,Foothills,Hickory,NC,2024-06-29T00:00:00,Platinum
C002249,Drew,Collins,drew.collins2249@mail.example,Corporate,Foothills,Greenville,SC,2025-02-13T00:00:00,Gold
C002250,Harper,Collins,harper.collins2250@mail.example,Retail,Piedmont,Columbia,SC,2024-01-04T00:00:00,Silver
C002251,Dakota,Powell,dakota.powell2251@mail.example,Guide Service,Foothills,Greenville,SC,2024-04-03T00:00:00,Silver
C002252,Sawyer,Parker,sawyer.parker2252@mail.example,Guide Service,Smoky Mountains,Knoxville,TN,2024-08-28T00:00:00,Bronze
C002253,Casey,Bennett,casey.bennett2253@mail.example,School Program,Appalachian,Roanoke,VA,2025-06-23T00:00:00,Silver
C002254,Quinn,Cooper,quinn.cooper2254@mail.example,Guide Service,Piedmont,Charlotte,NC,2024-08-11T00:00:00,Bronze
C002255,Harper,Sanders,harper.sanders2255@mail.example,Guide Service,Appalachian,Johnson City,TN,2024-07-15T00:00:00,Silver
C002256,Parker,Brooks,parker.brooks2256@mail.example,Retail,Appalachian,Johnson City,TN,2025-10-27T00:00:00,Silver
C002257,Jordan,Hayes,jordan.hayes2257@mail.example,School Program,Foothills,Hickory,NC,2025-04-16T00:00:00,Bronze
C002258,Logan,Parker,logan.parker2258@mail.example,Retail,Appalachian,Johnson City,TN,2025-03-20T00:00:00,Gold
C002259,Finley,Hayes,finley.hayes2259@mail.example,Corporate,Appalachian,Boone,NC,2024-12-22T00:00:00,Gold
C002260,Skyler,Murphy,skyler.murphy2260@mail.example,Retail,Appalachian,Johnson City,TN,2025-01-07T00:00:00,Gold
C002261,Rowan,Collins,rowan.collins2261@mail.example,Retail,Piedmont,Hickory,NC,2025-09-26T00:00:00,Silver
C002262,Logan,Foster,logan.foster2262@mail.example,Reseller,Smoky Mountains,Knoxville,TN,2025-12-02T00:00:00,Platinum
C002263,Taylor,Carter,taylor.carter2263@mail.example,Reseller,Appalachian,Johnson City,TN,2024-10-26T00:00:00,Gold
C002264,Avery,Reed,avery.reed2264@mail.example,Retail,Appalachian,Asheville,NC,2024-05-17T00:00:00,Silver
C002265,Finley,Bailey,finley.bailey2265@mail.example,Reseller,Piedmont,Columbia,SC,2025-11-17T00:00:00,Silver
C002266,Taylor,Morgan,taylor.morgan2266@mail.example,Guide Service,Piedmont,Columbia,SC,2024-06-02T00:00:00,B2B Account
C002267,Jordan,Price,jordan.price2267@mail.example,Corporate,Appalachian,Asheville,NC,2024-02-25T00:00:00,Bronze
C002268,Sawyer,Bennett,sawyer.bennett2268@mail.example,Reseller,Coastal,Charleston,SC,2025-05-17T00:00:00,Platinum
C002269,Dakota,Murphy,dakota.murphy2269@mail.example,Guide Service,Coastal,Charleston,SC,2024-10-13T00:00:00,Silver
C002270,Avery,Price,avery.price2270@mail.example,School Program,Piedmont,Columbia,SC,2025-02-09T00:00:00,Bronze
C002271,Riley,Bennett,riley.bennett2271@mail.example,Reseller,Appalachian,Roanoke,VA,2024-01-28T00:00:00,Gold
C002272,Parker,Bennett,parker.bennett2272@mail.example,Loyalty,Blue Ridge,Roanoke,VA,2024-02-11T00:00:00,Gold
C002273,Dakota,Bennett,dakota.bennett2273@mail.example,Loyalty,Coastal,Charleston,SC,2025-12-19T00:00:00,Gold
C002274,Jordan,Morgan,jordan.morgan2274@mail.example,Reseller,Appalachian,Johnson City,TN,2024-07-15T00:00:00,Gold
C002275,Taylor,Murphy,taylor.murphy2275@mail.example,Loyalty,Piedmont,Columbia,SC,2025-04-16T00:00:00,Bronze
C002276,Finley,Carter,finley.carter2276@mail.example,Loyalty,Piedmont,Hickory,NC,2024-07-21T00:00:00,Silver
C002277,Jamie,Richardson,jamie.richardson2277@mail.example,Loyalty,Piedmont,Columbia,SC,2024-07-02T00:00:00,Silver
C002278,Sawyer,Sanders,sawyer.sanders2278@mail.example,Loyalty,Piedmont,Columbia,SC,2024-07-05T00:00:00,Silver
C002279,Finley,Turner,finley.turner2279@mail.example,Reseller,Foothills,Greenville,SC,2025-06-05T00:00:00,Platinum
C002280,Sawyer,Carter,sawyer.carter2280@mail.example,Reseller,Piedmont,Columbia,SC,2025-04-28T00:00:00,Silver
C002281,Cameron,Richardson,cameron.richardson2281@mail.example,Loyalty,Smoky Mountains,Knoxville,TN,2025-11-12T00:00:00,Silver
C002282,Dakota,Griffin,dakota.griffin2282@mail.example,Retail,Appalachian,Roanoke,VA,2025-09-29T00:00:00,Gold
C002283,Jamie,Cooper,jamie.cooper2283@mail.example,Retail,Smoky Mountains,Johnson City,TN,2025-04-23T00:00:00,Bronze
C002284,Reese,Brooks,reese.brooks2284@mail.example,Retail,Smoky Mountains,Knoxville,TN,2024-01-01T00:00:00,Silver
C002285,Reese,Price,reese.price2285@mail.example,Corporate,Blue Ridge,Asheville,NC,2025-09-28T00:00:00,Bronze
C002286,Cameron,Morgan,cameron.morgan2286@mail.example,Reseller,Piedmont,Charlotte,NC,2025-08-24T00:00:00,Platinum
C002287,Logan,Bennett,logan.bennett2287@mail.example,Retail,Appalachian,Boone,NC,2024-11-28T00:00:00,Silver
C002288,Skyler,Price,skyler.price2288@mail.example,Reseller,Smoky Mountains,Knoxville,TN,2025-11-11T00:00:00,Gold
C002289,Morgan,Bennett,morgan.bennett2289@mail.example,Corporate,Appalachian,Roanoke,VA,2025-12-26T00:00:00,Bronze
C002290,Skyler,Murphy,skyler.murphy2290@mail.example,Guide Service,Appalachian,Johnson City,TN,2024-03-05T00:00:00,Silver
C002291,Logan,Wood,logan.wood2291@mail.example,Corporate,Foothills,Knoxville,TN,2024-01-18T00:00:00,Platinum
C002292,Rowan,Parker,rowan.parker2292@mail.example,Corporate,Foothills,Greenville,SC,2024-07-22T00:00:00,Gold
C002293,Morgan,Powell,morgan.powell2293@mail.example,Reseller,Appalachian,Johnson City,TN,2025-06-25T00:00:00,Bronze
C002294,Avery,Richardson,avery.richardson2294@mail.example,Corporate,Foothills,Hickory,NC,2024-02-17T00:00:00,Gold
C002295,Parker,Collins,parker.collins2295@mail.example,Reseller,Smoky Mountains,Knoxville,TN,2024-09-16T00:00:00,Silver
C002296,Taylor,Hayes,taylor.hayes2296@mail.example,Guide Service,Coastal,Charleston,SC,2025-05-23T00:00:00,Bronze
C002297,Cameron,Griffin,cameron.griffin2297@mail.example,Loyalty,Blue Ridge,Roanoke,VA,2025-12-28T00:00:00,Gold
C002298,Logan,Hayes,logan.hayes2298@mail.example,Guide Service,Appalachian,Roanoke,VA,2025-02-05T00:00:00,Silver
C002299,Morgan,Wood,morgan.wood2299@mail.example,School Program,Coastal,Charleston,SC,2024-10-28T00:00:00,Bronze
C002300,Morgan,Collins,morgan.collins2300@mail.example,Corporate,Smoky Mountains,Knoxville,TN,2025-09-28T00:00:00,Gold
C002301,Morgan,Griffin,morgan.griffin2301@mail.example,School Program,Foothills,Hickory,NC,2025-05-15T00:00:00,Bronze
C002302,Jamie,Morgan,jamie.morgan2302@mail.example,Reseller,Coastal,Charleston,SC,2024-08-15T00:00:00,Gold
C002303,Cameron,Carter,cameron.carter2303@mail.example,Guide Service,Foothills,Hickory,NC,2024-01-29T00:00:00,B2B Account
C002304,Avery,Price,avery.price2304@mail.example,Retail,Appalachian,Roanoke,VA,2024-07-07T00:00:00,Gold
C002305,Harper,Price,harper.price2305@mail.example,Reseller,Smoky Mountains,Knoxville,TN,2024-09-15T00:00:00,Gold
C002306,Logan,Hayes,logan.hayes2306@mail.example,Guide Service,Foothills,Hickory,NC,2025-10-05T00:00:00,Bronze
C002307,Sawyer,Parker,sawyer.parker2307@mail.example,Retail,Appalachian,Asheville,NC,2025-12-23T00:00:00,Bronze
C002308,Emerson,Bailey,emerson.bailey2308@mail.example,Retail,Coastal,Charleston,SC,2025-12-10T00:00:00,Silver
C002309,Emerson,Powell,emerson.powell2309@mail.example,Guide Service,Coastal,Charleston,SC,2025-10-07T00:00:00,Bronze
C002310,Dakota,Wood,dakota.wood2310@mail.example,Reseller,Blue Ridge,Asheville,NC,2024-03-23T00:00:00,Gold
C002311,Harper,Hayes,harper.hayes2311@mail.example,Reseller,Appalachian,Asheville,NC,2024-08-16T00:00:00,Silver
C002312,Logan,Bell,logan.bell2312@mail.example,Loyalty,Appalachian,Boone,NC,2025-11-13T00:00:00,Gold
C002313,Parker,Bell,parker.bell2313@mail.example,Reseller,Piedmont,Charlotte,NC,2024-12-07T00:00:00,Gold
C002314,Jordan,Parker,jordan.parker2314@mail.example,Loyalty,Appalachian,Johnson City,TN,2024-12-07T00:00:00,Platinum
C002315,Avery,Hayes,avery.hayes2315@mail.example,School Program,Foothills,Greenville,SC,2025-01-12T00:00:00,Bronze
C002316,Cameron,Price,cameron.price2316@mail.example,Retail,Blue Ridge,Boone,NC,2025-10-04T00:00:00,Silver
C002317,Harper,Bell,harper.bell2317@mail.example,Guide Service,Foothills,Greenville,SC,2025-03-13T00:00:00,Silver
C002318,Harper,Foster,harper.foster2318@mail.example,Corporate,Coastal,Charleston,SC,2025-07-22T00:00:00,Platinum
C002319,Riley,Collins,riley.collins2319@mail.example,School Program,Piedmont,Charlotte,NC,2024-12-01T00:00:00,Silver
C002320,Skyler,Price,skyler.price2320@mail.example,Retail,Foothills,Hickory,NC,2025-01-04T00:00:00,Gold
C002321,Avery,Brooks,avery.brooks2321@mail.example,Loyalty,Appalachian,Boone,NC,2024-08-06T00:00:00,Bronze
C002322,Riley,Parker,riley.parker2322@mail.example,School Program,Appalachian,Roanoke,VA,2025-09-04T00:00:00,B2B Account
C002323,Parker,Sanders,parker.sanders2323@mail.example,Loyalty,Foothills,Hickory,NC,2025-11-11T00:00:00,Bronze
C002324,Morgan,Bailey,morgan.bailey2324@mail.example,School Program,Smoky Mountains,Knoxville,TN,2025-03-21T00:00:00,Silver
C002325,Logan,Sanders,logan.sanders2325@mail.example,Reseller,Foothills,Knoxville,TN,2025-06-10T00:00:00,Silver
C002326,Logan,Richardson,logan.richardson2326@mail.example,Loyalty,Coastal,Charleston,SC,2025-04-02T00:00:00,Silver
C002327,Cameron,Foster,cameron.foster2327@mail.example,Reseller,Foothills,Greenville,SC,2024-07-16T00:00:00,Gold
C002328,Cameron,Carter,cameron.carter2328@mail.example,Loyalty,Foothills,Greenville,SC,2024-10-06T00:00:00,Silver
C002329,Logan,Carter,logan.carter2329@mail.example,Loyalty,Appalachian,Asheville,NC,2025-11-14T00:00:00,Gold
C002330,Skyler,Price,skyler.price2330@mail.example,Guide Service,Piedmont,Columbia,SC,2024-05-19T00:00:00,Bronze
C002331,Logan,Richardson,logan.richardson2331@mail.example,Reseller,Smoky Mountains,Knoxville,TN,2025-07-25T00:00:00,Bronze
C002332,Harper,Carter,harper.carter2332@mail.example,Loyalty,Appalachian,Roanoke,VA,2025-11-22T00:00:00,Silver
C002333,Logan,Price,logan.price2333@mail.example,School Program,Piedmont,Columbia,SC,2025-01-30T00:00:00,Silver
C002334,Jamie,Hayes,jamie.hayes2334@mail.example,Loyalty,Appalachian,Johnson City,TN,2024-08-28T00:00:00,Silver
C002335,Riley,Reed,riley.reed2335@mail.example,School Program,Blue Ridge,Asheville,NC,2024-08-26T00:00:00,Silver
C002336,Skyler,Bell,skyler.bell2336@mail.example,Loyalty,Smoky Mountains,Knoxville,TN,2025-07-09T00:00:00,Platinum
C002337,Casey,Wood,casey.wood2337@mail.example,Retail,Coastal,Charleston,SC,2025-11-06T00:00:00,Silver
C002338,Emerson,Wood,emerson.wood2338@mail.example,Retail,Piedmont,Charlotte,NC,2025-08-12T00:00:00,Bronze
C002339,Logan,Morgan,logan.morgan2339@mail.example,Guide Service,Appalachian,Johnson City,TN,2024-02-03T00:00:00,B2B Account
C002340,Morgan,Richardson,morgan.richardson2340@mail.example,Retail,Piedmont,Charlotte,NC,2024-03-11T00:00:00,Bronze
C002341,Taylor,Murphy,taylor.murphy2341@mail.example,Guide Service,Piedmont,Charlotte,NC,2024-11-22T00:00:00,Silver
C002342,Dakota,Bailey,dakota.bailey2342@mail.example,School Program,Appalachian,Johnson City,TN,2024-03-15T00:00:00,Silver
C002343,Sawyer,Murphy,sawyer.murphy2343@mail.example,Reseller,Coastal,Charleston,SC,2025-04-01T00:00:00,Silver
C002344,Jamie,Bailey,jamie.bailey2344@mail.example,School Program,Foothills,Hickory,NC,2025-10-16T00:00:00,Bronze
C002345,Jordan,Reed,jordan.reed2345@mail.example,Loyalty,Appalachian,Roanoke,VA,2025-02-18T00:00:00,Gold
C002346,Drew,Wood,drew.wood2346@mail.example,School Program,Blue Ridge,Boone,NC,2024-10-09T00:00:00,Bronze
C002347,Emerson,Murphy,emerson.murphy2347@mail.example,Loyalty,Appalachian,Johnson City,TN,2025-07-11T00:00:00,Gold
C002348,Emerson,Carter,emerson.carter2348@mail.example,Corporate,Coastal,Charleston,SC,2024-12-04T00:00:00,Gold
C002349,Sawyer,Bennett,sawyer.bennett2349@mail.example,Corporate,Foothills,Greenville,SC,2025-03-13T00:00:00,Gold
C002350,Reese,Griffin,reese.griffin2350@mail.example,Retail,Piedmont,Charlotte,NC,2025-12-21T00:00:00,Gold
C002351,Taylor,Price,taylor.price2351@mail.example,School Program,Piedmont,Charlotte,NC,2025-05-19T00:00:00,Bronze
C002352,Jamie,Powell,jamie.powell2352@mail.example,Corporate,Piedmont,Columbia,SC,2024-11-29T00:00:00,Bronze
C002353,Casey,Wood,casey.wood2353@mail.example,Retail,Piedmont,Columbia,SC,2024-06-03T00:00:00,Gold
C002354,Dakota,Bennett,dakota.bennett2354@mail.example,Reseller,Foothills,Hickory,NC,2024-05-30T00:00:00,Bronze
C002355,Cameron,Hayes,cameron.hayes2355@mail.example,Guide Service,Foothills,Hickory,NC,2025-05-06T00:00:00,B2B Account
C002356,Taylor,Cooper,taylor.cooper2356@mail.example,School Program,Appalachian,Boone,NC,2025-09-06T00:00:00,Silver
C002357,Reese,Bennett,reese.bennett2357@mail.example,Reseller,Piedmont,Charlotte,NC,2024-01-01T00:00:00,Platinum
C002358,Casey,Bell,casey.bell2358@mail.example,Reseller,Appalachian,Boone,NC,2024-12-01T00:00:00,Silver
C002359,Parker,Powell,parker.powell2359@mail.example,Corporate,Blue Ridge,Roanoke,VA,2024-04-17T00:00:00,Platinum
C002360,Casey,Parker,casey.parker2360@mail.example,Retail,Foothills,Hickory,NC,2024-09-26T00:00:00,Bronze
C002361,Cameron,Bell,cameron.bell2361@mail.example,Loyalty,Piedmont,Greenville,SC,2025-08-03T00:00:00,Silver
C002362,Logan,Powell,logan.powell2362@mail.example,Reseller,Piedmont,Columbia,SC,2025-08-11T00:00:00,Bronze
C002363,Casey,Richardson,casey.richardson2363@mail.example,Reseller,Foothills,Hickory,NC,2025-10-18T00:00:00,Gold
C002364,Riley,Parker,riley.parker2364@mail.example,School Program,Piedmont,Columbia,SC,2025-03-10T00:00:00,Silver
C002365,Morgan,Bennett,morgan.bennett2365@mail.example,Loyalty,Piedmont,Charlotte,NC,2025-11-04T00:00:00,Gold
C002366,Riley,Richardson,riley.richardson2366@mail.example,School Program,Appalachian,Johnson City,TN,2025-06-16T00:00:00,Silver
C002367,Cameron,Price,cameron.price2367@mail.example,School Program,Smoky Mountains,Knoxville,TN,2024-12-26T00:00:00,Silver
C002368,Quinn,Powell,quinn.powell2368@mail.example,Loyalty,Coastal,Charleston,SC,2025-04-22T00:00:00,Bronze
C002369,Drew,Hayes,drew.hayes2369@mail.example,Guide Service,Foothills,Greenville,SC,2025-03-14T00:00:00,Silver
C002370,Emerson,Collins,emerson.collins2370@mail.example,Corporate,Blue Ridge,Roanoke,VA,2025-03-28T00:00:00,Gold
C002371,Logan,Turner,logan.turner2371@mail.example,Retail,Appalachian,Roanoke,VA,2025-03-01T00:00:00,Platinum
C002372,Morgan,Hayes,morgan.hayes2372@mail.example,School Program,Piedmont,Charlotte,NC,2025-06-04T00:00:00,Bronze
C002373,Morgan,Morgan,morgan.morgan2373@mail.example,Corporate,Smoky Mountains,Knoxville,TN,2024-06-16T00:00:00,Silver
C002374,Rowan,Richardson,rowan.richardson2374@mail.example,Reseller,Coastal,Charleston,SC,2024-10-07T00:00:00,Silver
C002375,Sawyer,Powell,sawyer.powell2375@mail.example,Retail,Foothills,Greenville,SC,2025-02-18T00:00:00,Silver
C002376,Avery,Morgan,avery.morgan2376@mail.example,Reseller,Foothills,Hickory,NC,2024-01-03T00:00:00,Bronze
C002377,Cameron,Carter,cameron.carter2377@mail.example,Retail,Appalachian,Boone,NC,2024-01-09T00:00:00,Silver
C002378,Cameron,Parker,cameron.parker2378@mail.example,Loyalty,Smoky Mountains,Knoxville,TN,2025-09-10T00:00:00,Gold
C002379,Logan,Foster,logan.foster2379@mail.example,Corporate,Appalachian,Roanoke,VA,2024-06-22T00:00:00,Silver
C002380,Jordan,Bailey,jordan.bailey2380@mail.example,Retail,Appalachian,Boone,NC,2025-11-18T00:00:00,Bronze
C002381,Avery,Turner,avery.turner2381@mail.example,Reseller,Appalachian,Roanoke,VA,2024-09-09T00:00:00,Gold
C002382,Dakota,Carter,dakota.carter2382@mail.example,Guide Service,Coastal,Charleston,SC,2024-11-01T00:00:00,Bronze
C002383,Rowan,Bell,rowan.bell2383@mail.example,Reseller,Appalachian,Roanoke,VA,2024-01-17T00:00:00,Gold
C002384,Logan,Murphy,logan.murphy2384@mail.example,Loyalty,Blue Ridge,Boone,NC,2025-05-22T00:00:00,Gold
C002385,Avery,Griffin,avery.griffin2385@mail.example,Loyalty,Blue Ridge,Asheville,NC,2025-03-19T00:00:00,Gold
C002386,Casey,Turner,casey.turner2386@mail.example,Corporate,Appalachian,Roanoke,VA,2025-06-17T00:00:00,Gold
C002387,Skyler,Murphy,skyler.murphy2387@mail.example,Retail,Appalachian,Asheville,NC,2024-11-28T00:00:00,Bronze
C002388,Taylor,Richardson,taylor.richardson2388@mail.example,Retail,Piedmont,Columbia,SC,2025-09-18T00:00:00,Gold
C002389,Dakota,Murphy,dakota.murphy2389@mail.example,Reseller,Appalachian,Johnson City,TN,2025-06-20T00:00:00,Gold
C002390,Harper,Wood,harper.wood2390@mail.example,Loyalty,Coastal,Charleston,SC,2025-04-23T00:00:00,Platinum
C002391,Finley,Sanders,finley.sanders2391@mail.example,School Program,Blue Ridge,Asheville,NC,2024-05-24T00:00:00,Silver
C002392,Dakota,Powell,dakota.powell2392@mail.example,Guide Service,Smoky Mountains,Johnson City,TN,2024-01-08T00:00:00,Silver
C002393,Finley,Powell,finley.powell2393@mail.example,Retail,Appalachian,Roanoke,VA,2024-03-10T00:00:00,Platinum
C002394,Morgan,Powell,morgan.powell2394@mail.example,Corporate,Foothills,Hickory,NC,2025-04-05T00:00:00,Platinum
C002395,Finley,Turner,finley.turner2395@mail.example,Guide Service,Foothills,Greenville,SC,2025-04-19T00:00:00,Bronze
C002396,Harper,Powell,harper.powell2396@mail.example,Reseller,Appalachian,Boone,NC,2024-05-03T00:00:00,Gold
C002397,Reese,Murphy,reese.murphy2397@mail.example,School Program,Appalachian,Johnson City,TN,2024-05-10T00:00:00,Bronze
C002398,Jordan,Sanders,jordan.sanders2398@mail.example,Guide Service,Blue Ridge,Asheville,NC,2024-03-24T00:00:00,Silver
C002399,Sawyer,Price,sawyer.price2399@mail.example,Corporate,Piedmont,Columbia,SC,2025-02-18T00:00:00,Platinum
C002400,Emerson,Parker,emerson.parker2400@mail.example,Retail,Appalachian,Boone,NC,2024-07-21T00:00:00,Silver
C002401,Finley,Powell,finley.powell2401@mail.example,School Program,Piedmont,Charlotte,NC,2025-08-25T00:00:00,Bronze
C002402,Skyler,Hayes,skyler.hayes2402@mail.example,Guide Service,Appalachian,Johnson City,TN,2025-07-15T00:00:00,Silver
C002403,Jordan,Reed,jordan.reed2403@mail.example,Corporate,Piedmont,Charlotte,NC,2025-05-28T00:00:00,Gold
C002404,Morgan,Bailey,morgan.bailey2404@mail.example,Retail,Smoky Mountains,Knoxville,TN,2024-05-22T00:00:00,Gold
C002405,Reese,Reed,reese.reed2405@mail.example,Guide Service,Foothills,Hickory,NC,2024-12-05T00:00:00,Silver
C002406,Emerson,Murphy,emerson.murphy2406@mail.example,Guide Service,Appalachian,Boone,NC,2025-02-21T00:00:00,Bronze
C002407,Reese,Hayes,reese.hayes2407@mail.example,Corporate,Smoky Mountains,Knoxville,TN,2025-11-23T00:00:00,Gold
C002408,Reese,Bennett,reese.bennett2408@mail.example,Retail,Foothills,Greenville,SC,2025-12-12T00:00:00,Gold
C002409,Skyler,Morgan,skyler.morgan2409@mail.example,Retail,Appalachian,Johnson City,TN,2025-11-27T00:00:00,Platinum
C002410,Cameron,Richardson,cameron.richardson2410@mail.example,Corporate,Coastal,Charleston,SC,2025-04-22T00:00:00,Bronze
C002411,Morgan,Carter,morgan.carter2411@mail.example,Corporate,Appalachian,Roanoke,VA,2025-03-14T00:00:00,Bronze
C002412,Rowan,Richardson,rowan.richardson2412@mail.example,School Program,Foothills,Greenville,SC,2025-06-26T00:00:00,Silver
C002413,Sawyer,Bell,sawyer.bell2413@mail.example,Corporate,Appalachian,Johnson City,TN,2024-06-16T00:00:00,Bronze
C002414,Parker,Hayes,parker.hayes2414@mail.example,Reseller,Foothills,Hickory,NC,2024-01-20T00:00:00,Platinum
C002415,Morgan,Brooks,morgan.brooks2415@mail.example,School Program,Blue Ridge,Asheville,NC,2024-05-04T00:00:00,Silver
C002416,Skyler,Powell,skyler.powell2416@mail.example,Corporate,Piedmont,Columbia,SC,2025-11-25T00:00:00,Platinum
C002417,Riley,Turner,riley.turner2417@mail.example,Guide Service,Smoky Mountains,Knoxville,TN,2025-11-18T00:00:00,Silver
C002418,Rowan,Foster,rowan.foster2418@mail.example,School Program,Blue Ridge,Asheville,NC,2024-06-21T00:00:00,Bronze
C002419,Dakota,Collins,dakota.collins2419@mail.example,Corporate,Piedmont,Hickory,NC,2024-06-25T00:00:00,Gold
C002420,Reese,Cooper,reese.cooper2420@mail.example,School Program,Appalachian,Boone,NC,2025-08-30T00:00:00,Silver
C002421,Riley,Parker,riley.parker2421@mail.example,Loyalty,Appalachian,Boone,NC,2024-04-09T00:00:00,Bronze
C002422,Finley,Cooper,finley.cooper2422@mail.example,Reseller,Coastal,Charleston,SC,2024-07-08T00:00:00,Silver
C002423,Riley,Brooks,riley.brooks2423@mail.example,Retail,Foothills,Hickory,NC,2024-02-26T00:00:00,Silver
C002424,Cameron,Price,cameron.price2424@mail.example,Corporate,Foothills,Greenville,SC,2024-11-06T00:00:00,Platinum
C002425,Drew,Sanders,drew.sanders2425@mail.example,Loyalty,Appalachian,Roanoke,VA,2025-03-17T00:00:00,Silver
C002426,Parker,Griffin,parker.griffin2426@mail.example,Guide Service,Foothills,Hickory,NC,2025-09-14T00:00:00,Silver
C002427,Finley,Griffin,finley.griffin2427@mail.example,Retail,Appalachian,Boone,NC,2024-04-16T00:00:00,Silver
C002428,Taylor,Reed,taylor.reed2428@mail.example,Loyalty,Foothills,Greenville,SC,2024-04-11T00:00:00,Bronze
C002429,Emerson,Bailey,emerson.bailey2429@mail.example,Guide Service,Blue Ridge,Roanoke,VA,2025-05-19T00:00:00,Silver
C002430,Jordan,Hayes,jordan.hayes2430@mail.example,Guide Service,Blue Ridge,Boone,NC,2024-07-12T00:00:00,Bronze
C002431,Sawyer,Bailey,sawyer.bailey2431@mail.example,School Program,Coastal,Charleston,SC,2024-10-28T00:00:00,Silver
C002432,Logan,Bennett,logan.bennett2432@mail.example,Retail,Foothills,Hickory,NC,2024-02-19T00:00:00,Gold
C002433,Dakota,Bennett,dakota.bennett2433@mail.example,School Program,Appalachian,Boone,NC,2025-08-04T00:00:00,Bronze
C002434,Taylor,Turner,taylor.turner2434@mail.example,School Program,Coastal,Charleston,SC,2025-09-25T00:00:00,Bronze
C002435,Dakota,Turner,dakota.turner2435@mail.example,Guide Service,Blue Ridge,Roanoke,VA,2025-12-19T00:00:00,Bronze
C002436,Morgan,Foster,morgan.foster2436@mail.example,School Program,Blue Ridge,Asheville,NC,2024-09-12T00:00:00,Bronze
C002437,Morgan,Bell,morgan.bell2437@mail.example,School Program,Piedmont,Columbia,SC,2025-09-09T00:00:00,Silver
C002438,Logan,Bell,logan.bell2438@mail.example,Corporate,Piedmont,Charlotte,NC,2025-03-14T00:00:00,Platinum
C002439,Jamie,Griffin,jamie.griffin2439@mail.example,Retail,Foothills,Hickory,NC,2025-01-06T00:00:00,Gold
C002440,Jordan,Brooks,jordan.brooks2440@mail.example,Loyalty,Appalachian,Roanoke,VA,2024-07-06T00:00:00,Gold
C002441,Sawyer,Griffin,sawyer.griffin2441@mail.example,Corporate,Blue Ridge,Asheville,NC,2024-12-22T00:00:00,Gold
C002442,Sawyer,Turner,sawyer.turner2442@mail.example,School Program,Blue Ridge,Asheville,NC,2024-09-01T00:00:00,Silver
C002443,Morgan,Cooper,morgan.cooper2443@mail.example,Loyalty,Appalachian,Boone,NC,2025-09-18T00:00:00,Platinum
C002444,Parker,Reed,parker.reed2444@mail.example,Retail,Appalachian,Boone,NC,2025-07-16T00:00:00,Silver
C002445,Reese,Wood,reese.wood2445@mail.example,Reseller,Piedmont,Columbia,SC,2024-12-25T00:00:00,Silver
C002446,Reese,Turner,reese.turner2446@mail.example,Corporate,Coastal,Charleston,SC,2025-05-01T00:00:00,Platinum
C002447,Taylor,Turner,taylor.turner2447@mail.example,Guide Service,Appalachian,Boone,NC,2025-12-05T00:00:00,Silver
C002448,Dakota,Price,dakota.price2448@mail.example,School Program,Piedmont,Charlotte,NC,2025-03-13T00:00:00,Silver
C002449,Cameron,Foster,cameron.foster2449@mail.example,Corporate,Smoky Mountains,Knoxville,TN,2025-05-02T00:00:00,Platinum
C002450,Finley,Cooper,finley.cooper2450@mail.example,Guide Service,Coastal,Charleston,SC,2025-11-12T00:00:00,Bronze
C002451,Jordan,Morgan,jordan.morgan2451@mail.example,Reseller,Piedmont,Greenville,SC,2025-07-17T00:00:00,Gold
C002452,Emerson,Sanders,emerson.sanders2452@mail.example,School Program,Appalachian,Roanoke,VA,2025-10-22T00:00:00,Bronze
C002453,Avery,Griffin,avery.griffin2453@mail.example,Reseller,Piedmont,Greenville,SC,2025-07-27T00:00:00,Gold
C002454,Emerson,Hayes,emerson.hayes2454@mail.example,Guide Service,Coastal,Charleston,SC,2024-07-31T00:00:00,Bronze
C002455,Logan,Morgan,logan.morgan2455@mail.example,School Program,Foothills,Hickory,NC,2024-03-15T00:00:00,Silver
C002456,Cameron,Cooper,cameron.cooper2456@mail.example,Loyalty,Piedmont,Charlotte,NC,2025-12-15T00:00:00,Gold
C002457,Riley,Morgan,riley.morgan2457@mail.example,Retail,Coastal,Charleston,SC,2025-01-03T00:00:00,Platinum
C002458,Reese,Collins,reese.collins2458@mail.example,Guide Service,Piedmont,Charlotte,NC,2024-06-03T00:00:00,Bronze
C002459,Drew,Powell,drew.powell2459@mail.example,Reseller,Blue Ridge,Roanoke,VA,2025-10-05T00:00:00,Platinum
C002460,Emerson,Bailey,emerson.bailey2460@mail.example,School Program,Piedmont,Columbia,SC,2024-08-09T00:00:00,Bronze
C002461,Reese,Murphy,reese.murphy2461@mail.example,Retail,Piedmont,Columbia,SC,2024-06-26T00:00:00,Bronze
C002462,Riley,Morgan,riley.morgan2462@mail.example,Guide Service,Piedmont,Hickory,NC,2025-12-17T00:00:00,B2B Account
C002463,Parker,Reed,parker.reed2463@mail.example,Reseller,Appalachian,Johnson City,TN,2025-04-02T00:00:00,Gold
C002464,Morgan,Turner,morgan.turner2464@mail.example,Guide Service,Appalachian,Boone,NC,2025-10-03T00:00:00,B2B Account
C002465,Avery,Hayes,avery.hayes2465@mail.example,Guide Service,Smoky Mountains,Johnson City,TN,2025-05-09T00:00:00,Silver
C002466,Harper,Cooper,harper.cooper2466@mail.example,Retail,Coastal,Charleston,SC,2025-10-26T00:00:00,Silver
C002467,Harper,Turner,harper.turner2467@mail.example,Loyalty,Appalachian,Asheville,NC,2025-09-23T00:00:00,Gold
C002468,Parker,Collins,parker.collins2468@mail.example,Loyalty,Appalachian,Boone,NC,2025-04-10T00:00:00,Platinum
C002469,Avery,Bennett,avery.bennett2469@mail.example,Corporate,Coastal,Charleston,SC,2025-02-10T00:00:00,Platinum
C002470,Quinn,Bailey,quinn.bailey2470@mail.example,Loyalty,Foothills,Knoxville,TN,2024-11-07T00:00:00,Gold
C002471,Casey,Bell,casey.bell2471@mail.example,Guide Service,Appalachian,Roanoke,VA,2025-12-06T00:00:00,Bronze
C002472,Casey,Bell,casey.bell2472@mail.example,Retail,Smoky Mountains,Knoxville,TN,2024-05-11T00:00:00,Bronze
C002473,Skyler,Wood,skyler.wood2473@mail.example,Reseller,Foothills,Hickory,NC,2025-07-06T00:00:00,Silver
C002474,Taylor,Powell,taylor.powell2474@mail.example,Reseller,Piedmont,Columbia,SC,2024-06-28T00:00:00,Silver
C002475,Morgan,Bailey,morgan.bailey2475@mail.example,Guide Service,Foothills,Hickory,NC,2024-02-03T00:00:00,Bronze
C002476,Logan,Richardson,logan.richardson2476@mail.example,Retail,Appalachian,Roanoke,VA,2025-10-03T00:00:00,Silver
C002477,Emerson,Powell,emerson.powell2477@mail.example,Loyalty,Appalachian,Johnson City,TN,2024-01-03T00:00:00,Platinum
C002478,Finley,Brooks,finley.brooks2478@mail.example,Corporate,Piedmont,Charlotte,NC,2025-06-14T00:00:00,Silver
C002479,Reese,Powell,reese.powell2479@mail.example,Reseller,Appalachian,Johnson City,TN,2025-09-16T00:00:00,Silver
C002480,Casey,Griffin,casey.griffin2480@mail.example,Loyalty,Appalachian,Roanoke,VA,2025-12-10T00:00:00,Bronze
C002481,Logan,Parker,logan.parker2481@mail.example,Corporate,Foothills,Greenville,SC,2025-07-18T00:00:00,Platinum
C002482,Sawyer,Collins,sawyer.collins2482@mail.example,Loyalty,Appalachian,Johnson City,TN,2025-01-14T00:00:00,Gold
C002483,Rowan,Parker,rowan.parker2483@mail.example,Corporate,Foothills,Greenville,SC,2024-01-17T00:00:00,Platinum
C002484,Morgan,Cooper,morgan.cooper2484@mail.example,Reseller,Coastal,Charleston,SC,2024-06-20T00:00:00,Silver
C002485,Sawyer,Griffin,sawyer.griffin2485@mail.example,Reseller,Foothills,Greenville,SC,2025-12-05T00:00:00,Bronze
C002486,Finley,Sanders,finley.sanders2486@mail.example,Guide Service,Foothills,Greenville,SC,2025-09-22T00:00:00,Silver
C002487,Sawyer,Collins,sawyer.collins2487@mail.example,Retail,Blue Ridge,Roanoke,VA,2025-09-23T00:00:00,Silver
C002488,Riley,Wood,riley.wood2488@mail.example,Retail,Piedmont,Hickory,NC,2025-08-16T00:00:00,Bronze
C002489,Riley,Bell,riley.bell2489@mail.example,Guide Service,Piedmont,Charlotte,NC,2024-09-09T00:00:00,B2B Account
C002490,Jordan,Morgan,jordan.morgan2490@mail.example,Guide Service,Appalachian,Roanoke,VA,2024-01-20T00:00:00,Silver
C002491,Finley,Bell,finley.bell2491@mail.example,Loyalty,Piedmont,Charlotte,NC,2025-06-12T00:00:00,Gold
C002492,Avery,Parker,avery.parker2492@mail.example,Reseller,Foothills,Hickory,NC,2025-04-13T00:00:00,Gold
C002493,Parker,Parker,parker.parker2493@mail.example,Retail,Piedmont,Charlotte,NC,2024-12-01T00:00:00,Bronze
C002494,Rowan,Turner,rowan.turner2494@mail.example,School Program,Piedmont,Columbia,SC,2025-12-18T00:00:00,B2B Account
C002495,Avery,Morgan,avery.morgan2495@mail.example,Retail,Piedmont,Hickory,NC,2025-04-07T00:00:00,Gold
C002496,Casey,Bennett,casey.bennett2496@mail.example,Guide Service,Piedmont,Charlotte,NC,2025-04-24T00:00:00,B2B Account
C002497,Avery,Price,avery.price2497@mail.example,Reseller,Blue Ridge,Roanoke,VA,2025-05-22T00:00:00,Gold
C002498,Reese,Sanders,reese.sanders2498@mail.example,Corporate,Piedmont,Charlotte,NC,2025-09-22T00:00:00,Bronze
C002499,Jordan,Bell,jordan.bell2499@mail.example,Guide Service,Appalachian,Johnson City,TN,2025-10-15T00:00:00,Silver
C002500,Emerson,Bailey,emerson.bailey2500@mail.example,Reseller,Piedmont,Greenville,SC,2025-11-25T00:00:00,Silver
C002501,Finley,Wood,finley.wood2501@mail.example,Reseller,Blue Ridge,Asheville,NC,2025-04-06T00:00:00,Gold
C002502,Reese,Bennett,reese.bennett2502@mail.example,Loyalty,Foothills,Hickory,NC,2025-04-04T00:00:00,Gold
C002503,Rowan,Griffin,rowan.griffin2503@mail.example,School Program,Appalachian,Boone,NC,2024-03-17T00:00:00,Bronze
C002504,Rowan,Griffin,rowan.griffin2504@mail.example,Reseller,Foothills,Greenville,SC,2024-01-14T00:00:00,Platinum
C002505,Cameron,Carter,cameron.carter2505@mail.example,Loyalty,Smoky Mountains,Knoxville,TN,2024-07-15T00:00:00,Gold
C002506,Harper,Parker,harper.parker2506@mail.example,School Program,Piedmont,Columbia,SC,2025-03-12T00:00:00,Silver
C002507,Cameron,Cooper,cameron.cooper2507@mail.example,Guide Service,Piedmont,Columbia,SC,2025-06-22T00:00:00,Bronze
C002508,Taylor,Parker,taylor.parker2508@mail.example,Corporate,Foothills,Hickory,NC,2024-09-28T00:00:00,Gold
C002509,Reese,Cooper,reese.cooper2509@mail.example,Corporate,Foothills,Knoxville,TN,2025-05-29T00:00:00,Bronze
C002510,Skyler,Powell,skyler.powell2510@mail.example,Loyalty,Appalachian,Roanoke,VA,2025-02-10T00:00:00,Gold
C002511,Jordan,Brooks,jordan.brooks2511@mail.example,Loyalty,Piedmont,Charlotte,NC,2024-05-09T00:00:00,Gold
C002512,Avery,Wood,avery.wood2512@mail.example,Corporate,Coastal,Charleston,SC,2024-12-21T00:00:00,Silver
C002513,Morgan,Richardson,morgan.richardson2513@mail.example,Retail,Blue Ridge,Roanoke,VA,2025-04-10T00:00:00,Gold
C002514,Finley,Turner,finley.turner2514@mail.example,School Program,Coastal,Charleston,SC,2025-04-17T00:00:00,Bronze
C002515,Avery,Brooks,avery.brooks2515@mail.example,Corporate,Appalachian,Asheville,NC,2025-08-25T00:00:00,Platinum
C002516,Rowan,Bell,rowan.bell2516@mail.example,Guide Service,Piedmont,Charlotte,NC,2024-04-29T00:00:00,Bronze
C002517,Casey,Morgan,casey.morgan2517@mail.example,Loyalty,Piedmont,Charlotte,NC,2025-11-17T00:00:00,Bronze
C002518,Logan,Wood,logan.wood2518@mail.example,Reseller,Piedmont,Columbia,SC,2025-01-15T00:00:00,Silver
C002519,Skyler,Wood,skyler.wood2519@mail.example,Guide Service,Foothills,Greenville,SC,2024-02-13T00:00:00,Bronze
C002520,Emerson,Richardson,emerson.richardson2520@mail.example,Reseller,Piedmont,Charlotte,NC,2025-08-02T00:00:00,Silver
C002521,Quinn,Bailey,quinn.bailey2521@mail.example,Corporate,Piedmont,Charlotte,NC,2024-10-15T00:00:00,Bronze
C002522,Logan,Murphy,logan.murphy2522@mail.example,Guide Service,Appalachian,Johnson City,TN,2024-06-04T00:00:00,Bronze
C002523,Drew,Reed,drew.reed2523@mail.example,School Program,Foothills,Hickory,NC,2024-04-28T00:00:00,Bronze
C002524,Drew,Morgan,drew.morgan2524@mail.example,Reseller,Appalachian,Roanoke,VA,2024-12-06T00:00:00,Bronze
C002525,Casey,Carter,casey.carter2525@mail.example,Reseller,Piedmont,Columbia,SC,2024-09-14T00:00:00,Gold
C002526,Morgan,Griffin,morgan.griffin2526@mail.example,Reseller,Foothills,Hickory,NC,2024-08-20T00:00:00,Gold
C002527,Sawyer,Bell,sawyer.bell2527@mail.example,Retail,Appalachian,Boone,NC,2024-04-13T00:00:00,Bronze
C002528,Logan,Price,logan.price2528@mail.example,Guide Service,Foothills,Hickory,NC,2024-01-29T00:00:00,Bronze
C002529,Dakota,Griffin,dakota.griffin2529@mail.example,School Program,Appalachian,Boone,NC,2025-06-12T00:00:00,Bronze
C002530,Reese,Wood,reese.wood2530@mail.example,Corporate,Piedmont,Hickory,NC,2024-01-04T00:00:00,Bronze
C002531,Harper,Richardson,harper.richardson2531@mail.example,Corporate,Appalachian,Johnson City,TN,2024-04-03T00:00:00,Gold
C002532,Jamie,Parker,jamie.parker2532@mail.example,Guide Service,Smoky Mountains,Knoxville,TN,2025-03-14T00:00:00,Bronze
C002533,Drew,Price,drew.price2533@mail.example,Retail,Piedmont,Columbia,SC,2024-08-01T00:00:00,Bronze
C002534,Dakota,Brooks,dakota.brooks2534@mail.example,Reseller,Piedmont,Columbia,SC,2024-11-09T00:00:00,Bronze
C002535,Rowan,Turner,rowan.turner2535@mail.example,Retail,Piedmont,Charlotte,NC,2024-07-12T00:00:00,Gold
C002536,Avery,Price,avery.price2536@mail.example,Corporate,Piedmont,Charlotte,NC,2024-07-06T00:00:00,Silver
C002537,Sawyer,Carter,sawyer.carter2537@mail.example,School Program,Appalachian,Boone,NC,2025-05-04T00:00:00,Silver
C002538,Emerson,Bennett,emerson.bennett2538@mail.example,Loyalty,Appalachian,Boone,NC,2025-11-27T00:00:00,Bronze
C002539,Taylor,Wood,taylor.wood2539@mail.example,School Program,Coastal,Charleston,SC,2024-10-28T00:00:00,Silver
C002540,Jamie,Bailey,jamie.bailey2540@mail.example,Guide Service,Foothills,Hickory,NC,2024-03-12T00:00:00,Silver
C002541,Skyler,Price,skyler.price2541@mail.example,Reseller,Coastal,Charleston,SC,2025-06-04T00:00:00,Bronze
C002542,Morgan,Brooks,morgan.brooks2542@mail.example,Guide Service,Appalachian,Asheville,NC,2025-01-12T00:00:00,Bronze
C002543,Avery,Morgan,avery.morgan2543@mail.example,Guide Service,Piedmont,Charlotte,NC,2025-12-03T00:00:00,Silver
C002544,Taylor,Morgan,taylor.morgan2544@mail.example,Corporate,Appalachian,Roanoke,VA,2025-10-04T00:00:00,Silver
C002545,Drew,Morgan,drew.morgan2545@mail.example,Guide Service,Blue Ridge,Roanoke,VA,2024-01-05T00:00:00,Silver
C002546,Harper,Wood,harper.wood2546@mail.example,Reseller,Foothills,Greenville,SC,2025-12-14T00:00:00,Gold
C002547,Cameron,Collins,cameron.collins2547@mail.example,School Program,Foothills,Hickory,NC,2025-01-06T00:00:00,B2B Account
C002548,Parker,Brooks,parker.brooks2548@mail.example,School Program,Smoky Mountains,Knoxville,TN,2025-05-22T00:00:00,Silver
C002549,Quinn,Wood,quinn.wood2549@mail.example,Corporate,Piedmont,Charlotte,NC,2024-01-12T00:00:00,Gold
C002550,Casey,Wood,casey.wood2550@mail.example,Corporate,Piedmont,Charlotte,NC,2025-09-18T00:00:00,Silver
C002551,Skyler,Powell,skyler.powell2551@mail.example,Corporate,Coastal,Charleston,SC,2025-08-22T00:00:00,Platinum
C002552,Sawyer,Griffin,sawyer.griffin2552@mail.example,Reseller,Piedmont,Charlotte,NC,2025-02-14T00:00:00,Gold
C002553,Avery,Carter,avery.carter2553@mail.example,Reseller,Foothills,Greenville,SC,2025-11-30T00:00:00,Gold
C002554,Cameron,Morgan,cameron.morgan2554@mail.example,Corporate,Appalachian,Boone,NC,2025-08-26T00:00:00,Gold
C002555,Riley,Hayes,riley.hayes2555@mail.example,Reseller,Piedmont,Charlotte,NC,2025-04-02T00:00:00,Platinum
C002556,Avery,Morgan,avery.morgan2556@mail.example,Loyalty,Coastal,Charleston,SC,2025-03-11T00:00:00,Gold
C002557,Cameron,Cooper,cameron.cooper2557@mail.example,Loyalty,Appalachian,Johnson City,TN,2025-07-17T00:00:00,Silver
C002558,Sawyer,Foster,sawyer.foster2558@mail.example,School Program,Smoky Mountains,Knoxville,TN,2025-12-27T00:00:00,Bronze
C002559,Logan,Price,logan.price2559@mail.example,Guide Service,Piedmont,Charlotte,NC,2025-03-04T00:00:00,B2B Account
C002560,Sawyer,Powell,sawyer.powell2560@mail.example,Retail,Coastal,Charleston,SC,2025-05-18T00:00:00,Platinum
C002561,Parker,Bennett,parker.bennett2561@mail.example,Loyalty,Smoky Mountains,Knoxville,TN,2025-02-05T00:00:00,Silver
C002562,Quinn,Sanders,quinn.sanders2562@mail.example,Loyalty,Piedmont,Charlotte,NC,2024-08-30T00:00:00,Silver
C002563,Quinn,Parker,quinn.parker2563@mail.example,Loyalty,Appalachian,Boone,NC,2024-06-03T00:00:00,Gold
C002564,Finley,Reed,finley.reed2564@mail.example,Loyalty,Foothills,Hickory,NC,2025-01-05T00:00:00,Gold
C002565,Parker,Bailey,parker.bailey2565@mail.example,Retail,Appalachian,Boone,NC,2025-09-02T00:00:00,Silver
C002566,Dakota,Price,dakota.price2566@mail.example,Loyalty,Foothills,Greenville,SC,2024-09-01T00:00:00,Silver
C002567,Parker,Carter,parker.carter2567@mail.example,Reseller,Appalachian,Boone,NC,2025-10-08T00:00:00,Silver
C002568,Harper,Foster,harper.foster2568@mail.example,Corporate,Foothills,Hickory,NC,2025-07-12T00:00:00,Platinum
C002569,Morgan,Sanders,morgan.sanders2569@mail.example,Reseller,Appalachian,Johnson City,TN,2025-04-02T00:00:00,Gold
C002570,Jordan,Carter,jordan.carter2570@mail.example,Loyalty,Foothills,Hickory,NC,2025-06-14T00:00:00,Platinum
C002571,Dakota,Bennett,dakota.bennett2571@mail.example,Guide Service,Appalachian,Asheville,NC,2025-08-19T00:00:00,Bronze
C002572,Emerson,Bennett,emerson.bennett2572@mail.example,School Program,Blue Ridge,Roanoke,VA,2025-08-17T00:00:00,Silver
C002573,Taylor,Turner,taylor.turner2573@mail.example,Corporate,Piedmont,Columbia,SC,2025-12-01T00:00:00,Gold
C002574,Jamie,Griffin,jamie.griffin2574@mail.example,Reseller,Piedmont,Charlotte,NC,2024-05-10T00:00:00,Gold
C002575,Emerson,Sanders,emerson.sanders2575@mail.example,Corporate,Appalachian,Roanoke,VA,2025-07-08T00:00:00,Platinum
C002576,Cameron,Bell,cameron.bell2576@mail.example,Guide Service,Piedmont,Columbia,SC,2025-04-24T00:00:00,Silver
C002577,Rowan,Parker,rowan.parker2577@mail.example,Retail,Smoky Mountains,Knoxville,TN,2025-12-17T00:00:00,Bronze
C002578,Drew,Sanders,drew.sanders2578@mail.example,Guide Service,Appalachian,Johnson City,TN,2024-05-25T00:00:00,Silver
C002579,Jordan,Sanders,jordan.sanders2579@mail.example,Corporate,Smoky Mountains,Knoxville,TN,2024-05-23T00:00:00,Silver
C002580,Cameron,Wood,cameron.wood2580@mail.example,Guide Service,Appalachian,Asheville,NC,2024-07-07T00:00:00,Silver
C002581,Rowan,Brooks,rowan.brooks2581@mail.example,Retail,Foothills,Greenville,SC,2025-02-23T00:00:00,Bronze
C002582,Rowan,Collins,rowan.collins2582@mail.example,School Program,Foothills,Greenville,SC,2025-01-18T00:00:00,Silver
C002583,Casey,Cooper,casey.cooper2583@mail.example,Reseller,Foothills,Hickory,NC,2025-09-12T00:00:00,Gold
C002584,Jamie,Carter,jamie.carter2584@mail.example,Retail,Smoky Mountains,Knoxville,TN,2025-10-06T00:00:00,Bronze
C002585,Dakota,Hayes,dakota.hayes2585@mail.example,Guide Service,Blue Ridge,Boone,NC,2024-06-07T00:00:00,Bronze
C002586,Jamie,Carter,jamie.carter2586@mail.example,Retail,Coastal,Charleston,SC,2024-10-21T00:00:00,Gold
C002587,Jamie,Murphy,jamie.murphy2587@mail.example,Corporate,Appalachian,Johnson City,TN,2025-04-04T00:00:00,Platinum
C002588,Finley,Bennett,finley.bennett2588@mail.example,Retail,Foothills,Greenville,SC,2024-01-09T00:00:00,Silver
C002589,Casey,Foster,casey.foster2589@mail.example,Corporate,Appalachian,Roanoke,VA,2024-11-22T00:00:00,Gold
C002590,Riley,Foster,riley.foster2590@mail.example,Loyalty,Smoky Mountains,Knoxville,TN,2024-05-26T00:00:00,Gold
C002591,Harper,Wood,harper.wood2591@mail.example,Corporate,Piedmont,Columbia,SC,2024-01-01T00:00:00,Gold
C002592,Skyler,Brooks,skyler.brooks2592@mail.example,Reseller,Appalachian,Roanoke,VA,2025-07-23T00:00:00,Silver
C002593,Skyler,Wood,skyler.wood2593@mail.example,Retail,Foothills,Greenville,SC,2024-06-27T00:00:00,Silver
C002594,Jordan,Cooper,jordan.cooper2594@mail.example,Reseller,Foothills,Greenville,SC,2025-03-14T00:00:00,Gold
C002595,Reese,Collins,reese.collins2595@mail.example,Corporate,Piedmont,Charlotte,NC,2024-04-03T00:00:00,Gold
C002596,Quinn,Collins,quinn.collins2596@mail.example,Retail,Smoky Mountains,Johnson City,TN,2025-07-14T00:00:00,Platinum
C002597,Drew,Brooks,drew.brooks2597@mail.example,Reseller,Piedmont,Columbia,SC,2025-02-11T00:00:00,Silver
C002598,Taylor,Bailey,taylor.bailey2598@mail.example,Loyalty,Coastal,Charleston,SC,2025-06-18T00:00:00,Silver
C002599,Taylor,Cooper,taylor.cooper2599@mail.example,Guide Service,Blue Ridge,Asheville,NC,2025-02-16T00:00:00,B2B Account
C002600,Jordan,Foster,jordan.foster2600@mail.example,Reseller,Foothills,Hickory,NC,2025-06-14T00:00:00,Gold
