ticket_id,customer_id,order_id,assigned_employee_id,opened_at,category,priority,status,resolution_hours,resolved_at,assigned_at
T000001,C001870,O0011569,E0007,2025-03-10 11:51:00,Product Sizing,High,Pending Customer,11.36,2025-03-10T23:12:36,2025-03-10T13:22:17
T000002,C001090,O0002132,E0060,2025-09-21 11:04:00,Shipping Delay,Medium,Resolved,50.24,2025-09-23T13:18:24,2025-09-21T13:47:34
T000003,C002448,O0001344,E0043,2025-10-19 21:51:00,Warranty Claim,Low,Pending Customer,157.2,2025-10-26T11:03:00,2025-10-19T23:02:14
T000004,C001187,O0006878,E0034,2025-11-09 22:46:00,Warranty Claim,Low,Resolved,59.43,2025-11-12T10:11:48,2025-11-10T02:02:37
T000005,C002308,O0005111,E0004,2025-12-22 05:48:00,Product Sizing,High,Resolved,10.24,2025-12-22T16:02:24,2025-12-22T07:41:14
T000006,C001791,O0013711,E0051,2025-11-28 08:32:00,Damaged Item,Low,Resolved,43.19,2025-11-30T03:43:24,2025-11-28T11:32:47
T000007,C001119,O0002256,E0024,2025-03-27 06:18:00,Damaged Item,Low,Pending Customer,45.94,2025-03-29T04:14:24,2025-03-27T08:33:20
T000008,C001608,O0004200,E0036,2025-10-12 15:49:00,Product Sizing,Low,Pending Customer,5.7,2025-10-12T21:31:00,2025-10-12T19:12:04
T000009,C001399,O0012455,E0026,2025-04-20 20:28:00,Account Question,Medium,Resolved,5.67,2025-04-21T02:08:12,2025-04-20T23:26:07
T000010,C000534,O0007100,E0057,2025-07-23 00:53:00,Order Cancellation,Medium,Escalated,6.69,2025-07-23T07:34:24,2025-07-23T01:53:43
T000011,C000780,O0001853,E0026,2025-06-18 23:44:00,Product Sizing,High,Pending Customer,4.77,2025-06-19T04:30:12,2025-06-19T01:46:26
T000012,C000076,O0004911,E0018,2025-11-25 13:21:00,Bulk Order Quote,Low,Pending Customer,72.72,2025-11-28T14:04:12,2025-11-25T13:57:06
T000013,C000573,O0003922,E0034,2025-03-14 00:02:00,Bulk Order Quote,Low,Resolved,184.15,2025-03-21T16:11:00,2025-03-14T01:39:21
T000014,C001925,O0014478,E0036,2025-06-10 16:59:00,Shipping Delay,Low,Resolved,18.11,2025-06-11T11:05:36,2025-06-10T19:19:34
T000015,C000563,O0012579,E0046,2025-10-14 05:10:00,Shipping Delay,Low,Resolved,18.97,2025-10-15T00:08:12,2025-10-14T06:42:25
T000016,C002118,O0004621,E0051,2025-04-17 20:21:00,Return Request,Medium,Resolved,58.76,2025-04-20T07:06:36,2025-04-17T23:39:17
T000017,C001028,O0013081,E0036,2025-11-13 10:52:00,Return Request,High,Resolved,37.69,2025-11-15T00:33:24,2025-11-13T13:48:29
T000018,C001522,O0012584,E0051,2025-02-14 17:53:00,Shipping Delay,High,Resolved,22.6,2025-02-15T16:29:00,2025-02-14T21:23:23
T000019,C000118,O0009035,E0060,2025-11-18 15:28:00,Damaged Item,Medium,Open,,,2025-11-18T18:40:58
T000020,C000921,O0001059,E0051,2025-03-12 16:03:00,Warranty Claim,Low,Resolved,254.32,2025-03-23T06:22:12,2025-03-12T17:53:47
T000021,C000784,O0003057,E0003,2025-06-30 12:01:00,Return Request,Low,Resolved,16.14,2025-07-01T04:09:24,2025-06-30T15:40:56
T000022,C002352,O0002980,E0014,2025-11-02 22:11:00,Return Request,Medium,Resolved,33.2,2025-11-04T07:23:00,2025-11-03T00:24:46
T000023,C000800,O0004263,E0058,2025-08-06 14:53:00,Account Question,Medium,Pending Customer,4.5,2025-08-06T19:23:00,2025-08-06T16:16:46
T000024,C000744,O0014363,E0024,2025-04-27 11:52:00,Return Request,Low,Escalated,13.83,2025-04-28T01:41:48,2025-04-27T15:50:12
T000025,C000093,O0013925,E0036,2025-12-30 23:56:00,Order Cancellation,Medium,Resolved,2.37,2025-12-31T02:18:12,2025-12-31T03:43:10
T000026,C001448,O0003458,E0046,2025-06-13 09:55:00,Damaged Item,Medium,Resolved,47.07,2025-06-15T08:59:12,2025-06-13T11:19:14
T000027,C001894,O0006333,E0004,2025-06-14 03:29:00,Return Request,Medium,Open,,,2025-06-14T06:00:20
T000028,C001367,O0012138,E0003,2025-04-22 05:45:00,Return Request,Medium,Resolved,14.4,2025-04-22T20:09:00,2025-04-22T07:53:00
T000029,C000810,O0000279,E0048,2025-12-19 08:27:00,Return Request,High,Resolved,33.41,2025-12-20T17:51:36,2025-12-19T09:03:57
T000030,C002181,O0011634,E0040,2025-08-18 00:40:00,Order Cancellation,Low,Open,,,2025-08-18T02:33:19
T000031,C001644,O0002645,E0046,2025-10-29 15:46:00,Product Sizing,Low,Resolved,6.84,2025-10-29T22:36:24,2025-10-29T17:18:39
T000032,C002275,O0013692,E0042,2025-12-05 16:52:00,Product Sizing,Medium,Resolved,14.54,2025-12-06T07:24:24,2025-12-05T18:58:53
T000033,C000526,O0010135,E0046,2025-11-23 02:35:00,Account Question,Medium,Resolved,7.26,2025-11-23T09:50:36,2025-11-23T04:40:32
T000034,C001045,O0010832,E0006,2025-09-05 11:02:00,Shipping Delay,Urgent,Resolved,23.46,2025-09-06T10:29:36,2025-09-05T14:00:10
T000035,C001423,O0003134,E0039,2025-12-08 23:35:00,Product Sizing,Medium,Resolved,7.68,2025-12-09T07:15:48,2025-12-09T00:52:14
T000036,C001017,O0006776,E0007,2025-10-29 01:53:00,Account Question,High,Resolved,4.6,2025-10-29T06:29:00,2025-10-29T05:38:35
T000037,C000981,O0011357,E0026,2026-01-03 11:09:00,Shipping Delay,Medium,Resolved,18.0,2026-01-04T05:09:00,2026-01-03T14:16:19
T000038,C000672,O0011677,E0043,2025-09-08 15:23:00,Shipping Delay,Medium,Resolved,24.75,2025-09-09T16:08:00,2025-09-08T18:18:19
T000039,C001995,O0007928,E0037,2026-01-13 15:35:00,Return Request,Medium,Resolved,20.06,2026-01-14T11:38:36,2026-01-13T17:02:45
T000040,C001470,O0000762,E0042,2025-06-17 22:44:00,Product Sizing,Medium,Open,,,2025-06-18T01:54:51
T000041,C001879,O0005590,E0034,2025-02-06 19:52:00,Return Request,Low,Resolved,15.24,2025-02-07T11:06:24,2025-02-06T22:39:33
T000042,C001778,O0001967,E0006,2025-12-08 08:06:00,Return Request,Medium,Resolved,29.02,2025-12-09T13:07:12,2025-12-08T09:31:38
T000043,C001683,O0009849,E0003,2025-05-09 14:14:00,Warranty Claim,Urgent,Resolved,126.08,2025-05-14T20:18:48,2025-05-09T16:58:28
T000044,C000974,O0009509,E0024,2025-09-09 09:20:00,Warranty Claim,Low,Escalated,59.21,2025-09-11T20:32:36,2025-09-09T10:05:39
T000045,C001228,O0001991,E0048,2026-01-04 03:01:00,Bulk Order Quote,Low,Escalated,14.3,2026-01-04T17:19:00,2026-01-04T07:00:32
T000046,C001662,O0003570,E0043,2025-07-02 16:07:00,Shipping Delay,Low,Escalated,32.42,2025-07-04T00:32:12,2025-07-02T17:29:34
T000047,C001373,O0011345,E0003,2025-07-01 19:11:00,Order Cancellation,Low,Open,,,2025-07-01T20:39:27
T000048,C001384,O0013722,E0034,2025-10-06 12:03:00,Return Request,Low,Pending Customer,35.9,2025-10-07T23:57:00,2025-10-06T14:06:25
T000049,C002385,O0011855,E0017,2025-03-12 09:38:00,Product Sizing,Low,Open,,,2025-03-12T13:21:25
T000050,C001214,O0014306,E0059,2025-08-13 20:41:00,Shipping Delay,High,Resolved,18.96,2025-08-14T15:38:36,2025-08-13T22:29:01
T000051,C002123,O0011473,E0043,2025-12-12 14:02:00,Order Cancellation,Low,Resolved,3.64,2025-12-12T17:40:24,2025-12-12T17:22:50
T000052,C000714,O0004539,E0036,2025-03-28 10:40:00,Return Request,Medium,Resolved,47.15,2025-03-30T09:49:00,2025-03-28T11:28:44
T000053,C000595,O0004607,E0035,2025-03-11 22:03:00,Return Request,Low,Resolved,73.41,2025-03-14T23:27:36,2025-03-11T23:20:26
T000054,C001006,O0005169,E0019,2025-03-29 22:29:00,Account Question,Low,Pending Customer,4.91,2025-03-30T03:23:36,2025-03-29T23:35:41
T000055,C001654,O0006217,E0057,2025-02-20 17:15:00,Order Cancellation,Medium,Resolved,3.73,2025-02-20T20:58:48,2025-02-20T18:17:21
T000056,C000481,O0004662,E0039,2025-11-27 00:38:00,Order Cancellation,Medium,Resolved,12.04,2025-11-27T12:40:24,2025-11-27T01:30:31
T000057,C000873,O0005320,E0051,2025-06-22 20:31:00,Account Question,Medium,Resolved,9.29,2025-06-23T05:48:24,2025-06-22T21:01:19
T000058,C000223,O0010799,E0008,2025-06-26 12:03:00,Product Sizing,High,Resolved,4.06,2025-06-26T16:06:36,2025-06-26T13:17:21
T000059,C000712,O0014863,E0034,2025-03-03 21:28:00,Account Question,Low,Resolved,2.56,2025-03-04T00:01:36,2025-03-04T01:03:59
T000060,C000684,O0008872,E0039,2025-04-15 05:27:00,Shipping Delay,Low,Resolved,87.77,2025-04-18T21:13:12,2025-04-15T07:38:38
T000061,C000529,O0008140,E0051,2025-09-26 21:30:00,Damaged Item,Low,Open,,,2025-09-26T23:18:39
T000062,C001571,O0009711,E0040,2025-05-11 13:00:00,Return Request,Low,Resolved,12.55,2025-05-12T01:33:00,2025-05-11T14:07:41
T000063,C001076,O0001135,E0034,2025-06-21 11:28:00,Product Sizing,Medium,Pending Customer,12.26,2025-06-21T23:43:36,2025-06-21T12:14:36
T000064,C001718,O0004456,E0043,2025-04-04 20:17:00,Return Request,Low,Resolved,23.78,2025-04-05T20:03:48,2025-04-04T23:03:48
T000065,C001679,O0005305,E0042,2025-09-13 17:02:00,Return Request,Medium,Resolved,42.0,2025-09-15T11:02:00,2025-09-13T19:17:47
T000066,C001389,O0003706,E0053,2025-07-15 08:20:00,Product Sizing,Low,Resolved,14.98,2025-07-15T23:18:48,2025-07-15T09:40:38
T000067,C002090,O0012114,E0006,2025-05-09 02:25:00,Account Question,Low,Pending Customer,1.89,2025-05-09T04:18:24,2025-05-09T05:20:05
T000068,C002175,O0009792,E0040,2026-02-04 00:18:00,Shipping Delay,Low,Resolved,21.98,2026-02-04T22:16:48,2026-02-04T01:13:22
T000069,C001351,O0004350,E0041,2025-11-14 14:00:00,Warranty Claim,High,Resolved,217.52,2025-11-23T15:31:12,2025-11-14T15:17:59
T000070,C002288,O0003589,E0006,2025-06-08 19:08:00,Return Request,Medium,Resolved,63.95,2025-06-11T11:05:00,2025-06-08T20:36:05
T000071,C000807,O0013280,E0048,2025-06-27 20:51:00,Damaged Item,High,Pending Customer,165.62,2025-07-04T18:28:12,2025-06-27T23:53:22
T000072,C000420,O0001351,E0018,2025-10-19 20:02:00,Shipping Delay,Low,Resolved,14.33,2025-10-20T10:21:48,2025-10-19T20:58:37
T000073,C000881,O0007622,E0043,2025-11-21 21:52:00,Order Cancellation,Medium,Resolved,3.15,2025-11-22T01:01:00,2025-11-22T00:30:50
T000074,C001357,O0009762,E0043,2025-05-07 08:58:00,Return Request,High,Resolved,32.26,2025-05-08T17:13:36,2025-05-07T10:04:23
T000075,C000601,O0002185,E0040,2025-07-17 22:53:00,Damaged Item,Low,Resolved,56.52,2025-07-20T07:24:12,2025-07-18T01:25:29
T000076,C001156,O0010701,E0019,2025-12-09 11:01:00,Shipping Delay,Low,Open,,,2025-12-09T14:13:14
T000077,C000446,O0001765,E0040,2025-06-07 09:43:00,Account Question,Medium,Resolved,4.26,2025-06-07T13:58:36,2025-06-07T11:36:26
T000078,C002309,O0007954,E0042,2025-07-27 06:11:00,Shipping Delay,High,Resolved,17.68,2025-07-27T23:51:48,2025-07-27T07:55:04
T000079,C001353,O0004863,E0060,2025-11-29 00:23:00,Order Cancellation,Medium,Resolved,3.09,2025-11-29T03:28:24,2025-11-29T04:09:16
T000080,C000495,O0013103,E0003,2025-01-04 00:08:00,Return Request,Medium,Resolved,39.34,2025-01-05T15:28:24,2025-01-04T03:50:52
T000081,C001070,O0005999,E0043,2025-08-09 10:11:00,Return Request,Low,Pending Customer,42.33,2025-08-11T04:30:48,2025-08-09T13:46:15
T000082,C002485,O0011798,E0042,2025-01-15 01:57:00,Return Request,Medium,Resolved,25.94,2025-01-16T03:53:24,2025-01-15T02:36:05
T000083,C000215,O0009313,E0006,2026-01-10 13:00:00,Damaged Item,Low,Resolved,51.71,2026-01-12T16:42:36,2026-01-10T15:19:09
T000084,C002388,O0006765,E0060,2025-07-09 06:49:00,Shipping Delay,Medium,Resolved,69.83,2025-07-12T04:38:48,2025-07-09T09:33:34
T000085,C001284,O0012411,E0026,2025-02-19 04:32:00,Bulk Order Quote,Low,Resolved,33.31,2025-02-20T13:50:36,2025-02-19T05:26:41
T000086,C002512,O0014455,E0046,2025-06-09 22:21:00,Bulk Order Quote,Medium,Pending Customer,137.53,2025-06-15T15:52:48,2025-06-10T02:02:29
T000087,C000211,O0013886,E0051,2025-11-29 09:21:00,Shipping Delay,Low,Pending Customer,27.3,2025-11-30T12:39:00,2025-11-29T11:33:39
T000088,C002005,O0012015,E0026,2025-07-19 12:41:00,Shipping Delay,High,Resolved,18.64,2025-07-20T07:19:24,2025-07-19T13:26:21
T000089,C000686,O0000673,E0053,2025-03-19 07:33:00,Product Sizing,Medium,Resolved,7.35,2025-03-19T14:54:00,2025-03-19T08:13:28
T000090,C001074,O0005285,E0034,2025-05-12 00:17:00,Product Sizing,Medium,Pending Customer,4.3,2025-05-12T04:35:00,2025-05-12T03:12:44
T000091,C001072,O0012051,E0051,2025-03-15 19:18:00,Account Question,Low,Resolved,5.48,2025-03-16T00:46:48,2025-03-15T20:15:46
T000092,C001725,O0007339,E0026,2025-11-30 10:16:00,Shipping Delay,Low,Resolved,7.2,2025-11-30T17:28:00,2025-11-30T10:59:49
T000093,C000748,O0003748,E0007,2025-04-11 10:13:00,Product Sizing,High,Resolved,7.93,2025-04-11T18:08:48,2025-04-11T13:41:16
T000094,C000372,O0014603,E0042,2025-10-02 08:21:00,Shipping Delay,High,Pending Customer,22.75,2025-10-03T07:06:00,2025-10-02T10:57:04
T000095,C001961,O0007249,E0026,2025-05-31 23:53:00,Bulk Order Quote,Low,Escalated,167.51,2025-06-07T23:23:36,2025-06-01T01:57:42
T000096,C001307,O0007963,E0051,2025-03-18 20:50:00,Product Sizing,High,Resolved,6.52,2025-03-19T03:21:12,2025-03-18T21:33:29
T000097,C000684,O0007027,E0006,2025-03-03 13:28:00,Warranty Claim,Low,Escalated,61.64,2025-03-06T03:06:24,2025-03-03T14:00:32
T000098,C000866,O0014721,E0036,2025-06-16 23:46:00,Bulk Order Quote,Medium,Resolved,48.59,2025-06-19T00:21:24,2025-06-17T00:16:32
T000099,C000980,O0003675,E0051,2025-12-14 04:36:00,Return Request,Medium,Resolved,17.16,2025-12-14T21:45:36,2025-12-14T06:09:11
T000100,C001407,O0006024,E0058,2025-01-30 20:29:00,Shipping Delay,Low,Resolved,50.57,2025-02-01T23:03:12,2025-01-30T21:16:13
T000101,C001407,O0010788,E0014,2025-10-19 14:09:00,Shipping Delay,Medium,Resolved,25.98,2025-10-20T16:07:48,2025-10-19T17:38:08
T000102,C001161,O0000402,E0046,2025-05-04 08:07:00,Return Request,Low,Resolved,52.09,2025-05-06T12:12:24,2025-05-04T09:36:21
T000103,C001357,O0005220,E0048,2025-05-14 14:17:00,Damaged Item,Low,Resolved,97.67,2025-05-18T15:57:12,2025-05-14T16:55:58
T000104,C000317,O0010198,E0039,2025-05-10 19:06:00,Account Question,Urgent,Resolved,4.14,2025-05-10T23:14:24,2025-05-10T20:34:34
T000105,C001476,O0012524,E0026,2025-12-24 11:51:00,Shipping Delay,Medium,Resolved,19.98,2025-12-25T07:49:48,2025-12-24T15:19:50
T000106,C001484,O0014227,E0039,2025-07-25 06:43:00,Return Request,Urgent,Pending Customer,43.8,2025-07-27T02:31:00,2025-07-25T08:43:44
T000107,C001449,O0004636,E0003,2025-08-09 16:03:00,Account Question,Urgent,Resolved,6.69,2025-08-09T22:44:24,2025-08-09T18:36:56
T000108,C001975,O0006894,E0051,2025-06-02 05:11:00,Return Request,Low,Resolved,20.29,2025-06-03T01:28:24,2025-06-02T06:05:28
T000109,C002544,O0006127,E0056,2025-07-22 18:27:00,Product Sizing,Low,Resolved,7.06,2025-07-23T01:30:36,2025-07-22T21:40:16
T000110,C001787,O0002931,E0048,2025-12-17 13:58:00,Shipping Delay,Low,Resolved,17.23,2025-12-18T07:11:48,2025-12-17T16:52:59
T000111,C000659,O0000985,E0006,2025-07-10 08:11:00,Bulk Order Quote,High,Resolved,85.89,2025-07-13T22:04:24,2025-07-10T11:40:56
T000112,C000169,O0001373,E0026,2025-06-21 17:31:00,Shipping Delay,High,Resolved,7.35,2025-06-22T00:52:00,2025-06-21T21:30:51
T000113,C002233,O0006919,E0034,2025-06-22 04:56:00,Return Request,High,Resolved,68.7,2025-06-25T01:38:00,2025-06-22T05:46:18
T000114,C002510,O0001371,E0051,2025-08-22 07:00:00,Product Sizing,High,Resolved,4.34,2025-08-22T11:20:24,2025-08-22T07:58:12
T000115,C001388,O0007767,E0018,2025-02-25 05:26:00,Shipping Delay,High,Resolved,16.74,2025-02-25T22:10:24,2025-02-25T07:47:35
T000116,C001292,O0009260,E0040,2025-05-12 19:56:00,Bulk Order Quote,High,Resolved,55.07,2025-05-15T03:00:12,2025-05-12T21:23:20
T000117,C001170,O0008875,E0009,2025-08-05 04:07:00,Shipping Delay,Medium,Resolved,21.21,2025-08-06T01:19:36,2025-08-05T04:51:29
T000118,C002120,O0007341,E0040,2025-02-22 11:59:00,Product Sizing,High,Pending Customer,6.27,2025-02-22T18:15:12,2025-02-22T13:43:00
T000119,C001555,O0002050,E0007,2025-06-02 21:35:00,Return Request,Low,Resolved,39.82,2025-06-04T13:24:12,2025-06-02T23:34:56
T000120,C000210,O0008474,E0006,2025-07-14 16:13:00,Return Request,Medium,Pending Customer,29.07,2025-07-15T21:17:12,2025-07-14T17:22:12
T000121,C000899,O0011448,E0039,2025-02-06 10:30:00,Product Sizing,Low,Resolved,27.7,2025-02-07T14:12:00,2025-02-06T11:19:41
T000122,C002495,O0009044,E0039,2025-02-28 12:09:00,Return Request,Low,Resolved,31.37,2025-03-01T19:31:12,2025-02-28T13:45:13
T000123,C001422,O0002000,E0039,2025-03-15 17:54:00,Warranty Claim,Low,Resolved,113.75,2025-03-20T11:39:00,2025-03-15T18:46:51
T000124,C002436,O0008813,E0036,2025-05-15 02:57:00,Product Sizing,Medium,Resolved,2.45,2025-05-15T05:24:00,2025-05-15T05:57:00
T000125,C002309,O0014276,E0051,2025-11-10 20:27:00,Order Cancellation,Low,Resolved,3.88,2025-11-11T00:19:48,2025-11-10T22:34:44
T000126,C001641,O0008001,E0034,2025-02-15 19:46:00,Bulk Order Quote,Low,Resolved,43.8,2025-02-17T15:34:00,2025-02-15T22:16:01
T000127,C002217,O0009753,E0039,2025-07-29 13:40:00,Bulk Order Quote,Medium,Pending Customer,235.98,2025-08-08T09:38:48,2025-07-29T14:55:45
T000128,C001457,O0004288,E0006,2025-06-26 04:22:00,Order Cancellation,Low,Resolved,4.48,2025-06-26T08:50:48,2025-06-26T06:39:01
T000129,C000316,O0011955,E0040,2025-12-04 15:01:00,Shipping Delay,Low,Pending Customer,39.5,2025-12-06T06:31:00,2025-12-04T16:33:14
T000130,C001697,O0007194,E0043,2025-09-20 10:52:00,Return Request,Low,Resolved,77.75,2025-09-23T16:37:00,2025-09-20T12:07:13
T000131,C002171,O0007023,E0026,2025-03-26 08:11:00,Warranty Claim,Low,Resolved,325.94,2025-04-08T22:07:24,2025-03-26T10:16:15
T000132,C002256,O0014749,E0034,2025-09-20 03:31:00,Warranty Claim,High,Resolved,29.72,2025-09-21T09:14:12,2025-09-20T05:46:35
T000133,C001108,O0014790,E0019,2025-04-08 11:43:00,Shipping Delay,Low,Resolved,30.6,2025-04-09T18:19:00,2025-04-08T13:38:21
T000134,C001063,O0006256,E0020,2026-01-01 20:10:00,Damaged Item,Medium,Resolved,62.82,2026-01-04T10:59:12,2026-01-01T20:54:33
T000135,C000887,O0001934,E0046,2025-09-07 09:32:00,Shipping Delay,Low,Pending Customer,46.6,2025-09-09T08:08:00,2025-09-07T10:58:10
T000136,C001481,O0010193,E0042,2025-11-06 22:16:00,Shipping Delay,Medium,Pending Customer,18.34,2025-11-07T16:36:24,2025-11-07T00:33:15
T000137,C000246,O0008293,E0040,2025-10-29 00:05:00,Shipping Delay,Low,Open,,,2025-10-29T03:21:07
T000138,C002529,O0012479,E0039,2025-08-08 12:23:00,Shipping Delay,Low,Open,,,2025-08-08T16:06:45
T000139,C000101,O0006026,E0036,2025-05-08 20:32:00,Account Question,Medium,Resolved,4.88,2025-05-09T01:24:48,2025-05-08T22:14:28
T000140,C001041,O0000652,E0040,2025-06-04 20:32:00,Bulk Order Quote,Medium,Escalated,74.73,2025-06-07T23:15:48,2025-06-04T23:10:42
T000141,C000313,O0005672,E0024,2025-12-12 13:06:00,Shipping Delay,Medium,Resolved,35.89,2025-12-14T00:59:24,2025-12-12T13:39:14
T000142,C001962,O0006855,E0014,2025-07-28 14:36:00,Product Sizing,Medium,Open,,,2025-07-28T18:05:43
T000143,C002479,O0003820,E0026,2025-12-01 16:37:00,Return Request,Medium,Resolved,56.48,2025-12-04T01:05:48,2025-12-01T17:53:40
T000144,C000170,O0007302,E0003,2025-06-01 22:40:00,Shipping Delay,Medium,Resolved,8.03,2025-06-02T06:41:48,2025-06-01T23:37:43
T000145,C001369,O0000033,E0003,2025-12-12 11:27:00,Shipping Delay,Medium,Resolved,17.77,2025-12-13T05:13:12,2025-12-12T14:43:01
T000146,C001890,O0005085,E0036,2025-01-20 23:42:00,Return Request,Medium,Resolved,38.11,2025-01-22T13:48:36,2025-01-21T02:56:13
T000147,C000890,O0010601,E0019,2025-12-18 18:40:00,Shipping Delay,Medium,Resolved,18.95,2025-12-19T13:37:00,2025-12-18T20:28:38
T000148,C000212,O0003874,E0036,2025-09-12 17:56:00,Order Cancellation,Medium,Resolved,8.85,2025-09-13T02:47:00,2025-09-12T19:14:33
T000149,C000469,O0001432,E0028,2025-10-15 02:03:00,Shipping Delay,Medium,Escalated,33.81,2025-10-16T11:51:36,2025-10-15T03:31:46
T000150,C000741,O0012035,E0037,2025-06-08 11:17:00,Account Question,Medium,Pending Customer,4.44,2025-06-08T15:43:24,2025-06-08T14:44:30
T000151,C001976,O0012203,E0039,2025-10-29 10:28:00,Order Cancellation,Low,Open,,,2025-10-29T12:39:21
T000152,C000224,O0008580,E0046,2025-12-18 21:33:00,Warranty Claim,Medium,Resolved,74.34,2025-12-21T23:53:24,2025-12-18T22:51:20
T000153,C002145,O0009679,E0034,2025-12-20 11:30:00,Return Request,Low,Resolved,57.65,2025-12-22T21:09:00,2025-12-20T13:20:55
T000154,C001222,O0008209,E0060,2025-05-10 07:48:00,Bulk Order Quote,Medium,Resolved,169.61,2025-05-17T09:24:36,2025-05-10T10:44:07
T000155,C002106,O0003881,E0048,2025-12-24 23:02:00,Bulk Order Quote,Low,Resolved,73.95,2025-12-28T00:59:00,2025-12-25T02:27:26
T000156,C001195,O0006541,E0039,2025-07-19 13:55:00,Product Sizing,Medium,Resolved,4.79,2025-07-19T18:42:24,2025-07-19T15:15:36
T000157,C001226,O0012991,E0040,2025-05-07 16:55:00,Order Cancellation,Medium,Resolved,6.33,2025-05-07T23:14:48,2025-05-07T20:39:27
T000158,C000224,O0013213,E0007,2025-03-21 16:23:00,Warranty Claim,Low,Escalated,29.84,2025-03-22T22:13:24,2025-03-21T18:09:36
T000159,C000630,O0013556,E0046,2025-04-13 09:31:00,Damaged Item,High,Resolved,30.29,2025-04-14T15:48:24,2025-04-13T10:35:49
T000160,C001048,O0002581,E0035,2025-11-30 11:49:00,Shipping Delay,Low,Resolved,45.78,2025-12-02T09:35:48,2025-11-30T14:51:39
T000161,C000705,O0014594,E0048,2025-03-01 12:22:00,Shipping Delay,Low,Pending Customer,15.17,2025-03-02T03:32:12,2025-03-01T15:16:08
T000162,C001144,O0001207,E0003,2025-11-28 13:04:00,Return Request,Medium,Pending Customer,59.76,2025-12-01T00:49:36,2025-11-28T15:53:50
T000163,C001204,O0003728,E0043,2025-08-03 04:41:00,Shipping Delay,Low,Resolved,54.82,2025-08-05T11:30:12,2025-08-03T05:30:47
T000164,C000528,O0002228,E0036,2025-08-27 20:22:00,Damaged Item,High,Resolved,145.28,2025-09-02T21:38:48,2025-08-27T23:37:39
T000165,C001522,O0010234,E0014,2025-02-06 11:49:00,Return Request,Low,Resolved,51.33,2025-02-08T15:08:48,2025-02-06T12:42:45
T000166,C001530,O0006876,E0003,2025-09-13 08:12:00,Order Cancellation,Low,Resolved,9.27,2025-09-13T17:28:12,2025-09-13T10:50:12
T000167,C002093,O0008310,E0051,2025-04-06 03:28:00,Bulk Order Quote,Medium,Resolved,135.13,2025-04-11T18:35:48,2025-04-06T03:59:13
T000168,C001083,O0012901,E0057,2025-03-21 03:59:00,Shipping Delay,Medium,Escalated,11.29,2025-03-21T15:16:24,2025-03-21T07:43:50
T000169,C002582,O0002969,E0040,2025-08-28 19:22:00,Damaged Item,Low,Resolved,98.07,2025-09-01T21:26:12,2025-08-28T22:03:36
T000170,C000968,O0006290,E0019,2025-12-20 04:10:00,Account Question,Low,Resolved,5.13,2025-12-20T09:17:48,2025-12-20T06:50:46
T000171,C000187,O0014088,E0048,2025-08-08 02:28:00,Return Request,Medium,Resolved,25.95,2025-08-09T04:25:00,2025-08-08T04:30:43
T000172,C001190,O0006966,E0041,2025-09-08 11:05:00,Order Cancellation,Low,Resolved,1.53,2025-09-08T12:36:48,2025-09-08T13:35:48
T000173,C001442,O0001648,E0036,2025-06-24 20:34:00,Return Request,Low,Escalated,19.14,2025-06-25T15:42:24,2025-06-24T23:34:58
T000174,C001279,O0007962,E0059,2025-08-11 14:55:00,Damaged Item,Medium,Resolved,52.36,2025-08-13T19:16:36,2025-08-11T16:30:16
T000175,C000226,O0004867,E0003,2025-11-20 18:02:00,Shipping Delay,Medium,Pending Customer,66.43,2025-11-23T12:27:48,2025-11-20T20:55:58
T000176,C001711,O0003199,E0036,2025-06-01 07:52:00,Account Question,Medium,Pending Customer,14.91,2025-06-01T22:46:36,2025-06-01T08:45:27
T000177,C000525,O0000291,E0051,2025-11-25 20:18:00,Return Request,Medium,Resolved,45.64,2025-11-27T17:56:24,2025-11-25T23:47:07
T000178,C000225,O0006420,E0003,2025-03-04 04:09:00,Return Request,Low,Resolved,26.78,2025-03-05T06:55:48,2025-03-04T05:26:09
T000179,C002540,O0006298,E0020,2025-05-04 10:03:00,Warranty Claim,Medium,Resolved,284.24,2025-05-16T06:17:24,2025-05-04T13:53:40
T000180,C001605,O0006807,E0060,2025-12-07 08:06:00,Return Request,Medium,Resolved,31.95,2025-12-08T16:03:00,2025-12-07T11:10:07
T000181,C001762,O0007701,E0034,2025-03-08 11:55:00,Shipping Delay,Urgent,Escalated,12.97,2025-03-09T00:53:12,2025-03-08T12:27:44
T000182,C002554,O0012841,E0041,2025-11-23 22:05:00,Warranty Claim,Medium,Resolved,256.73,2025-12-04T14:48:48,2025-11-24T01:31:11
T000183,C002469,O0001008,E0024,2025-07-05 22:19:00,Return Request,Medium,Open,,,2025-07-05T23:31:21
T000184,C000857,O0001056,E0057,2025-08-01 12:47:00,Shipping Delay,Low,Resolved,15.46,2025-08-02T04:14:36,2025-08-01T14:15:34
T000185,C002175,O0006722,E0036,2025-06-29 07:43:00,Return Request,Low,Resolved,48.12,2025-07-01T07:50:12,2025-06-29T10:31:58
T000186,C000196,O0011436,E0060,2025-06-29 21:01:00,Damaged Item,Low,Resolved,31.15,2025-07-01T04:10:00,2025-06-29T21:33:22
T000187,C000751,O0011607,E0043,2025-05-29 22:40:00,Shipping Delay,High,Resolved,23.32,2025-05-30T21:59:12,2025-05-29T23:12:18
T000188,C001878,O0013881,E0019,2025-02-17 17:12:00,Product Sizing,Low,Resolved,11.97,2025-02-18T05:10:12,2025-02-17T20:46:04
T000189,C001884,O0012903,E0019,2025-05-31 12:35:00,Shipping Delay,Urgent,Resolved,13.25,2025-06-01T01:50:00,2025-05-31T13:14:44
T000190,C000435,O0005888,E0024,2025-04-19 00:57:00,Account Question,Medium,Resolved,6.42,2025-04-19T07:22:12,2025-04-19T04:33:47
T000191,C002329,O0011412,E0051,2025-04-17 11:50:00,Warranty Claim,Medium,Pending Customer,198.2,2025-04-25T18:02:00,2025-04-17T12:20:37
T000192,C000257,O0000223,E0060,2025-08-08 17:58:00,Return Request,Low,Pending Customer,160.28,2025-08-15T10:14:48,2025-08-08T20:01:39
T000193,C001908,O0012342,E0006,2025-04-04 01:04:00,Order Cancellation,Medium,Resolved,7.32,2025-04-04T08:23:12,2025-04-04T04:16:39
T000194,C001463,O0006952,E0040,2025-12-27 17:57:00,Damaged Item,Medium,Resolved,119.88,2026-01-01T17:49:48,2025-12-27T19:48:56
T000195,C000832,O0000889,E0014,2025-03-31 13:24:00,Return Request,Medium,Resolved,30.17,2025-04-01T19:34:12,2025-03-31T14:44:42
T000196,C002082,O0002937,E0058,2025-06-25 05:25:00,Account Question,Low,Resolved,4.8,2025-06-25T10:13:00,2025-06-25T08:55:36
T000197,C001652,O0010287,E0046,2025-08-04 02:02:00,Damaged Item,Medium,Resolved,147.65,2025-08-10T05:41:00,2025-08-04T03:54:45
T000198,C000902,O0003079,E0057,2025-05-24 07:24:00,Damaged Item,Urgent,Resolved,120.97,2025-05-29T08:22:12,2025-05-24T10:56:29
T000199,C000079,O0003240,E0022,2025-07-17 12:44:00,Shipping Delay,Medium,Resolved,35.34,2025-07-19T00:04:24,2025-07-17T16:12:31
T000200,C002445,O0014027,E0007,2025-08-12 15:32:00,Damaged Item,High,Resolved,23.21,2025-08-13T14:44:36,2025-08-12T16:07:39
T000201,C000019,O0001994,E0024,2025-08-25 09:26:00,Product Sizing,Low,Resolved,6.97,2025-08-25T16:24:12,2025-08-25T11:42:56
T000202,C001875,O0005296,E0006,2025-03-22 16:46:00,Order Cancellation,Low,Resolved,4.5,2025-03-22T21:16:00,2025-03-22T20:22:02
T000203,C000192,O0001345,E0043,2025-07-09 19:09:00,Shipping Delay,Medium,Resolved,19.09,2025-07-10T14:14:24,2025-07-09T22:34:30
T000204,C000089,O0011239,E0057,2025-09-02 05:19:00,Return Request,Low,Pending Customer,52.6,2025-09-04T09:55:00,2025-09-02T07:17:58
T000205,C000418,O0009444,E0009,2025-05-21 06:21:00,Product Sizing,Medium,Resolved,7.25,2025-05-21T13:36:00,2025-05-21T07:05:03
T000206,C001770,O0014021,E0024,2025-02-03 03:11:00,Damaged Item,Low,Pending Customer,48.93,2025-02-05T04:06:48,2025-02-03T05:09:51
T000207,C001597,O0014087,E0039,2025-08-15 16:03:00,Return Request,Low,Open,,,2025-08-15T18:00:08
T000208,C000235,O0001392,E0042,2025-06-15 00:25:00,Product Sizing,High,Open,,,2025-06-15T02:42:39
T000209,C001053,O0009794,E0006,2025-05-01 01:34:00,Product Sizing,Low,Resolved,7.09,2025-05-01T08:39:24,2025-05-01T04:27:47
T000210,C001653,O0013653,E0060,2025-05-10 11:34:00,Account Question,Low,Resolved,5.3,2025-05-10T16:52:00,2025-05-10T14:35:58
T000211,C001344,O0006292,E0040,2025-10-15 23:17:00,Shipping Delay,Medium,Resolved,28.65,2025-10-17T03:56:00,2025-10-16T02:09:02
T000212,C001364,O0001500,E0019,2025-10-12 04:41:00,Product Sizing,Low,Resolved,7.86,2025-10-12T12:32:36,2025-10-12T07:08:38
T000213,C002485,O0014472,E0042,2025-10-22 18:03:00,Order Cancellation,Medium,Open,,,2025-10-22T19:29:26
T000214,C000952,O0005295,E0020,2025-06-12 10:50:00,Return Request,Medium,Resolved,10.31,2025-06-12T21:08:36,2025-06-12T13:21:04
T000215,C001185,O0007976,E0040,2025-09-24 03:40:00,Shipping Delay,Low,Resolved,43.79,2025-09-25T23:27:24,2025-09-24T04:51:32
T000216,C001536,O0014032,E0024,2025-01-16 21:40:00,Warranty Claim,High,Resolved,32.99,2025-01-18T06:39:24,2025-01-17T00:47:09
T000217,C001166,O0011933,E0060,2025-04-02 21:04:00,Shipping Delay,Medium,Resolved,16.47,2025-04-03T13:32:12,2025-04-02T22:17:20
T000218,C000741,O0002694,E0046,2025-10-16 14:00:00,Shipping Delay,Low,Escalated,22.79,2025-10-17T12:47:24,2025-10-16T17:07:14
T000219,C001006,O0005169,E0001,2025-03-16 14:29:00,Warranty Claim,Low,Resolved,53.94,2025-03-18T20:25:24,2025-03-16T16:19:51
T000220,C002381,O0005904,E0020,2025-11-06 08:53:00,Damaged Item,Medium,Resolved,44.9,2025-11-08T05:47:00,2025-11-06T12:40:59
T000221,C000376,O0009358,E0043,2025-07-08 12:29:00,Return Request,Urgent,Resolved,63.08,2025-07-11T03:33:48,2025-07-08T13:30:39
T000222,C002243,O0010179,E0036,2025-08-08 03:32:00,Bulk Order Quote,Low,Resolved,139.89,2025-08-13T23:25:24,2025-08-08T07:10:44
T000223,C001237,O0006049,E0040,2025-10-04 13:04:00,Account Question,Medium,Resolved,2.36,2025-10-04T15:25:36,2025-10-04T16:48:40
T000224,C001620,O0006093,E0034,2025-12-20 22:23:00,Shipping Delay,Medium,Resolved,26.68,2025-12-22T01:03:48,2025-12-21T01:27:09
T000225,C002158,O0007168,E0024,2026-01-15 06:49:00,Product Sizing,Low,Resolved,10.85,2026-01-15T17:40:00,2026-01-15T09:23:49
T000226,C002464,O0000460,E0043,2025-03-17 01:54:00,Shipping Delay,Medium,Open,,,2025-03-17T03:07:05
T000227,C000556,O0006773,E0034,2025-01-27 01:53:00,Damaged Item,High,Resolved,14.38,2025-01-27T16:15:48,2025-01-27T04:10:52
T000228,C001786,O0003226,E0014,2025-08-19 21:07:00,Order Cancellation,Low,Resolved,3.31,2025-08-20T00:25:36,2025-08-19T23:22:38
T000229,C000600,O0012134,E0043,2025-04-17 17:52:00,Product Sizing,High,Pending Customer,8.97,2025-04-18T02:50:12,2025-04-17T21:23:44
T000230,C000941,O0011545,E0034,2025-03-17 13:15:00,Product Sizing,Low,Pending Customer,5.04,2025-03-17T18:17:24,2025-03-17T15:00:47
T000231,C000629,O0014955,E0060,2025-02-22 00:30:00,Product Sizing,Medium,Pending Customer,8.36,2025-02-22T08:51:36,2025-02-22T03:31:46
T000232,C000879,O0013494,E0039,2025-02-18 06:08:00,Order Cancellation,Low,Open,,,2025-02-18T08:09:20
T000233,C000866,O0004207,E0003,2025-01-27 22:07:00,Order Cancellation,Medium,Pending Customer,4.6,2025-01-28T02:43:00,2025-01-28T01:24:18
T000234,C000431,O0000345,E0057,2025-12-11 22:05:00,Account Question,Low,Resolved,8.06,2025-12-12T06:08:36,2025-12-12T00:21:46
T000235,C001224,O0014335,E0051,2025-11-04 17:12:00,Warranty Claim,Urgent,Resolved,77.62,2025-11-07T22:49:12,2025-11-04T20:30:24
T000236,C002554,O0004554,E0060,2025-02-17 18:55:00,Product Sizing,Low,Pending Customer,3.41,2025-02-17T22:19:36,2025-02-17T21:17:28
T000237,C000935,O0009368,E0024,2025-10-03 17:44:00,Bulk Order Quote,Medium,Resolved,87.83,2025-10-07T09:33:48,2025-10-03T19:34:41
T000238,C000724,O0001058,E0019,2026-01-01 12:02:00,Shipping Delay,Medium,Open,,,2026-01-01T13:57:35
T000239,C000858,O0014914,E0057,2025-10-13 02:27:00,Return Request,Medium,Resolved,30.66,2025-10-14T09:06:36,2025-10-13T03:18:53
T000240,C002378,O0010800,E0014,2025-09-28 00:23:00,Order Cancellation,Medium,Pending Customer,3.34,2025-09-28T03:43:24,2025-09-28T02:53:03
T000241,C000085,O0003843,E0004,2025-12-09 04:24:00,Damaged Item,Low,Pending Customer,106.03,2025-12-13T14:25:48,2025-12-09T07:19:12
T000242,C000878,O0008505,E0022,2025-05-25 22:56:00,Shipping Delay,Low,Resolved,16.86,2025-05-26T15:47:36,2025-05-26T01:22:00
T000243,C001992,O0014379,E0028,2026-01-01 17:44:00,Account Question,Low,Resolved,11.27,2026-01-02T05:00:12,2026-01-01T18:15:26
T000244,C002289,O0013177,E0048,2025-02-01 21:25:00,Warranty Claim,Low,Resolved,71.06,2025-02-04T20:28:36,2025-02-01T22:44:02
T000245,C000224,O0013200,E0041,2025-04-05 20:30:00,Return Request,Low,Open,,,2025-04-05T23:12:33
T000246,C000391,O0007405,E0057,2025-05-05 04:53:00,Product Sizing,Medium,Open,,,2025-05-05T07:45:34
T000247,C001148,O0003879,E0034,2025-01-19 21:57:00,Return Request,Low,Resolved,37.12,2025-01-21T11:04:12,2025-01-19T22:36:41
T000248,C002399,O0011328,E0051,2025-06-30 02:41:00,Account Question,Low,Resolved,2.43,2025-06-30T05:06:48,2025-06-30T03:20:37
T000249,C002000,O0012559,E0060,2025-09-08 18:24:00,Damaged Item,High,Resolved,69.23,2025-09-11T15:37:48,2025-09-08T19:28:59
T000250,C001737,O0010548,E0008,2025-09-30 01:07:00,Damaged Item,Low,Resolved,54.44,2025-10-02T07:33:24,2025-09-30T04:57:16
T000251,C002589,O0000714,E0057,2025-07-12 15:12:00,Bulk Order Quote,Low,Resolved,28.47,2025-07-13T19:40:12,2025-07-12T15:45:03
T000252,C000608,O0002664,E0019,2025-06-02 11:51:00,Shipping Delay,Medium,Resolved,16.44,2025-06-03T04:17:24,2025-06-02T13:56:09
T000253,C000058,O0009638,E0051,2025-08-14 13:12:00,Return Request,Medium,Resolved,23.79,2025-08-15T12:59:24,2025-08-14T14:43:29
T000254,C001149,O0013596,E0003,2025-11-09 19:12:00,Bulk Order Quote,Medium,Resolved,43.17,2025-11-11T14:22:12,2025-11-09T23:09:23
T000255,C000894,O0005985,E0007,2025-02-24 16:14:00,Shipping Delay,Low,Open,,,2025-02-24T19:58:51
T000256,C000887,O0003875,E0057,2025-12-30 09:20:00,Bulk Order Quote,Medium,Open,,,2025-12-30T11:15:46
T000257,C001782,O0014544,E0036,2025-11-02 19:19:00,Product Sizing,High,Resolved,9.57,2025-11-03T04:53:12,2025-11-02T21:36:07
T000258,C002448,O0001180,E0019,2026-01-15 23:15:00,Shipping Delay,Medium,Resolved,14.53,2026-01-16T13:46:48,2026-01-16T00:43:45
T000259,C001490,O0013849,E0043,2025-11-24 00:26:00,Return Request,High,Pending Customer,41.92,2025-11-25T18:21:12,2025-11-24T02:51:51
T000260,C000648,O0013805,E0060,2026-01-05 12:45:00,Shipping Delay,Low,Resolved,32.02,2026-01-06T20:46:12,2026-01-05T16:21:51
T000261,C001637,O0004775,E0039,2025-09-07 19:51:00,Return Request,Low,Resolved,77.25,2025-09-11T01:06:00,2025-09-07T22:08:13
T000262,C001846,O0003284,E0048,2025-03-12 05:15:00,Bulk Order Quote,Medium,Resolved,53.68,2025-03-14T10:55:48,2025-03-12T06:02:08
T000263,C002501,O0013245,E0036,2025-06-26 17:18:00,Warranty Claim,Medium,Pending Customer,131.41,2025-07-02T04:42:36,2025-06-26T18:04:54
T000264,C002283,O0009436,E0014,2025-10-16 15:43:00,Bulk Order Quote,Low,Resolved,167.59,2025-10-23T15:18:24,2025-10-16T19:03:44
T000265,C002365,O0014933,E0020,2025-08-17 13:51:00,Bulk Order Quote,Medium,Resolved,47.25,2025-08-19T13:06:00,2025-08-17T15:43:12
T000266,C001016,O0007469,E0026,2025-08-21 15:55:00,Product Sizing,Low,Resolved,11.48,2025-08-22T03:23:48,2025-08-21T19:32:30
T000267,C001220,O0009016,E0017,2025-04-13 16:34:00,Order Cancellation,High,Resolved,3.62,2025-04-13T20:11:12,2025-04-13T17:42:03
T000268,C001204,O0003728,E0042,2025-08-07 23:41:00,Shipping Delay,Low,Resolved,21.56,2025-08-08T21:14:36,2025-08-08T02:13:47
T000269,C002468,O0002615,E0026,2025-04-08 05:16:00,Warranty Claim,Low,Pending Customer,84.48,2025-04-11T17:44:48,2025-04-08T06:39:52
T000270,C002111,O0008701,E0057,2026-01-01 13:01:00,Bulk Order Quote,High,Resolved,44.29,2026-01-03T09:18:24,2026-01-01T14:54:49
T000271,C002328,O0011591,E0048,2025-09-05 14:08:00,Warranty Claim,High,Resolved,144.73,2025-09-11T14:51:48,2025-09-05T16:55:41
T000272,C000748,O0003559,E0058,2025-01-22 23:49:00,Shipping Delay,High,Resolved,23.61,2025-01-23T23:25:36,2025-01-23T03:42:44
T000273,C001194,O0000277,E0034,2025-04-22 06:55:00,Damaged Item,High,Resolved,104.36,2025-04-26T15:16:36,2025-04-22T09:00:41
T000274,C000670,O0006501,E0053,2025-02-04 22:26:00,Warranty Claim,Low,Resolved,39.28,2025-02-06T13:42:48,2025-02-05T00:43:47
T000275,C001365,O0014526,E0042,2025-01-12 08:57:00,Order Cancellation,Medium,Resolved,5.17,2025-01-12T14:07:12,2025-01-12T11:03:16
T000276,C002108,O0003408,E0042,2025-06-10 12:50:00,Damaged Item,Medium,Open,,,2025-06-10T14:19:22
T000277,C002589,O0001927,E0018,2025-09-11 06:14:00,Bulk Order Quote,Medium,Escalated,35.67,2025-09-12T17:54:12,2025-09-11T09:40:00
T000278,C002584,O0013529,E0048,2025-07-22 21:10:00,Order Cancellation,Medium,Resolved,5.3,2025-07-23T02:28:00,2025-07-22T21:51:51
T000279,C001902,O0004390,E0042,2025-04-20 08:36:00,Shipping Delay,Low,Resolved,49.33,2025-04-22T09:55:48,2025-04-20T11:38:43
T000280,C002402,O0005238,E0046,2025-08-29 20:44:00,Bulk Order Quote,Low,Resolved,43.51,2025-08-31T16:14:36,2025-08-29T23:55:44
T000281,C002059,O0010745,E0060,2025-12-08 01:56:00,Return Request,Low,Resolved,52.25,2025-12-10T06:11:00,2025-12-08T04:07:02
T000282,C002204,O0005281,E0036,2025-04-05 17:44:00,Order Cancellation,Low,Resolved,1.71,2025-04-05T19:26:36,2025-04-05T19:53:47
T000283,C000346,O0001666,E0043,2025-01-22 06:49:00,Shipping Delay,Low,Resolved,10.64,2025-01-22T17:27:24,2025-01-22T10:25:03
T000284,C000201,O0006591,E0042,2025-09-26 03:20:00,Return Request,Low,Open,,,2025-09-26T06:15:23
T000285,C002497,O0000211,E0042,2025-07-17 07:32:00,Product Sizing,Urgent,Pending Customer,7.02,2025-07-17T14:33:12,2025-07-17T08:59:15
T000286,C000700,O0004317,E0017,2025-05-30 03:26:00,Shipping Delay,Low,Pending Customer,12.02,2025-05-30T15:27:12,2025-05-30T06:37:09
T000287,C002027,O0007433,E0042,2025-05-27 10:11:00,Shipping Delay,Medium,Resolved,41.67,2025-05-29T03:51:12,2025-05-27T11:00:30
T000288,C001190,O0010261,E0004,2025-08-28 04:31:00,Product Sizing,Medium,Escalated,6.86,2025-08-28T11:22:36,2025-08-28T05:44:38
T000289,C001526,O0005743,E0003,2025-09-08 04:19:00,Return Request,Low,Resolved,28.83,2025-09-09T09:08:48,2025-09-08T07:36:22
T000290,C000150,O0009661,E0009,2025-10-17 07:30:00,Product Sizing,Low,Open,,,2025-10-17T10:45:11
T000291,C000149,O0013048,E0036,2026-01-06 09:10:00,Return Request,High,Open,,,2026-01-06T11:47:42
T000292,C002219,O0010227,E0014,2025-08-09 23:01:00,Product Sizing,Low,Resolved,6.14,2025-08-10T05:09:24,2025-08-10T00:38:27
T000293,C001919,O0007463,E0006,2025-08-02 16:42:00,Shipping Delay,Low,Resolved,47.4,2025-08-04T16:06:00,2025-08-02T17:37:12
T000294,C001641,O0012758,E0048,2025-04-27 01:52:00,Account Question,Medium,Resolved,6.71,2025-04-27T08:34:36,2025-04-27T02:31:04
T000295,C001307,O0014921,E0022,2025-02-19 06:38:00,Shipping Delay,High,Resolved,21.22,2025-02-20T03:51:12,2025-02-19T07:53:17
T000296,C001735,O0000134,E0014,2025-02-20 04:34:00,Product Sizing,Low,Resolved,19.19,2025-02-20T23:45:24,2025-02-20T06:13:13
T000297,C002215,O0001577,E0043,2025-02-17 16:00:00,Return Request,Medium,Resolved,92.22,2025-02-21T12:13:12,2025-02-17T18:27:37
T000298,C001422,O0008008,E0060,2025-11-23 10:00:00,Order Cancellation,Low,Resolved,2.86,2025-11-23T12:51:36,2025-11-23T11:07:22
T000299,C000080,O0006046,E0034,2025-12-15 16:11:00,Product Sizing,Medium,Resolved,4.81,2025-12-15T20:59:36,2025-12-15T17:14:32
T000300,C002086,O0008321,E0026,2025-05-13 09:06:00,Account Question,Medium,Resolved,1.86,2025-05-13T10:57:36,2025-05-13T10:43:00
T000301,C001518,O0004980,E0003,2025-07-11 11:33:00,Return Request,Medium,Resolved,10.09,2025-07-11T21:38:24,2025-07-11T13:55:02
T000302,C002528,O0004750,E0026,2025-03-23 02:07:00,Warranty Claim,Low,Pending Customer,104.38,2025-03-27T10:29:48,2025-03-23T04:39:11
T000303,C001788,O0007820,E0043,2025-10-22 11:51:00,Damaged Item,Low,Resolved,112.19,2025-10-27T04:02:24,2025-10-22T15:39:46
T000304,C000132,O0006226,E0024,2025-07-12 22:30:00,Bulk Order Quote,Medium,Open,,,2025-07-12T23:10:10
T000305,C002580,O0011500,E0014,2025-05-07 00:16:00,Order Cancellation,Low,Open,,,2025-05-07T03:04:53
T000306,C001676,O0013846,E0003,2025-04-16 09:04:00,Shipping Delay,Medium,Resolved,47.25,2025-04-18T08:19:00,2025-04-16T10:42:20
T000307,C001337,O0003323,E0040,2025-05-02 16:59:00,Order Cancellation,Low,Resolved,10.03,2025-05-03T03:00:48,2025-05-02T18:07:27
T000308,C001621,O0009957,E0051,2025-12-05 19:54:00,Warranty Claim,Medium,Resolved,90.08,2025-12-09T13:58:48,2025-12-05T21:53:58
T000309,C001552,O0008897,E0042,2025-11-29 11:24:00,Damaged Item,Low,Open,,,2025-11-29T14:36:35
T000310,C001548,O0013626,E0039,2025-02-26 12:10:00,Shipping Delay,Medium,Resolved,14.49,2025-02-27T02:39:24,2025-02-26T15:38:41
T000311,C000033,O0002928,E0046,2025-03-17 08:46:00,Warranty Claim,Low,Resolved,97.4,2025-03-21T10:10:00,2025-03-17T11:02:07
T000312,C002270,O0012188,E0051,2025-04-24 14:55:00,Warranty Claim,High,Escalated,90.2,2025-04-28T09:07:00,2025-04-24T18:53:50
T000313,C002387,O0007887,E0051,2025-07-31 04:00:00,Shipping Delay,Low,Resolved,77.55,2025-08-03T09:33:00,2025-07-31T06:43:06
T000314,C000734,O0004732,E0037,2025-04-23 23:27:00,Return Request,Medium,Resolved,28.73,2025-04-25T04:10:48,2025-04-24T00:35:46
T000315,C001973,O0006531,E0034,2025-04-09 00:29:00,Shipping Delay,Low,Pending Customer,30.48,2025-04-10T06:57:48,2025-04-09T04:24:10
T000316,C000096,O0014384,E0034,2025-07-15 05:28:00,Product Sizing,Medium,Resolved,9.1,2025-07-15T14:34:00,2025-07-15T08:33:52
T000317,C001220,O0014996,E0056,2025-12-07 20:25:00,Warranty Claim,Low,Escalated,105.94,2025-12-12T06:21:24,2025-12-08T00:10:05
T000318,C001859,O0001980,E0024,2025-03-23 23:39:00,Shipping Delay,Low,Resolved,17.72,2025-03-24T17:22:12,2025-03-24T02:19:19
T000319,C000156,O0008604,E0040,2025-11-03 17:20:00,Order Cancellation,Low,Resolved,4.01,2025-11-03T21:20:36,2025-11-03T19:51:29
T000320,C000033,O0011763,E0048,2025-09-23 21:40:00,Shipping Delay,Medium,Resolved,46.34,2025-09-25T20:00:24,2025-09-24T01:33:01
T000321,C000089,O0012242,E0037,2025-02-22 16:36:00,Shipping Delay,Medium,Resolved,17.79,2025-02-23T10:23:24,2025-02-22T18:24:47
T000322,C001207,O0012449,E0036,2025-08-05 12:53:00,Bulk Order Quote,Urgent,Resolved,72.88,2025-08-08T13:45:48,2025-08-05T13:31:39
T000323,C002430,O0012433,E0039,2025-03-30 07:33:00,Damaged Item,High,Resolved,56.26,2025-04-01T15:48:36,2025-03-30T11:32:40
T000324,C000813,O0008581,E0036,2025-07-05 18:55:00,Shipping Delay,Medium,Pending Customer,23.22,2025-07-06T18:08:12,2025-07-05T20:59:11
T000325,C000375,O0011896,E0006,2026-01-20 22:49:00,Return Request,Low,Pending Customer,17.56,2026-01-21T16:22:36,2026-01-21T02:27:02
T000326,C000330,O0001035,E0006,2026-01-07 07:41:00,Shipping Delay,High,Resolved,11.98,2026-01-07T19:39:48,2026-01-07T11:28:12
T000327,C001797,O0011512,E0039,2025-03-07 15:32:00,Return Request,Low,Resolved,47.83,2025-03-09T15:21:48,2025-03-07T19:02:23
T000328,C001284,O0012411,E0043,2025-01-22 02:32:00,Return Request,Urgent,Escalated,16.68,2025-01-22T19:12:48,2025-01-22T03:52:15
T000329,C000892,O0014547,E0024,2025-07-19 16:16:00,Product Sizing,Medium,Resolved,12.03,2025-07-20T04:17:48,2025-07-19T19:24:46
T000330,C002487,O0009267,E0014,2025-09-21 11:08:00,Damaged Item,Medium,Resolved,12.48,2025-09-21T23:36:48,2025-09-21T13:20:54
T000331,C001239,O0010581,E0043,2025-10-03 01:30:00,Warranty Claim,Medium,Resolved,79.11,2025-10-06T08:36:36,2025-10-03T04:31:50
T000332,C001115,O0011755,E0026,2025-03-14 23:45:00,Account Question,Medium,Resolved,4.78,2025-03-15T04:31:48,2025-03-15T01:54:52
T000333,C000786,O0011724,E0051,2025-05-05 17:08:00,Return Request,Medium,Pending Customer,64.25,2025-05-08T09:23:00,2025-05-05T21:02:12
T000334,C001194,O0000277,E0028,2025-05-06 02:55:00,Shipping Delay,Medium,Resolved,24.44,2025-05-07T03:21:24,2025-05-06T03:53:46
T000335,C000855,O0006704,E0003,2026-01-12 09:10:00,Product Sizing,High,Resolved,3.9,2026-01-12T13:04:00,2026-01-12T12:24:41
T000336,C001199,O0011390,E0006,2025-09-10 09:40:00,Return Request,Medium,Resolved,30.15,2025-09-11T15:49:00,2025-09-10T12:00:14
T000337,C002026,O0002839,E0051,2025-03-01 20:27:00,Shipping Delay,Medium,Escalated,298.63,2025-03-14T07:04:48,2025-03-01T23:32:08
T000338,C001492,O0002617,E0034,2025-09-21 21:15:00,Return Request,Low,Resolved,15.32,2025-09-22T12:34:12,2025-09-21T21:45:48
T000339,C000097,O0000394,E0042,2025-10-07 06:52:00,Product Sizing,Urgent,Resolved,14.29,2025-10-07T21:09:24,2025-10-07T09:16:18
T000340,C000257,O0006997,E0054,2025-02-20 04:44:00,Order Cancellation,Urgent,Pending Customer,4.81,2025-02-20T09:32:36,2025-02-20T08:07:15
T000341,C001778,O0003283,E0043,2025-05-01 00:58:00,Return Request,Low,Resolved,33.45,2025-05-02T10:25:00,2025-05-01T02:13:27
T000342,C002519,O0000778,E0039,2025-12-04 22:48:00,Return Request,Low,Resolved,24.48,2025-12-05T23:16:48,2025-12-05T00:19:36
T000343,C002032,O0012197,E0014,2025-09-02 09:21:00,Damaged Item,Low,Resolved,45.04,2025-09-04T06:23:24,2025-09-02T13:10:33
T000344,C001362,O0014719,E0036,2026-01-01 05:47:00,Return Request,Low,Resolved,19.11,2026-01-02T00:53:36,2026-01-01T06:44:56
T000345,C000923,O0002234,E0019,2025-01-19 18:43:00,Return Request,Medium,Resolved,17.29,2025-01-20T12:00:24,2025-01-19T21:42:40
T000346,C001575,O0003486,E0035,2025-04-19 03:27:00,Damaged Item,Medium,Resolved,37.5,2025-04-20T16:57:00,2025-04-19T05:36:08
T000347,C000891,O0009072,E0003,2025-02-16 16:06:00,Shipping Delay,Medium,Resolved,25.64,2025-02-17T17:44:24,2025-02-16T16:40:40
T000348,C001673,O0014785,E0046,2025-05-18 07:09:00,Shipping Delay,Medium,Resolved,17.31,2025-05-19T00:27:36,2025-05-18T08:26:33
T000349,C000907,O0005348,E0059,2025-12-14 04:47:00,Return Request,Medium,Escalated,32.59,2025-12-15T13:22:24,2025-12-14T05:39:55
T000350,C000168,O0000019,E0004,2025-03-22 01:50:00,Damaged Item,Medium,Resolved,57.41,2025-03-24T11:14:36,2025-03-22T04:40:00
T000351,C001964,O0012287,E0036,2025-05-06 06:36:00,Shipping Delay,Low,Open,,,2025-05-06T07:22:49
T000352,C001158,O0001582,E0028,2025-03-22 12:04:00,Warranty Claim,Medium,Resolved,83.12,2025-03-25T23:11:12,2025-03-22T12:43:55
T000353,C000744,O0014716,E0057,2025-02-11 15:04:00,Shipping Delay,Low,Pending Customer,36.29,2025-02-13T03:21:24,2025-02-11T15:34:56
T000354,C001232,O0003042,E0001,2025-09-10 05:45:00,Return Request,High,Resolved,91.29,2025-09-14T01:02:24,2025-09-10T06:17:47
T000355,C001297,O0013837,E0039,2025-05-05 08:31:00,Return Request,High,Resolved,89.86,2025-05-09T02:22:36,2025-05-05T10:40:24
T000356,C001273,O0001509,E0036,2025-04-14 10:12:00,Return Request,Low,Resolved,26.36,2025-04-15T12:33:36,2025-04-14T13:14:23
T000357,C000035,O0014182,E0051,2025-07-03 18:44:00,Shipping Delay,Low,Pending Customer,30.81,2025-07-05T01:32:36,2025-07-03T21:34:31
T000358,C001576,O0009493,E0046,2025-09-06 20:41:00,Return Request,High,Resolved,142.42,2025-09-12T19:06:12,2025-09-06T21:54:55
T000359,C000513,O0007497,E0039,2025-07-05 09:57:00,Return Request,High,Resolved,36.66,2025-07-06T22:36:36,2025-07-05T12:17:25
T000360,C002511,O0000082,E0026,2025-12-15 09:35:00,Return Request,High,Pending Customer,31.61,2025-12-16T17:11:36,2025-12-15T10:34:51
T000361,C002236,O0005208,E0040,2026-01-04 02:15:00,Warranty Claim,High,Resolved,81.54,2026-01-07T11:47:24,2026-01-04T05:36:41
T000362,C001134,O0008903,E0006,2025-03-26 02:34:00,Warranty Claim,Low,Resolved,83.37,2025-03-29T13:56:12,2025-03-26T04:13:10
T000363,C001190,O0000365,E0042,2025-09-10 13:44:00,Shipping Delay,High,Pending Customer,24.38,2025-09-11T14:06:48,2025-09-10T14:16:59
T000364,C001374,O0001384,E0043,2025-11-25 05:38:00,Shipping Delay,Urgent,Resolved,41.92,2025-11-26T23:33:12,2025-11-25T08:39:01
T000365,C001873,O0007166,E0034,2025-08-03 07:36:00,Damaged Item,Medium,Resolved,41.85,2025-08-05T01:27:00,2025-08-03T10:49:08
T000366,C001495,O0003426,E0048,2025-09-21 19:51:00,Bulk Order Quote,Medium,Pending Customer,58.3,2025-09-24T06:09:00,2025-09-21T23:36:40
T000367,C000826,O0008381,E0006,2025-05-05 21:07:00,Shipping Delay,Medium,Resolved,20.85,2025-05-06T17:58:00,2025-05-05T23:00:34
T000368,C002116,O0005831,E0057,2025-12-31 09:10:00,Shipping Delay,High,Resolved,51.32,2026-01-02T12:29:12,2025-12-31T10:23:48
T000369,C002573,O0000680,E0054,2025-12-23 19:02:00,Shipping Delay,Medium,Resolved,18.23,2025-12-24T13:15:48,2025-12-23T22:19:10
T000370,C001430,O0000999,E0006,2025-12-26 02:19:00,Return Request,Medium,Resolved,56.27,2025-12-28T10:35:12,2025-12-26T02:56:08
T000371,C000436,O0014332,E0057,2025-09-20 04:22:00,Damaged Item,High,Pending Customer,77.87,2025-09-23T10:14:12,2025-09-20T07:21:05
T000372,C001239,O0008362,E0051,2025-04-17 06:46:00,Shipping Delay,Medium,Escalated,21.94,2025-04-18T04:42:24,2025-04-17T08:22:08
T000373,C000421,O0003998,E0039,2025-02-18 21:03:00,Shipping Delay,Medium,Pending Customer,20.59,2025-02-19T17:38:24,2025-02-19T00:10:54
T000374,C000462,O0005571,E0042,2025-03-31 22:37:00,Shipping Delay,Low,Resolved,11.21,2025-04-01T09:49:36,2025-03-31T23:33:13
T000375,C001361,O0008740,E0051,2025-03-15 16:08:00,Damaged Item,Low,Resolved,85.62,2025-03-19T05:45:12,2025-03-15T16:55:59
T000376,C001797,O0011136,E0035,2025-03-05 00:17:00,Damaged Item,Low,Pending Customer,95.9,2025-03-09T00:11:00,2025-03-05T03:40:05
T000377,C001485,O0008534,E0040,2025-09-20 09:57:00,Warranty Claim,Low,Resolved,135.74,2025-09-26T01:41:24,2025-09-20T11:28:28
T000378,C002422,O0000792,E0043,2025-08-13 22:01:00,Account Question,Low,Resolved,9.58,2025-08-14T07:35:48,2025-08-14T00:37:43
T000379,C002200,O0001483,E0046,2025-03-07 23:56:00,Return Request,Low,Resolved,190.68,2025-03-15T22:36:48,2025-03-08T01:15:43
T000380,C001339,O0002744,E0040,2025-02-23 20:55:00,Order Cancellation,Low,Resolved,5.21,2025-02-24T02:07:36,2025-02-23T22:28:07
T000381,C001006,O0003028,E0059,2025-11-24 02:24:00,Product Sizing,Low,Open,,,2025-11-24T05:10:33
T000382,C002591,O0000118,E0060,2025-07-02 18:16:00,Damaged Item,Low,Resolved,101.83,2025-07-07T00:05:48,2025-07-02T20:34:08
T000383,C000310,O0013204,E0001,2025-08-09 04:22:00,Warranty Claim,Medium,Resolved,175.92,2025-08-16T12:17:12,2025-08-09T05:08:45
T000384,C000182,O0001866,E0026,2025-06-12 15:19:00,Product Sizing,Medium,Resolved,5.7,2025-06-12T21:01:00,2025-06-12T17:37:45
T000385,C000714,O0000001,E0007,2025-05-01 23:32:00,Order Cancellation,Low,Resolved,3.88,2025-05-02T03:24:48,2025-05-02T02:41:06
T000386,C002303,O0011852,E0014,2025-05-04 00:32:00,Product Sizing,Medium,Resolved,6.65,2025-05-04T07:11:00,2025-05-04T04:13:53
T000387,C001335,O0006230,E0039,2025-10-06 00:36:00,Shipping Delay,Low,Resolved,21.56,2025-10-06T22:09:36,2025-10-06T04:15:17
T000388,C001097,O0012415,E0026,2026-01-09 21:26:00,Warranty Claim,Low,Resolved,39.83,2026-01-11T13:15:48,2026-01-09T23:02:26
T000389,C000680,O0005946,E0018,2025-07-29 10:03:00,Order Cancellation,Medium,Escalated,3.16,2025-07-29T13:12:36,2025-07-29T12:17:41
T000390,C001576,O0013928,E0039,2026-01-16 08:55:00,Bulk Order Quote,Medium,Resolved,87.01,2026-01-19T23:55:36,2026-01-16T12:43:08
T000391,C002477,O0005582,E0019,2025-06-07 05:37:00,Bulk Order Quote,Medium,Pending Customer,233.74,2025-06-16T23:21:24,2025-06-07T09:22:49
T000392,C000379,O0012505,E0024,2025-07-02 23:06:00,Return Request,Medium,Resolved,32.88,2025-07-04T07:58:48,2025-07-03T00:56:55
T000393,C000931,O0007883,E0048,2025-05-03 04:19:00,Order Cancellation,Medium,Resolved,5.6,2025-05-03T09:55:00,2025-05-03T05:14:25
T000394,C000709,O0001639,E0003,2025-03-28 16:37:00,Account Question,Low,Open,,,2025-03-28T17:25:54
T000395,C000305,O0010823,E0041,2025-09-20 00:48:00,Warranty Claim,Medium,Resolved,59.58,2025-09-22T12:22:48,2025-09-20T02:04:14
T000396,C002102,O0013347,E0034,2025-11-19 14:07:00,Damaged Item,Low,Resolved,41.76,2025-11-21T07:52:36,2025-11-19T16:18:21
T000397,C002414,O0006995,E0035,2025-05-24 08:00:00,Shipping Delay,Urgent,Resolved,24.29,2025-05-25T08:17:24,2025-05-24T10:35:06
T000398,C002151,O0004193,E0019,2025-05-29 01:28:00,Order Cancellation,Medium,Resolved,7.28,2025-05-29T08:44:48,2025-05-29T02:29:08
T000399,C001816,O0012320,E0001,2025-06-27 09:14:00,Product Sizing,Low,Escalated,3.37,2025-06-27T12:36:12,2025-06-27T10:10:03
T000400,C002252,O0003531,E0048,2025-07-14 01:45:00,Shipping Delay,Low,Resolved,41.64,2025-07-15T19:23:24,2025-07-14T05:13:33
T000401,C001705,O0002315,E0003,2025-03-04 18:56:00,Bulk Order Quote,Medium,Resolved,76.13,2025-03-07T23:03:48,2025-03-04T20:54:18
T000402,C001102,O0008386,E0051,2025-04-04 03:56:00,Order Cancellation,Medium,Resolved,1.92,2025-04-04T05:51:12,2025-04-04T06:12:48
T000403,C000779,O0014005,E0034,2025-10-25 23:02:00,Shipping Delay,Low,Resolved,17.29,2025-10-26T16:19:24,2025-10-26T00:17:09
T000404,C000228,O0003360,E0039,2025-02-08 18:40:00,Shipping Delay,Low,Resolved,11.55,2025-02-09T06:13:00,2025-02-08T22:23:13
T000405,C002038,O0011129,E0059,2025-11-10 00:58:00,Shipping Delay,Medium,Escalated,18.4,2025-11-10T19:22:00,2025-11-10T04:11:13
T000406,C001082,O0010096,E0057,2025-11-04 14:23:00,Return Request,Low,Open,,,2025-11-04T15:07:58
T000407,C000983,O0014740,E0036,2025-11-15 21:27:00,Shipping Delay,Low,Resolved,32.35,2025-11-17T05:48:00,2025-11-16T00:47:05
T000408,C001325,O0009519,E0039,2025-12-15 07:22:00,Product Sizing,Low,Pending Customer,12.65,2025-12-15T20:01:00,2025-12-15T08:01:01
T000409,C000997,O0001696,E0043,2025-10-18 21:07:00,Bulk Order Quote,Medium,Resolved,49.44,2025-10-20T22:33:24,2025-10-19T00:39:36
T000410,C000125,O0000474,E0057,2025-05-16 11:00:00,Damaged Item,Low,Pending Customer,16.76,2025-05-17T03:45:36,2025-05-16T12:31:31
T000411,C001205,O0007468,E0048,2025-04-21 23:39:00,Return Request,Medium,Resolved,20.53,2025-04-22T20:10:48,2025-04-22T01:22:36
T000412,C002532,O0013535,E0008,2025-02-03 06:54:00,Account Question,Medium,Resolved,6.6,2025-02-03T13:30:00,2025-02-03T08:04:59
T000413,C002210,O0008765,E0026,2025-02-22 16:22:00,Shipping Delay,High,Resolved,15.24,2025-02-23T07:36:24,2025-02-22T19:51:38
T000414,C000883,O0003223,E0042,2025-04-07 11:02:00,Return Request,Low,Escalated,47.15,2025-04-09T10:11:00,2025-04-07T14:55:33
T000415,C000923,O0002065,E0058,2025-07-03 08:15:00,Account Question,Low,Resolved,4.66,2025-07-03T12:54:36,2025-07-03T09:24:19
T000416,C000304,O0005911,E0024,2025-04-06 12:30:00,Warranty Claim,Low,Resolved,310.03,2025-04-19T10:31:48,2025-04-06T13:45:27
T000417,C000474,O0000726,E0014,2025-03-11 13:56:00,Damaged Item,Low,Resolved,92.82,2025-03-15T10:45:12,2025-03-11T16:44:40
T000418,C001512,O0008896,E0039,2025-12-11 13:35:00,Return Request,Low,Resolved,23.92,2025-12-12T13:30:12,2025-12-11T16:11:39
T000419,C000773,O0009201,E0041,2025-09-02 02:17:00,Damaged Item,High,Resolved,40.18,2025-09-03T18:27:48,2025-09-02T03:12:07
T000420,C000235,O0001392,E0039,2025-06-27 16:25:00,Return Request,Low,Resolved,42.41,2025-06-29T10:49:36,2025-06-27T18:58:08
T000421,C001477,O0000630,E0048,2025-07-25 21:37:00,Shipping Delay,Medium,Resolved,54.97,2025-07-28T04:35:12,2025-07-26T00:36:28
T000422,C001232,O0006189,E0042,2025-06-04 12:46:00,Warranty Claim,High,Resolved,30.17,2025-06-05T18:56:12,2025-06-04T15:58:12
T000423,C001761,O0000114,E0042,2025-12-14 22:30:00,Account Question,Low,Resolved,4.75,2025-12-15T03:15:00,2025-12-15T01:34:03
T000424,C001636,O0011589,E0001,2025-06-25 13:05:00,Shipping Delay,Medium,Resolved,12.75,2025-06-26T01:50:00,2025-06-25T14:49:35
T000425,C001892,O0000021,E0014,2025-03-27 23:43:00,Bulk Order Quote,Low,Resolved,74.74,2025-03-31T02:27:24,2025-03-28T01:17:49
T000426,C000012,O0012779,E0051,2025-03-17 16:45:00,Order Cancellation,Low,Pending Customer,5.06,2025-03-17T21:48:36,2025-03-17T18:05:57
T000427,C002399,O0006058,E0046,2025-04-07 19:04:00,Return Request,Medium,Open,,,2025-04-07T22:04:48
T000428,C001723,O0010663,E0045,2025-06-06 00:51:00,Product Sizing,Low,Resolved,26.51,2025-06-07T03:21:36,2025-06-06T04:12:41
T000429,C001208,O0012248,E0018,2025-10-08 19:42:00,Return Request,Medium,Escalated,13.04,2025-10-09T08:44:24,2025-10-08T22:20:31
T000430,C002320,O0010367,E0024,2025-05-25 11:15:00,Account Question,Medium,Resolved,14.05,2025-05-26T01:18:00,2025-05-25T12:53:34
T000431,C000318,O0000284,E0006,2025-12-21 12:35:00,Bulk Order Quote,Low,Escalated,52.86,2025-12-23T17:26:36,2025-12-21T14:00:21
T000432,C002328,O0013956,E0057,2025-05-08 21:41:00,Order Cancellation,Low,Resolved,0.81,2025-05-08T22:29:36,2025-05-09T00:06:23
T000433,C000039,O0003904,E0039,2025-06-23 01:05:00,Bulk Order Quote,Low,Resolved,85.02,2025-06-26T14:06:12,2025-06-23T03:06:15
T000434,C002233,O0002362,E0018,2025-05-24 12:18:00,Return Request,Medium,Pending Customer,33.01,2025-05-25T21:18:36,2025-05-24T14:03:14
T000435,C000333,O0014726,E0006,2025-10-10 19:33:00,Shipping Delay,Low,Resolved,11.9,2025-10-11T07:27:00,2025-10-10T20:34:01
T000436,C002358,O0010986,E0054,2025-08-11 12:24:00,Return Request,Low,Resolved,23.86,2025-08-12T12:15:36,2025-08-11T15:47:57
T000437,C001552,O0013597,E0051,2025-11-15 06:04:00,Product Sizing,Medium,Resolved,5.89,2025-11-15T11:57:24,2025-11-15T08:33:59
T000438,C000142,O0007709,E0014,2025-04-05 13:32:00,Product Sizing,Medium,Resolved,10.31,2025-04-05T23:50:36,2025-04-05T14:10:57
T000439,C001831,O0001341,E0030,2025-09-11 17:29:00,Product Sizing,Low,Open,,,2025-09-11T21:20:41
T000440,C000644,O0005333,E0019,2025-02-13 09:36:00,Return Request,Low,Escalated,20.53,2025-02-14T06:07:48,2025-02-13T11:49:38
T000441,C002577,O0009760,E0042,2025-08-23 11:09:00,Product Sizing,Low,Resolved,5.09,2025-08-23T16:14:24,2025-08-23T13:41:38
T000442,C000652,O0014246,E0051,2025-01-21 22:20:00,Return Request,Medium,Escalated,76.38,2025-01-25T02:42:48,2025-01-22T00:48:25
T000443,C001059,O0004628,E0036,2025-03-25 16:50:00,Shipping Delay,Low,Resolved,10.71,2025-03-26T03:32:36,2025-03-25T19:00:47
T000444,C001938,O0002811,E0019,2025-02-03 11:37:00,Product Sizing,Medium,Resolved,4.38,2025-02-03T15:59:48,2025-02-03T14:36:12
T000445,C000494,O0005236,E0035,2025-07-19 20:42:00,Order Cancellation,Low,Resolved,1.75,2025-07-19T22:27:00,2025-07-19T22:59:14
T000446,C002564,O0011161,E0014,2025-02-03 23:59:00,Return Request,Low,Resolved,59.55,2025-02-06T11:32:00,2025-02-04T01:05:47
T000447,C001125,O0009715,E0036,2025-12-10 16:31:00,Warranty Claim,Medium,Resolved,47.67,2025-12-12T16:11:12,2025-12-10T17:07:08
T000448,C001455,O0007281,E0014,2025-10-06 17:58:00,Shipping Delay,Medium,Resolved,61.51,2025-10-09T07:28:36,2025-10-06T18:46:53
T000449,C000206,O0007656,E0020,2026-01-07 08:31:00,Return Request,Medium,Resolved,24.84,2026-01-08T09:21:24,2026-01-07T10:24:36
T000450,C002278,O0001111,E0024,2025-08-01 19:08:00,Shipping Delay,Medium,Resolved,14.99,2025-08-02T10:07:24,2025-08-01T21:24:25
T000451,C001307,O0010230,E0057,2025-04-08 08:47:00,Damaged Item,Medium,Pending Customer,54.87,2025-04-10T15:39:12,2025-04-08T11:52:39
T000452,C001541,O0010507,E0006,2025-07-01 16:10:00,Product Sizing,Medium,Resolved,28.36,2025-07-02T20:31:36,2025-07-01T18:32:38
T000453,C000276,O0009405,E0042,2025-07-02 18:19:00,Shipping Delay,Low,Resolved,15.65,2025-07-03T09:58:00,2025-07-02T21:24:57
T000454,C000194,O0012854,E0060,2025-06-28 17:39:00,Shipping Delay,Medium,Pending Customer,9.85,2025-06-29T03:30:00,2025-06-28T20:34:09
T000455,C002054,O0008779,E0039,2025-03-12 05:05:00,Warranty Claim,Low,Pending Customer,107.48,2025-03-16T16:33:48,2025-03-12T06:44:29
T000456,C002283,O0014186,E0026,2025-08-12 15:27:00,Damaged Item,Low,Resolved,71.9,2025-08-15T15:21:00,2025-08-12T17:15:39
T000457,C002138,O0011021,E0036,2025-10-29 00:53:00,Damaged Item,Low,Pending Customer,17.56,2025-10-29T18:26:36,2025-10-29T03:53:10
T000458,C000929,O0009784,E0060,2025-04-21 04:43:00,Warranty Claim,Low,Resolved,403.67,2025-05-08T00:23:12,2025-04-21T07:06:27
T000459,C001871,O0008791,E0036,2025-09-12 03:53:00,Warranty Claim,Medium,Resolved,89.47,2025-09-15T21:21:12,2025-09-12T07:14:09
T000460,C000834,O0011967,E0060,2025-12-21 08:47:00,Account Question,Medium,Resolved,10.57,2025-12-21T19:21:12,2025-12-21T10:00:06
T000461,C001328,O0013606,E0035,2025-07-31 02:24:00,Return Request,Medium,Pending Customer,45.42,2025-08-01T23:49:12,2025-07-31T03:23:44
T000462,C002183,O0002516,E0014,2025-03-30 22:46:00,Warranty Claim,Low,Resolved,109.61,2025-04-04T12:22:36,2025-03-30T23:39:33
T000463,C002576,O0010649,E0043,2026-01-11 09:21:00,Warranty Claim,Medium,Resolved,76.07,2026-01-14T13:25:12,2026-01-11T12:30:29
T000464,C001177,O0008945,E0039,2025-12-20 14:05:00,Return Request,Medium,Resolved,91.17,2025-12-24T09:15:12,2025-12-20T17:44:11
T000465,C001895,O0010821,E0039,2025-04-12 17:52:00,Product Sizing,Urgent,Resolved,17.59,2025-04-13T11:27:24,2025-04-12T19:00:57
T000466,C001267,O0000622,E0036,2025-05-02 07:09:00,Product Sizing,Low,Escalated,5.58,2025-05-02T12:43:48,2025-05-02T08:40:11
T000467,C000274,O0002509,E0043,2025-10-28 23:31:00,Order Cancellation,Low,Resolved,21.25,2025-10-29T20:46:00,2025-10-29T00:35:46
T000468,C000718,O0010194,E0040,2025-07-07 07:57:00,Product Sizing,Medium,Pending Customer,14.36,2025-07-07T22:18:36,2025-07-07T10:10:29
T000469,C001276,O0010990,E0006,2026-01-25 20:57:00,Warranty Claim,High,Open,,,2026-01-25T23:29:44
T000470,C001783,O0003115,E0060,2025-09-01 08:17:00,Account Question,Low,Open,,,2025-09-01T10:25:54
T000471,C001815,O0007850,E0008,2025-02-26 08:25:00,Account Question,Medium,Resolved,7.2,2025-02-26T15:37:00,2025-02-26T10:34:39
T000472,C001108,O0014790,E0043,2025-04-26 17:43:00,Return Request,Low,Resolved,30.1,2025-04-27T23:49:00,2025-04-26T19:32:42
T000473,C001416,O0007588,E0036,2025-05-23 23:39:00,Return Request,High,Resolved,39.02,2025-05-25T14:40:12,2025-05-24T03:13:17
T000474,C002141,O0000024,E0051,2025-03-02 02:21:00,Product Sizing,Medium,Resolved,8.97,2025-03-02T11:19:12,2025-03-02T04:45:27
T000475,C002389,O0011845,E0060,2025-10-29 20:03:00,Bulk Order Quote,Medium,Resolved,115.82,2025-11-03T15:52:12,2025-10-29T21:10:27
T000476,C001157,O0013004,E0054,2025-04-27 00:12:00,Product Sizing,Low,Resolved,7.01,2025-04-27T07:12:36,2025-04-27T01:29:50
T000477,C000634,O0005445,E0024,2025-05-11 14:29:00,Shipping Delay,Medium,Resolved,40.12,2025-05-13T06:36:12,2025-05-11T18:04:54
T000478,C002547,O0007453,E0053,2025-06-11 07:38:00,Order Cancellation,Low,Resolved,3.78,2025-06-11T11:24:48,2025-06-11T08:18:42
T000479,C000670,O0012687,E0036,2025-09-01 12:37:00,Order Cancellation,Medium,Resolved,5.21,2025-09-01T17:49:36,2025-09-01T14:12:09
T000480,C000412,O0009983,E0058,2025-11-15 01:02:00,Warranty Claim,Low,Resolved,57.75,2025-11-17T10:47:00,2025-11-15T03:14:11
T000481,C000835,O0006553,E0036,2025-08-31 18:40:00,Damaged Item,High,Resolved,51.37,2025-09-02T22:02:12,2025-08-31T20:30:04
T000482,C001449,O0011164,E0042,2025-02-03 16:30:00,Account Question,Low,Resolved,3.38,2025-02-03T19:52:48,2025-02-03T20:07:55
T000483,C002374,O0007130,E0006,2025-05-29 14:32:00,Order Cancellation,Medium,Pending Customer,3.21,2025-05-29T17:44:36,2025-05-29T15:40:54
T000484,C001312,O0013683,E0051,2025-12-28 18:13:00,Product Sizing,Low,Resolved,10.34,2025-12-29T04:33:24,2025-12-28T20:48:54
T000485,C000932,O0004049,E0014,2025-10-06 13:43:00,Shipping Delay,Low,Resolved,27.25,2025-10-07T16:58:00,2025-10-06T14:50:42
T000486,C002359,O0009252,E0024,2025-08-11 20:14:00,Account Question,Medium,Resolved,10.37,2025-08-12T06:36:12,2025-08-12T00:05:12
T000487,C001045,O0011841,E0048,2025-10-05 04:01:00,Account Question,Medium,Resolved,4.29,2025-10-05T08:18:24,2025-10-05T05:41:22
T000488,C000323,O0005775,E0040,2025-09-04 08:35:00,Shipping Delay,Medium,Resolved,18.07,2025-09-05T02:39:12,2025-09-04T09:50:06
T000489,C000370,O0013284,E0040,2025-11-24 00:30:00,Bulk Order Quote,Low,Resolved,111.02,2025-11-28T15:31:12,2025-11-24T03:46:17
T000490,C001231,O0006643,E0042,2025-11-12 08:20:00,Return Request,Low,Resolved,20.99,2025-11-13T05:19:24,2025-11-12T09:42:00
T000491,C000959,O0006463,E0043,2025-02-28 02:26:00,Shipping Delay,Low,Resolved,56.75,2025-03-02T11:11:00,2025-02-28T04:59:27
T000492,C002003,O0004905,E0014,2025-08-22 11:59:00,Account Question,High,Resolved,5.47,2025-08-22T17:27:12,2025-08-22T15:47:35
T000493,C001598,O0011874,E0060,2025-01-19 10:51:00,Product Sizing,High,Resolved,7.46,2025-01-19T18:18:36,2025-01-19T12:50:07
T000494,C002493,O0013273,E0042,2025-06-18 22:51:00,Bulk Order Quote,Medium,Resolved,47.55,2025-06-20T22:24:00,2025-06-19T00:12:48
T000495,C000775,O0000547,E0019,2025-03-14 08:40:00,Account Question,High,Resolved,21.2,2025-03-15T05:52:00,2025-03-14T12:12:18
T000496,C001587,O0008700,E0014,2025-10-19 17:52:00,Warranty Claim,Medium,Resolved,73.2,2025-10-22T19:04:00,2025-10-19T18:35:13
T000497,C001267,O0014570,E0024,2025-10-29 07:56:00,Account Question,Low,Resolved,4.16,2025-10-29T12:05:36,2025-10-29T08:31:13
T000498,C000406,O0004015,E0060,2025-01-19 03:30:00,Order Cancellation,High,Pending Customer,5.14,2025-01-19T08:38:24,2025-01-19T05:27:31
T000499,C000738,O0007136,E0048,2025-05-02 20:25:00,Shipping Delay,Low,Pending Customer,47.92,2025-05-04T20:20:12,2025-05-02T22:26:28
T000500,C001993,O0013202,E0034,2025-05-22 22:16:00,Damaged Item,High,Resolved,77.05,2025-05-26T03:19:00,2025-05-22T22:51:25
T000501,C000275,O0007445,E0028,2025-12-08 16:06:00,Warranty Claim,Low,Escalated,178.56,2025-12-16T02:39:36,2025-12-08T19:01:27
T000502,C001834,O0004822,E0006,2026-01-10 12:40:00,Damaged Item,Medium,Pending Customer,49.76,2026-01-12T14:25:36,2026-01-10T16:29:56
T000503,C002431,O0003215,E0057,2025-10-27 09:07:00,Product Sizing,Medium,Pending Customer,24.08,2025-10-28T09:11:48,2025-10-27T10:48:41
T000504,C002503,O0005336,E0003,2026-01-18 00:52:00,Warranty Claim,Low,Escalated,115.11,2026-01-22T19:58:36,2026-01-18T03:57:47
T000505,C001870,O0000043,E0042,2026-01-02 06:48:00,Bulk Order Quote,Low,Pending Customer,50.93,2026-01-04T09:43:48,2026-01-02T09:51:39
T000506,C000319,O0006233,E0045,2025-08-02 18:35:00,Return Request,High,Resolved,55.41,2025-08-05T01:59:36,2025-08-02T19:23:04
T000507,C001559,O0001228,E0053,2025-06-18 01:26:00,Shipping Delay,Urgent,Resolved,23.6,2025-06-19T01:02:00,2025-06-18T02:11:59
T000508,C000086,O0002880,E0046,2025-07-13 01:44:00,Order Cancellation,Low,Escalated,7.08,2025-07-13T08:48:48,2025-07-13T04:54:39
T000509,C001287,O0010435,E0024,2025-10-05 02:58:00,Return Request,Low,Resolved,39.16,2025-10-06T18:07:36,2025-10-05T06:41:26
T000510,C000031,O0009002,E0039,2025-06-17 17:52:00,Warranty Claim,High,Resolved,267.24,2025-06-28T21:06:24,2025-06-17T20:33:49
T000511,C002018,O0009529,E0036,2025-05-23 07:18:00,Return Request,Low,Resolved,70.12,2025-05-26T05:25:12,2025-05-23T08:00:04
T000512,C002169,O0000970,E0040,2025-06-01 08:22:00,Account Question,Low,Resolved,19.15,2025-06-02T03:31:00,2025-06-01T11:10:10
T000513,C000614,O0013457,E0036,2025-09-25 00:29:00,Return Request,Medium,Resolved,55.93,2025-09-27T08:24:48,2025-09-25T04:24:23
T000514,C000655,O0002364,E0057,2025-09-05 18:19:00,Account Question,Medium,Escalated,7.34,2025-09-06T01:39:24,2025-09-05T21:28:37
T000515,C002122,O0013097,E0006,2025-04-05 07:43:00,Product Sizing,Medium,Resolved,3.11,2025-04-05T10:49:36,2025-04-05T09:22:55
T000516,C000477,O0003110,E0048,2025-04-02 19:43:00,Bulk Order Quote,Low,Pending Customer,135.82,2025-04-08T11:32:12,2025-04-02T23:34:57
T000517,C002002,O0013499,E0006,2025-04-29 05:28:00,Shipping Delay,Low,Resolved,55.39,2025-05-01T12:51:24,2025-04-29T09:13:05
T000518,C001618,O0000613,E0019,2025-01-19 05:08:00,Damaged Item,Medium,Resolved,24.07,2025-01-20T05:12:12,2025-01-19T06:14:30
T000519,C000619,O0001999,E0046,2025-10-19 16:03:00,Return Request,Low,Pending Customer,11.24,2025-10-20T03:17:24,2025-10-19T17:26:43
T000520,C002498,O0005360,E0020,2025-12-14 23:34:00,Order Cancellation,Low,Resolved,1.81,2025-12-15T01:22:36,2025-12-15T02:39:41
T000521,C001821,O0011083,E0006,2025-07-01 08:18:00,Shipping Delay,Low,Pending Customer,24.8,2025-07-02T09:06:00,2025-07-01T09:45:27
T000522,C002396,O0006370,E0060,2025-03-19 00:55:00,Return Request,Low,Resolved,14.37,2025-03-19T15:17:12,2025-03-19T03:37:00
T000523,C000849,O0008492,E0008,2025-09-15 01:44:00,Bulk Order Quote,Low,Pending Customer,25.6,2025-09-16T03:20:00,2025-09-15T03:20:38
T000524,C001786,O0003226,E0006,2025-07-15 19:07:00,Shipping Delay,High,Resolved,13.78,2025-07-16T08:53:48,2025-07-15T19:38:36
T000525,C002215,O0008311,E0019,2025-05-20 10:49:00,Order Cancellation,Low,Resolved,3.3,2025-05-20T14:07:00,2025-05-20T12:39:13
T000526,C000668,O0001366,E0028,2025-03-20 12:38:00,Return Request,Medium,Resolved,8.85,2025-03-20T21:29:00,2025-03-20T15:32:48
T000527,C002416,O0012548,E0039,2025-07-20 04:06:00,Shipping Delay,Medium,Resolved,23.34,2025-07-21T03:26:24,2025-07-20T07:32:11
T000528,C002262,O0004824,E0042,2025-11-24 03:53:00,Warranty Claim,Low,Resolved,47.47,2025-11-26T03:21:12,2025-11-24T05:19:48
T000529,C000603,O0009768,E0046,2026-01-22 06:15:00,Product Sizing,Medium,Resolved,1.86,2026-01-22T08:06:36,2026-01-22T07:14:50
T000530,C001322,O0009009,E0048,2025-02-20 03:50:00,Damaged Item,High,Resolved,42.05,2025-02-21T21:53:00,2025-02-20T07:11:51
T000531,C000688,O0005022,E0046,2025-06-17 11:44:00,Product Sizing,Medium,Resolved,5.11,2025-06-17T16:50:36,2025-06-17T13:18:24
T000532,C001120,O0013137,E0018,2025-08-31 04:25:00,Return Request,Medium,Resolved,23.6,2025-09-01T04:01:00,2025-08-31T08:07:53
T000533,C002159,O0002637,E0003,2025-05-15 09:44:00,Order Cancellation,Low,Resolved,4.34,2025-05-15T14:04:24,2025-05-15T10:39:20
T000534,C002089,O0003261,E0034,2025-06-24 22:25:00,Product Sizing,Medium,Resolved,15.54,2025-06-25T13:57:24,2025-06-25T00:25:13
T000535,C001795,O0001110,E0060,2025-08-05 07:35:00,Shipping Delay,Low,Resolved,23.35,2025-08-06T06:56:00,2025-08-05T09:43:35
T000536,C001661,O0014724,E0039,2025-12-06 10:56:00,Return Request,Low,Resolved,48.46,2025-12-08T11:23:36,2025-12-06T13:37:47
T000537,C000345,O0009181,E0024,2025-10-04 05:16:00,Product Sizing,Low,Resolved,10.22,2025-10-04T15:29:12,2025-10-04T09:09:03
T000538,C000328,O0007151,E0017,2026-01-04 17:10:00,Damaged Item,Low,Pending Customer,136.44,2026-01-10T09:36:24,2026-01-04T18:28:51
T000539,C000887,O0012544,E0043,2025-11-16 12:12:00,Shipping Delay,Urgent,Resolved,23.79,2025-11-17T11:59:24,2025-11-16T13:46:27
T000540,C000148,O0005688,E0007,2025-11-16 19:54:00,Damaged Item,High,Resolved,36.87,2025-11-18T08:46:12,2025-11-16T20:50:50
T000541,C001127,O0004622,E0036,2025-03-04 21:51:00,Shipping Delay,Medium,Resolved,16.33,2025-03-05T14:10:48,2025-03-04T22:25:35
T000542,C001565,O0004473,E0060,2025-09-28 01:34:00,Damaged Item,Medium,Resolved,59.75,2025-09-30T13:19:00,2025-09-28T04:16:46
T000543,C000489,O0005234,E0006,2025-06-25 16:47:00,Product Sizing,Low,Pending Customer,2.9,2025-06-25T19:41:00,2025-06-25T20:34:27
T000544,C001980,O0010015,E0036,2025-11-02 17:59:00,Shipping Delay,Medium,Resolved,21.25,2025-11-03T15:14:00,2025-11-02T20:10:57
T000545,C001641,O0002014,E0034,2025-10-13 13:54:00,Order Cancellation,Medium,Resolved,9.11,2025-10-13T23:00:36,2025-10-13T15:33:44
T000546,C001753,O0009236,E0060,2025-05-09 22:18:00,Return Request,Low,Resolved,57.83,2025-05-12T08:07:48,2025-05-10T01:44:31
T000547,C001089,O0004416,E0006,2025-11-16 12:15:00,Account Question,Low,Pending Customer,7.29,2025-11-16T19:32:24,2025-11-16T15:18:49
T000548,C002299,O0001744,E0046,2025-04-29 20:56:00,Shipping Delay,High,Resolved,32.89,2025-05-01T05:49:24,2025-04-29T23:43:45
T000549,C000759,O0009255,E0026,2025-08-12 09:36:00,Bulk Order Quote,Low,Open,,,2025-08-12T12:17:30
T000550,C002405,O0013060,E0039,2025-10-08 14:09:00,Return Request,Low,Resolved,44.42,2025-10-10T10:34:12,2025-10-08T17:38:57
T000551,C001198,O0014074,E0046,2025-02-13 03:41:00,Shipping Delay,Medium,Pending Customer,27.24,2025-02-14T06:55:24,2025-02-13T04:46:33
T000552,C000417,O0014446,E0004,2025-05-11 00:06:00,Warranty Claim,Medium,Resolved,99.56,2025-05-15T03:39:36,2025-05-11T02:17:28
T000553,C002393,O0011999,E0037,2025-06-07 10:16:00,Warranty Claim,Low,Resolved,86.11,2025-06-11T00:22:36,2025-06-07T10:55:18
T000554,C001273,O0000156,E0007,2025-10-12 01:21:00,Shipping Delay,Medium,Pending Customer,5.59,2025-10-12T06:56:24,2025-10-12T02:37:15
T000555,C001233,O0003109,E0036,2025-09-23 07:10:00,Product Sizing,Medium,Resolved,4.05,2025-09-23T11:13:00,2025-09-23T09:56:59
T000556,C002164,O0011299,E0034,2025-01-20 16:02:00,Order Cancellation,High,Resolved,10.34,2025-01-21T02:22:24,2025-01-20T19:25:31
T000557,C001710,O0002164,E0022,2025-11-26 21:23:00,Bulk Order Quote,Medium,Escalated,121.18,2025-12-01T22:33:48,2025-11-26T22:55:20
T000558,C000284,O0003777,E0034,2025-09-23 08:01:00,Product Sizing,Low,Resolved,4.51,2025-09-23T12:31:36,2025-09-23T09:09:54
T000559,C001884,O0010778,E0057,2025-08-27 19:38:00,Return Request,High,Resolved,9.97,2025-08-28T05:36:12,2025-08-27T22:45:19
T000560,C002225,O0004791,E0039,2025-04-14 10:26:00,Return Request,Urgent,Resolved,150.09,2025-04-20T16:31:24,2025-04-14T11:23:50
T000561,C002358,O0005079,E0048,2025-05-10 13:05:00,Return Request,Low,Pending Customer,9.25,2025-05-10T22:20:00,2025-05-10T14:46:54
T000562,C001280,O0010415,E0046,2026-01-14 03:18:00,Product Sizing,Medium,Resolved,8.65,2026-01-14T11:57:00,2026-01-14T05:45:17
T000563,C000869,O0009409,E0037,2025-06-22 20:45:00,Product Sizing,Low,Escalated,10.84,2025-06-23T07:35:24,2025-06-23T00:43:40
T000564,C002598,O0005921,E0060,2025-08-07 22:40:00,Order Cancellation,Low,Resolved,7.05,2025-08-08T05:43:00,2025-08-08T00:57:23
T000565,C001923,O0012750,E0003,2025-06-06 14:54:00,Product Sizing,Medium,Resolved,11.21,2025-06-07T02:06:36,2025-06-06T18:41:16
T000566,C001985,O0010810,E0046,2025-06-15 23:38:00,Damaged Item,Low,Resolved,75.39,2025-06-19T03:01:24,2025-06-16T00:19:45
T000567,C000357,O0005794,E0048,2025-10-29 15:07:00,Bulk Order Quote,Low,Resolved,74.61,2025-11-01T17:43:36,2025-10-29T15:59:41
T000568,C001759,O0007344,E0043,2025-06-20 15:25:00,Shipping Delay,Low,Pending Customer,27.35,2025-06-21T18:46:00,2025-06-20T17:45:54
T000569,C000796,O0005948,E0009,2025-04-09 01:02:00,Order Cancellation,Low,Resolved,3.58,2025-04-09T04:36:48,2025-04-09T02:09:59
T000570,C000274,O0008256,E0048,2025-07-02 16:56:00,Bulk Order Quote,Medium,Open,,,2025-07-02T18:09:01
T000571,C001836,O0014647,E0040,2025-04-22 00:03:00,Return Request,Low,Resolved,15.82,2025-04-22T15:52:12,2025-04-22T03:57:46
T000572,C001854,O0007308,E0057,2025-07-06 08:50:00,Order Cancellation,Low,Pending Customer,6.32,2025-07-06T15:09:12,2025-07-06T10:12:05
T000573,C001131,O0013002,E0019,2025-03-18 21:28:00,Shipping Delay,Low,Resolved,26.49,2025-03-19T23:57:24,2025-03-19T00:00:15
T000574,C001607,O0011857,E0046,2025-06-09 23:20:00,Damaged Item,Medium,Pending Customer,27.58,2025-06-11T02:54:48,2025-06-10T02:28:58
T000575,C002308,O0003513,E0026,2026-01-03 19:52:00,Shipping Delay,Low,Escalated,57.32,2026-01-06T05:11:12,2026-01-03T21:56:00
T000576,C002390,O0000931,E0004,2025-11-19 10:11:00,Warranty Claim,Medium,Resolved,95.11,2025-11-23T09:17:36,2025-11-19T10:48:12
T000577,C001644,O0002645,E0019,2025-10-24 12:46:00,Product Sizing,Low,Resolved,2.37,2025-10-24T15:08:12,2025-10-24T15:27:21
T000578,C000811,O0002165,E0017,2025-09-10 23:00:00,Damaged Item,Medium,Resolved,42.72,2025-09-12T17:43:12,2025-09-11T01:55:05
T000579,C001899,O0009395,E0060,2025-07-06 00:11:00,Bulk Order Quote,Low,Resolved,76.84,2025-07-09T05:01:24,2025-07-06T03:43:34
T000580,C002348,O0011581,E0026,2025-09-30 05:51:00,Product Sizing,Medium,Resolved,7.88,2025-09-30T13:43:48,2025-09-30T08:10:28
T000581,C002453,O0012761,E0046,2025-10-15 16:09:00,Warranty Claim,Low,Resolved,91.27,2025-10-19T11:25:12,2025-10-15T18:40:44
T000582,C001523,O0009434,E0024,2025-11-23 05:03:00,Account Question,Medium,Escalated,6.59,2025-11-23T11:38:24,2025-11-23T06:19:27
T000583,C000652,O0003752,E0034,2025-11-11 07:16:00,Product Sizing,Medium,Resolved,6.77,2025-11-11T14:02:12,2025-11-11T09:57:29
T000584,C001706,O0009119,E0046,2025-09-25 02:55:00,Shipping Delay,Low,Open,,,2025-09-25T04:17:43
T000585,C000220,O0004400,E0006,2025-04-23 02:41:00,Shipping Delay,Low,Resolved,20.74,2025-04-23T23:25:24,2025-04-23T06:09:43
T000586,C002577,O0009760,E0051,2025-08-21 01:09:00,Order Cancellation,Low,Resolved,3.37,2025-08-21T04:31:12,2025-08-21T04:34:06
T000587,C001312,O0013683,E0041,2025-12-17 19:13:00,Shipping Delay,Low,Resolved,39.96,2025-12-19T11:10:36,2025-12-17T20:49:08
T000588,C002038,O0011129,E0042,2025-10-29 00:58:00,Shipping Delay,High,Resolved,10.0,2025-10-29T10:58:00,2025-10-29T04:24:59
T000589,C001087,O0006366,E0054,2025-03-04 22:43:00,Shipping Delay,Low,Resolved,22.11,2025-03-05T20:49:36,2025-03-05T00:20:41
T000590,C001016,O0007469,E0042,2025-09-03 01:55:00,Product Sizing,Low,Resolved,9.75,2025-09-03T11:40:00,2025-09-03T02:30:39
T000591,C000878,O0009626,E0035,2025-10-14 17:12:00,Product Sizing,High,Open,,,2025-10-14T18:34:58
T000592,C000744,O0014716,E0060,2025-02-07 18:04:00,Order Cancellation,Medium,Resolved,6.55,2025-02-08T00:37:00,2025-02-07T19:40:50
T000593,C001282,O0004509,E0060,2025-11-06 15:57:00,Account Question,Low,Resolved,8.3,2025-11-07T00:15:00,2025-11-06T19:42:27
T000594,C002550,O0007268,E0046,2025-07-23 19:39:00,Product Sizing,Medium,Resolved,12.52,2025-07-24T08:10:12,2025-07-23T22:48:30
T000595,C001595,O0002661,E0051,2025-04-04 08:33:00,Order Cancellation,Medium,Pending Customer,3.41,2025-04-04T11:57:36,2025-04-04T09:17:33
T000596,C000558,O0001803,E0040,2025-06-01 15:06:00,Product Sizing,High,Open,,,2025-06-01T16:39:29
T000597,C001773,O0004870,E0048,2025-05-25 05:00:00,Order Cancellation,Medium,Resolved,2.09,2025-05-25T07:05:24,2025-05-25T07:31:56
T000598,C001104,O0013763,E0018,2025-02-01 22:47:00,Return Request,Medium,Pending Customer,25.32,2025-02-03T00:06:12,2025-02-02T00:41:20
T000599,C002527,O0011921,E0026,2025-09-03 02:30:00,Shipping Delay,High,Resolved,12.04,2025-09-03T14:32:24,2025-09-03T04:55:24
T000600,C001650,O0000875,E0014,2026-01-11 08:34:00,Order Cancellation,Medium,Resolved,2.76,2026-01-11T11:19:36,2026-01-11T09:44:17
T000601,C002263,O0000257,E0060,2025-11-16 03:41:00,Product Sizing,High,Pending Customer,6.37,2025-11-16T10:03:12,2025-11-16T05:07:53
T000602,C000097,O0000057,E0006,2025-11-16 18:53:00,Damaged Item,Urgent,Resolved,54.4,2025-11-19T01:17:00,2025-11-16T20:46:49
T000603,C000686,O0009810,E0048,2025-02-25 22:28:00,Damaged Item,Low,Pending Customer,74.91,2025-03-01T01:22:36,2025-02-25T23:48:28
T000604,C002434,O0003832,E0014,2025-03-23 10:27:00,Shipping Delay,Medium,Resolved,16.95,2025-03-24T03:24:00,2025-03-23T13:37:21
T000605,C000829,O0001989,E0034,2026-01-10 17:56:00,Account Question,Medium,Resolved,8.71,2026-01-11T02:38:36,2026-01-10T20:20:47
T000606,C002184,O0013376,E0039,2025-12-30 08:14:00,Shipping Delay,Medium,Resolved,33.69,2025-12-31T17:55:24,2025-12-30T11:13:54
T000607,C001727,O0010933,E0019,2025-12-03 02:17:00,Warranty Claim,High,Resolved,67.13,2025-12-05T21:24:48,2025-12-03T06:00:34
T000608,C001272,O0005531,E0036,2025-11-03 00:23:00,Product Sizing,Medium,Resolved,2.63,2025-11-03T03:00:48,2025-11-03T02:13:10
T000609,C000118,O0009035,E0014,2025-11-25 06:28:00,Product Sizing,Low,Resolved,13.65,2025-11-25T20:07:00,2025-11-25T08:14:34
T000610,C002011,O0011931,E0043,2025-03-09 13:25:00,Order Cancellation,Low,Resolved,2.61,2025-03-09T16:01:36,2025-03-09T15:50:13
T000611,C001256,O0013747,E0045,2025-08-20 21:15:00,Warranty Claim,Low,Resolved,16.42,2025-08-21T13:40:12,2025-08-20T23:31:52
T000612,C002165,O0006614,E0043,2025-02-22 11:31:00,Warranty Claim,Medium,Resolved,51.4,2025-02-24T14:55:00,2025-02-22T13:17:28
T000613,C000115,O0000617,E0043,2025-06-03 14:30:00,Shipping Delay,Medium,Resolved,17.6,2025-06-04T08:06:00,2025-06-03T17:37:46
T000614,C000278,O0005583,E0039,2025-10-06 17:13:00,Order Cancellation,Low,Resolved,6.39,2025-10-06T23:36:24,2025-10-06T20:12:40
T000615,C001835,O0005682,E0037,2025-09-12 17:49:00,Product Sizing,Medium,Resolved,2.82,2025-09-12T20:38:12,2025-09-12T18:44:44
T000616,C002424,O0005399,E0051,2025-05-06 05:55:00,Order Cancellation,Low,Resolved,6.31,2025-05-06T12:13:36,2025-05-06T09:23:14
T000617,C000504,O0005528,E0039,2025-04-04 04:42:00,Shipping Delay,Medium,Escalated,8.79,2025-04-04T13:29:24,2025-04-04T05:29:50
T000618,C001890,O0012517,E0034,2025-08-31 22:16:00,Damaged Item,Medium,Resolved,155.01,2025-09-07T09:16:36,2025-08-31T23:21:28
T000619,C000885,O0012363,E0040,2025-06-11 07:41:00,Shipping Delay,Low,Open,,,2025-06-11T08:57:02
T000620,C000771,O0007523,E0039,2025-04-01 05:44:00,Bulk Order Quote,Low,Resolved,165.03,2025-04-08T02:45:48,2025-04-01T06:52:27
T000621,C000340,O0000269,E0026,2025-06-10 01:58:00,Return Request,Low,Open,,,2025-06-10T04:40:28
T000622,C002415,O0013305,E0024,2026-02-09 09:07:00,Shipping Delay,Medium,Resolved,9.06,2026-02-09T18:10:36,2026-02-09T10:54:35
T000623,C001217,O0003725,E0006,2025-03-03 07:35:00,Return Request,Medium,Pending Customer,167.47,2025-03-10T07:03:12,2025-03-03T09:44:20
T000624,C001545,O0002783,E0014,2025-10-15 12:11:00,Product Sizing,High,Escalated,11.83,2025-10-16T00:00:48,2025-10-15T12:48:30
T000625,C001242,O0004729,E0019,2025-05-28 13:29:00,Shipping Delay,Medium,Resolved,11.92,2025-05-29T01:24:12,2025-05-28T16:09:22
T000626,C000349,O0011485,E0048,2025-01-21 09:46:00,Account Question,Low,Resolved,3.15,2025-01-21T12:55:00,2025-01-21T11:54:48
T000627,C000789,O0007805,E0034,2025-09-17 18:25:00,Bulk Order Quote,Low,Pending Customer,98.27,2025-09-21T20:41:12,2025-09-17T19:40:48
T000628,C001105,O0004942,E0040,2025-10-13 12:48:00,Bulk Order Quote,Low,Open,,,2025-10-13T15:04:52
T000629,C002499,O0010994,E0001,2025-06-07 14:12:00,Return Request,Medium,Resolved,31.86,2025-06-08T22:03:36,2025-06-07T17:15:27
T000630,C002521,O0001054,E0040,2025-12-02 01:12:00,Damaged Item,High,Pending Customer,66.8,2025-12-04T20:00:00,2025-12-02T02:14:30
T000631,C001639,O0003943,E0040,2025-11-02 14:42:00,Shipping Delay,Low,Resolved,9.02,2025-11-02T23:43:12,2025-11-02T18:23:08
T000632,C000125,O0008682,E0051,2025-11-07 13:17:00,Product Sizing,Medium,Open,,,2025-11-07T16:17:31
T000633,C000782,O0013602,E0028,2025-04-24 07:14:00,Return Request,Medium,Resolved,28.02,2025-04-25T11:15:12,2025-04-24T07:52:33
T000634,C001674,O0004378,E0053,2025-05-13 03:38:00,Warranty Claim,High,Pending Customer,126.52,2025-05-18T10:09:12,2025-05-13T05:43:27
T000635,C001639,O0006993,E0051,2025-04-22 00:57:00,Product Sizing,Low,Resolved,19.87,2025-04-22T20:49:12,2025-04-22T03:51:43
T000636,C001184,O0001769,E0019,2025-12-01 20:07:00,Shipping Delay,Medium,Open,,,2025-12-01T23:13:31
T000637,C002351,O0011109,E0006,2025-07-21 02:31:00,Product Sizing,Low,Open,,,2025-07-21T03:27:22
T000638,C000049,O0007627,E0018,2025-10-07 05:23:00,Shipping Delay,Medium,Resolved,15.73,2025-10-07T21:06:48,2025-10-07T08:04:02
T000639,C000514,O0000846,E0048,2025-11-02 17:30:00,Return Request,Low,Resolved,43.31,2025-11-04T12:48:36,2025-11-02T19:21:46
T000640,C000276,O0009405,E0039,2025-06-30 04:19:00,Damaged Item,Medium,Pending Customer,34.12,2025-07-01T14:26:12,2025-06-30T05:58:36
T000641,C000134,O0006232,E0048,2025-09-05 19:22:00,Shipping Delay,Medium,Resolved,65.88,2025-09-08T13:14:48,2025-09-05T22:06:22
T000642,C002368,O0010333,E0042,2026-01-01 17:53:00,Return Request,Medium,Resolved,70.78,2026-01-04T16:39:48,2026-01-01T19:58:59
T000643,C001761,O0000114,E0040,2025-12-06 21:30:00,Account Question,Medium,Resolved,18.29,2025-12-07T15:47:24,2025-12-07T00:39:01
T000644,C002271,O0008147,E0057,2025-09-18 02:24:00,Return Request,High,Resolved,63.43,2025-09-20T17:49:48,2025-09-18T03:15:36
T000645,C002182,O0006695,E0019,2025-06-24 23:34:00,Shipping Delay,Medium,Escalated,28.55,2025-06-26T04:07:00,2025-06-25T00:04:50
T000646,C002063,O0006007,E0008,2025-12-06 11:05:00,Shipping Delay,Urgent,Pending Customer,7.45,2025-12-06T18:32:00,2025-12-06T13:39:56
T000647,C001317,O0009318,E0006,2025-11-02 21:16:00,Damaged Item,High,Resolved,43.37,2025-11-04T16:38:12,2025-11-02T22:27:33
T000648,C002360,O0006213,E0042,2025-09-07 19:15:00,Shipping Delay,Low,Resolved,13.15,2025-09-08T08:24:00,2025-09-07T21:30:49
T000649,C001457,O0004153,E0003,2025-02-28 22:15:00,Damaged Item,Low,Resolved,133.02,2025-03-06T11:16:12,2025-02-28T23:03:56
T000650,C001043,O0011671,E0051,2025-04-20 13:45:00,Order Cancellation,Low,Resolved,2.29,2025-04-20T16:02:24,2025-04-20T17:24:44
T000651,C001990,O0010820,E0017,2025-09-19 01:04:00,Account Question,Medium,Open,,,2025-09-19T04:52:50
T000652,C000170,O0007578,E0003,2025-10-11 06:08:00,Warranty Claim,Medium,Resolved,144.13,2025-10-17T06:15:48,2025-10-11T06:46:38
T000653,C000727,O0003541,E0035,2025-03-20 11:38:00,Return Request,Low,Pending Customer,32.22,2025-03-21T19:51:12,2025-03-20T14:39:03
T000654,C001266,O0010579,E0060,2025-09-24 12:58:00,Bulk Order Quote,Low,Resolved,103.14,2025-09-28T20:06:24,2025-09-24T14:37:06
T000655,C002291,O0007490,E0008,2025-05-25 11:32:00,Bulk Order Quote,Medium,Pending Customer,30.28,2025-05-26T17:48:48,2025-05-25T12:49:10
T000656,C001338,O0013679,E0034,2025-10-07 03:07:00,Damaged Item,Low,Resolved,21.69,2025-10-08T00:48:24,2025-10-07T05:10:12
T000657,C000706,O0010308,E0040,2025-05-06 16:40:00,Product Sizing,Medium,Resolved,13.46,2025-05-07T06:07:36,2025-05-06T18:22:34
T000658,C001054,O0011878,E0040,2025-12-16 12:51:00,Bulk Order Quote,Medium,Pending Customer,78.14,2025-12-19T18:59:24,2025-12-16T13:31:21
T000659,C002027,O0007433,E0057,2025-05-09 20:11:00,Shipping Delay,High,Resolved,19.53,2025-05-10T15:42:48,2025-05-09T22:41:12
T000660,C001652,O0010287,E0059,2025-08-08 14:02:00,Shipping Delay,Low,Resolved,14.08,2025-08-09T04:06:48,2025-08-08T17:16:21
T000661,C000165,O0001728,E0003,2025-04-09 06:08:00,Product Sizing,Low,Escalated,13.96,2025-04-09T20:05:36,2025-04-09T10:04:06
T000662,C002089,O0002799,E0036,2025-05-19 20:21:00,Damaged Item,Low,Resolved,29.61,2025-05-21T01:57:36,2025-05-19T21:26:11
T000663,C001797,O0003479,E0048,2025-12-07 23:20:00,Warranty Claim,Low,Resolved,85.56,2025-12-11T12:53:36,2025-12-08T02:44:19
T000664,C002421,O0004333,E0028,2025-09-11 21:37:00,Shipping Delay,Low,Resolved,38.12,2025-09-13T11:44:12,2025-09-11T22:07:11
T000665,C000482,O0011870,E0046,2025-08-31 12:21:00,Damaged Item,Medium,Resolved,32.62,2025-09-01T20:58:12,2025-08-31T16:08:51
T000666,C002413,O0009960,E0003,2025-11-18 01:13:00,Account Question,Low,Resolved,5.95,2025-11-18T07:10:00,2025-11-18T02:45:54
T000667,C000042,O0001357,E0018,2025-12-10 16:35:00,Return Request,Low,Resolved,37.53,2025-12-12T06:06:48,2025-12-10T18:18:12
T000668,C001408,O0004886,E0014,2025-01-31 10:35:00,Product Sizing,Medium,Resolved,4.48,2025-01-31T15:03:48,2025-01-31T14:03:09
T000669,C001079,O0008716,E0026,2025-08-16 06:32:00,Return Request,Low,Resolved,14.16,2025-08-16T20:41:36,2025-08-16T07:18:35
T000670,C002410,O0013761,E0026,2025-07-24 13:30:00,Product Sizing,High,Pending Customer,6.36,2025-07-24T19:51:36,2025-07-24T15:05:03
T000671,C000736,O0009505,E0019,2025-08-07 08:42:00,Return Request,Medium,Resolved,44.5,2025-08-09T05:12:00,2025-08-07T09:16:36
T000672,C000103,O0002897,E0046,2025-11-04 10:22:00,Account Question,Low,Resolved,4.62,2025-11-04T14:59:12,2025-11-04T10:52:55
T000673,C000981,O0007835,E0036,2025-09-18 07:27:00,Damaged Item,Low,Pending Customer,65.19,2025-09-21T00:38:24,2025-09-18T09:02:44
T000674,C000831,O0001884,E0006,2025-06-07 23:36:00,Product Sizing,Medium,Resolved,10.93,2025-06-08T10:31:48,2025-06-08T01:53:06
T000675,C001501,O0005965,E0020,2025-11-11 05:08:00,Return Request,High,Resolved,30.66,2025-11-12T11:47:36,2025-11-11T07:20:48
T000676,C001941,O0007825,E0034,2025-10-18 08:18:00,Return Request,Low,Pending Customer,26.96,2025-10-19T11:15:36,2025-10-18T11:55:37
T000677,C002490,O0001433,E0024,2025-12-21 17:44:00,Product Sizing,Medium,Pending Customer,12.29,2025-12-22T06:01:24,2025-12-21T18:53:09
T000678,C001279,O0003366,E0060,2025-08-14 05:52:00,Product Sizing,High,Resolved,5.49,2025-08-14T11:21:24,2025-08-14T09:38:55
T000679,C001180,O0000675,E0040,2025-02-27 15:25:00,Bulk Order Quote,Low,Resolved,102.1,2025-03-03T21:31:00,2025-02-27T18:27:30
T000680,C000382,O0004576,E0039,2025-01-20 08:18:00,Damaged Item,Low,Resolved,67.67,2025-01-23T03:58:12,2025-01-20T10:34:07
T000681,C000230,O0001334,E0026,2025-09-27 11:19:00,Account Question,Low,Resolved,2.57,2025-09-27T13:53:12,2025-09-27T12:10:31
T000682,C001495,O0013517,E0041,2025-03-22 11:47:00,Product Sizing,Medium,Resolved,9.55,2025-03-22T21:20:00,2025-03-22T15:29:44
T000683,C001288,O0011496,E0014,2025-03-06 00:30:00,Shipping Delay,Medium,Resolved,31.37,2025-03-07T07:52:12,2025-03-06T03:03:40
T000684,C002365,O0002853,E0001,2025-02-12 16:58:00,Damaged Item,Low,Resolved,20.17,2025-02-13T13:08:12,2025-02-12T18:36:04
T000685,C000397,O0000091,E0028,2025-05-27 10:22:00,Return Request,Urgent,Resolved,36.77,2025-05-28T23:08:12,2025-05-27T11:37:07
T000686,C000312,O0008221,E0039,2025-02-23 08:42:00,Warranty Claim,Low,Pending Customer,142.77,2025-03-01T07:28:12,2025-02-23T11:02:02
T000687,C000131,O0008637,E0036,2025-06-13 02:09:00,Bulk Order Quote,Medium,Escalated,136.88,2025-06-18T19:01:48,2025-06-13T04:23:54
T000688,C002520,O0003849,E0060,2025-04-27 03:10:00,Damaged Item,High,Pending Customer,48.04,2025-04-29T03:12:24,2025-04-27T04:03:14
T000689,C000130,O0003968,E0003,2025-02-27 05:47:00,Return Request,Medium,Resolved,26.78,2025-02-28T08:33:48,2025-02-27T08:47:48
T000690,C002162,O0002596,E0019,2025-05-19 06:29:00,Product Sizing,Low,Resolved,4.94,2025-05-19T11:25:24,2025-05-19T07:36:27
T000691,C002022,O0008448,E0040,2025-10-09 17:51:00,Return Request,Medium,Open,,,2025-10-09T18:48:25
T000692,C000849,O0007329,E0026,2025-08-28 18:50:00,Shipping Delay,Low,Resolved,17.3,2025-08-29T12:08:00,2025-08-28T21:00:11
T000693,C001221,O0002912,E0003,2025-09-02 15:51:00,Return Request,High,Resolved,14.78,2025-09-03T06:37:48,2025-09-02T18:51:20
T000694,C002344,O0009840,E0039,2025-12-19 01:12:00,Damaged Item,Medium,Open,,,2025-12-19T04:56:30
T000695,C002372,O0007001,E0003,2025-09-29 18:58:00,Account Question,Medium,Resolved,4.34,2025-09-29T23:18:24,2025-09-29T20:08:44
T000696,C002039,O0011997,E0053,2025-11-16 11:46:00,Damaged Item,Medium,Resolved,37.71,2025-11-18T01:28:36,2025-11-16T13:13:30
T000697,C001540,O0000747,E0036,2025-07-05 17:32:00,Bulk Order Quote,Low,Resolved,75.59,2025-07-08T21:07:24,2025-07-05T19:32:10
T000698,C001681,O0011475,E0024,2025-03-17 22:17:00,Order Cancellation,Low,Resolved,4.39,2025-03-18T02:40:24,2025-03-17T23:21:51
T000699,C001619,O0009829,E0034,2025-02-04 14:19:00,Damaged Item,High,Resolved,134.05,2025-02-10T04:22:00,2025-02-04T16:38:14
T000700,C002507,O0003337,E0019,2025-11-02 04:24:00,Shipping Delay,Medium,Resolved,15.4,2025-11-02T19:48:00,2025-11-02T05:07:03
T000701,C001248,O0010765,E0030,2025-05-05 16:05:00,Return Request,High,Resolved,25.05,2025-05-06T17:08:00,2025-05-05T19:20:43
T000702,C002146,O0003846,E0019,2025-02-18 07:17:00,Return Request,Low,Pending Customer,35.57,2025-02-19T18:51:12,2025-02-18T08:40:52
T000703,C001280,O0012713,E0022,2025-09-29 15:07:00,Return Request,Medium,Resolved,13.1,2025-09-30T04:13:00,2025-09-29T18:35:16
T000704,C000812,O0014936,E0024,2025-04-27 08:22:00,Account Question,Medium,Open,,,2025-04-27T09:45:00
T000705,C001888,O0012383,E0042,2025-10-09 23:16:00,Damaged Item,Medium,Resolved,49.77,2025-10-12T01:02:12,2025-10-10T03:11:54
T000706,C000706,O0000247,E0024,2025-01-12 19:11:00,Damaged Item,Low,Resolved,58.26,2025-01-15T05:26:36,2025-01-12T22:34:23
T000707,C000863,O0004722,E0042,2025-02-26 18:13:00,Return Request,High,Resolved,24.24,2025-02-27T18:27:24,2025-02-26T19:10:02
T000708,C000257,O0000223,E0006,2025-07-14 00:58:00,Return Request,Low,Resolved,17.64,2025-07-14T18:36:24,2025-07-14T03:29:34
T000709,C001237,O0002325,E0048,2025-08-17 03:53:00,Damaged Item,Medium,Resolved,19.98,2025-08-17T23:51:48,2025-08-17T05:01:31
T000710,C001354,O0000927,E0051,2025-05-05 17:41:00,Damaged Item,Low,Resolved,129.02,2025-05-11T02:42:12,2025-05-05T18:26:43
T000711,C000026,O0012241,E0034,2026-01-30 07:41:00,Warranty Claim,Low,Escalated,75.32,2026-02-02T11:00:12,2026-01-30T09:15:08
T000712,C002149,O0009775,E0026,2025-06-03 10:18:00,Shipping Delay,Medium,Escalated,19.74,2025-06-04T06:02:24,2025-06-03T13:49:59
T000713,C001604,O0002403,E0056,2025-10-20 01:53:00,Product Sizing,Low,Resolved,11.25,2025-10-20T13:08:00,2025-10-20T04:57:56
T000714,C002138,O0005398,E0035,2025-07-29 12:54:00,Shipping Delay,Medium,Pending Customer,4.48,2025-07-29T17:22:48,2025-07-29T14:37:31
T000715,C002488,O0012769,E0048,2025-09-01 03:29:00,Damaged Item,Low,Pending Customer,43.68,2025-09-02T23:09:48,2025-09-01T06:02:14
T000716,C002111,O0001544,E0043,2025-03-23 06:57:00,Return Request,Urgent,Resolved,38.0,2025-03-24T20:57:00,2025-03-23T08:09:28
T000717,C002235,O0010155,E0057,2026-01-02 22:38:00,Warranty Claim,Low,Resolved,101.27,2026-01-07T03:54:12,2026-01-02T23:49:29
T000718,C001631,O0000104,E0041,2025-06-24 10:43:00,Account Question,High,Resolved,2.55,2025-06-24T13:16:00,2025-06-24T14:07:48
T000719,C000991,O0001689,E0060,2025-11-01 10:06:00,Account Question,Low,Escalated,5.37,2025-11-01T15:28:12,2025-11-01T11:17:48
T000720,C002123,O0011437,E0046,2025-04-20 14:53:00,Return Request,Low,Resolved,59.29,2025-04-23T02:10:24,2025-04-20T16:21:36
T000721,C001074,O0003724,E0037,2025-06-22 07:26:00,Account Question,Medium,Resolved,8.25,2025-06-22T15:41:00,2025-06-22T09:40:12
T000722,C001569,O0007832,E0019,2025-08-21 08:58:00,Shipping Delay,Medium,Resolved,35.25,2025-08-22T20:13:00,2025-08-21T11:54:57
T000723,C000992,O0007029,E0051,2025-07-11 12:08:00,Shipping Delay,High,Open,,,2025-07-11T15:33:34
T000724,C000259,O0000855,E0009,2025-08-01 22:38:00,Bulk Order Quote,Low,Resolved,49.27,2025-08-03T23:54:12,2025-08-02T01:21:44
T000725,C002549,O0003893,E0026,2025-02-24 00:20:00,Bulk Order Quote,Medium,Resolved,168.07,2025-03-03T00:24:12,2025-02-24T04:18:02
T000726,C001998,O0002259,E0057,2025-05-29 18:17:00,Shipping Delay,Medium,Resolved,30.45,2025-05-31T00:44:00,2025-05-29T22:07:20
T000727,C002406,O0014083,E0037,2025-09-12 16:58:00,Product Sizing,Medium,Resolved,3.61,2025-09-12T20:34:36,2025-09-12T20:14:02
T000728,C000146,O0005847,E0014,2025-05-28 13:42:00,Order Cancellation,Low,Resolved,5.94,2025-05-28T19:38:24,2025-05-28T17:04:02
T000729,C001648,O0000608,E0041,2025-11-17 03:42:00,Account Question,Low,Resolved,7.96,2025-11-17T11:39:36,2025-11-17T07:21:43
T000730,C002269,O0014783,E0007,2025-10-23 16:14:00,Shipping Delay,High,Escalated,64.49,2025-10-26T08:43:24,2025-10-23T17:11:53
T000731,C002421,O0014849,E0040,2025-02-16 09:24:00,Damaged Item,High,Pending Customer,33.55,2025-02-17T18:57:00,2025-02-16T12:23:10
T000732,C002128,O0005801,E0028,2025-07-28 16:35:00,Return Request,Low,Resolved,69.83,2025-07-31T14:24:48,2025-07-28T17:18:50
T000733,C001616,O0010191,E0045,2025-03-16 18:40:00,Shipping Delay,Medium,Resolved,7.66,2025-03-17T02:19:36,2025-03-16T20:32:13
T000734,C000936,O0012749,E0019,2025-07-23 21:07:00,Order Cancellation,Medium,Resolved,3.89,2025-07-24T01:00:24,2025-07-23T23:07:20
T000735,C001314,O0005460,E0006,2025-09-24 08:25:00,Bulk Order Quote,Low,Escalated,33.05,2025-09-25T17:28:00,2025-09-24T09:25:09
T000736,C001217,O0003725,E0046,2025-03-03 02:35:00,Account Question,Low,Resolved,17.31,2025-03-03T19:53:36,2025-03-03T05:34:35
T000737,C001216,O0004517,E0009,2025-01-29 21:41:00,Shipping Delay,Low,Resolved,5.17,2025-01-30T02:51:12,2025-01-30T00:21:05
T000738,C002213,O0005506,E0008,2025-06-03 11:25:00,Shipping Delay,Medium,Resolved,42.14,2025-06-05T05:33:24,2025-06-03T13:47:02
T000739,C000870,O0014684,E0048,2026-01-18 00:03:00,Product Sizing,Low,Resolved,9.93,2026-01-18T09:58:48,2026-01-18T03:04:19
T000740,C002416,O0006051,E0020,2025-11-10 10:00:00,Order Cancellation,Medium,Resolved,4.45,2025-11-10T14:27:00,2025-11-10T11:00:12
T000741,C000331,O0004384,E0036,2025-08-05 09:24:00,Shipping Delay,Low,Pending Customer,11.73,2025-08-05T21:07:48,2025-08-05T12:28:38
T000742,C002062,O0013512,E0003,2026-01-21 00:43:00,Warranty Claim,Medium,Pending Customer,23.29,2026-01-22T00:00:24,2026-01-21T03:01:36
T000743,C001727,O0006814,E0051,2025-10-30 03:02:00,Product Sizing,Medium,Resolved,10.68,2025-10-30T13:42:48,2025-10-30T04:21:04
T000744,C001340,O0010132,E0024,2025-04-03 07:45:00,Shipping Delay,Low,Pending Customer,29.57,2025-04-04T13:19:12,2025-04-03T09:19:34
T000745,C001316,O0014997,E0019,2025-03-25 21:17:00,Account Question,Medium,Resolved,9.81,2025-03-26T07:05:36,2025-03-26T01:12:49
T000746,C001984,O0000602,E0024,2025-08-28 09:11:00,Damaged Item,Low,Escalated,21.92,2025-08-29T07:06:12,2025-08-28T11:59:17
T000747,C001273,O0004601,E0024,2025-11-18 23:45:00,Shipping Delay,Medium,Resolved,57.28,2025-11-21T09:01:48,2025-11-19T00:54:25
T000748,C001088,O0014708,E0004,2025-06-17 03:10:00,Return Request,Low,Resolved,29.66,2025-06-18T08:49:36,2025-06-17T04:59:33
T000749,C002239,O0011240,E0042,2025-04-09 06:38:00,Bulk Order Quote,Low,Resolved,94.08,2025-04-13T04:42:48,2025-04-09T08:19:41
T000750,C000309,O0001263,E0003,2025-09-13 23:28:00,Shipping Delay,Medium,Resolved,16.13,2025-09-14T15:35:48,2025-09-14T01:05:43
T000751,C001953,O0010271,E0057,2025-09-06 07:52:00,Return Request,Medium,Resolved,45.44,2025-09-08T05:18:24,2025-09-06T08:28:02
T000752,C001835,O0003825,E0051,2025-11-24 05:57:00,Damaged Item,Medium,Resolved,56.64,2025-11-26T14:35:24,2025-11-24T08:24:47
T000753,C001523,O0009304,E0035,2025-04-13 15:55:00,Shipping Delay,Medium,Resolved,33.36,2025-04-15T01:16:36,2025-04-13T19:26:49
T000754,C001677,O0014626,E0057,2025-06-12 12:37:00,Order Cancellation,Medium,Resolved,3.32,2025-06-12T15:56:12,2025-06-12T13:09:51
T000755,C001930,O0001561,E0060,2025-09-26 13:17:00,Return Request,Low,Resolved,13.83,2025-09-27T03:06:48,2025-09-26T15:34:22
T000756,C001995,O0003379,E0034,2025-03-17 01:51:00,Shipping Delay,Low,Resolved,29.85,2025-03-18T07:42:00,2025-03-17T03:23:22
T000757,C001875,O0002709,E0040,2025-04-18 10:58:00,Product Sizing,High,Resolved,11.43,2025-04-18T22:23:48,2025-04-18T11:28:42
T000758,C000672,O0002988,E0040,2025-10-21 04:43:00,Bulk Order Quote,Low,Open,,,2025-10-21T06:43:35
T000759,C000308,O0004854,E0039,2025-02-02 12:13:00,Damaged Item,Low,Resolved,105.01,2025-02-06T21:13:36,2025-02-02T14:35:54
T000760,C002548,O0011325,E0048,2025-12-16 16:25:00,Order Cancellation,Low,Resolved,4.26,2025-12-16T20:40:36,2025-12-16T17:42:49
T000761,C000738,O0011910,E0042,2025-02-16 23:18:00,Product Sizing,Low,Resolved,21.12,2025-02-17T20:25:12,2025-02-17T02:10:01
T000762,C001797,O0014399,E0057,2025-10-26 00:33:00,Shipping Delay,Low,Open,,,2025-10-26T03:03:16
T000763,C000942,O0000300,E0026,2025-05-28 08:14:00,Shipping Delay,Medium,Resolved,15.54,2025-05-28T23:46:24,2025-05-28T09:08:46
T000764,C002290,O0013479,E0019,2025-07-22 21:43:00,Account Question,High,Resolved,12.29,2025-07-23T10:00:24,2025-07-23T01:27:30
T000765,C001681,O0002800,E0048,2025-07-16 05:11:00,Warranty Claim,Low,Resolved,95.62,2025-07-20T04:48:12,2025-07-16T05:54:29
T000766,C002417,O0006820,E0040,2025-02-10 20:17:00,Shipping Delay,High,Resolved,36.92,2025-02-12T09:12:12,2025-02-10T22:10:27
T000767,C001775,O0003574,E0024,2025-06-23 03:51:00,Return Request,Medium,Resolved,19.85,2025-06-23T23:42:00,2025-06-23T07:09:39
T000768,C002026,O0014077,E0006,2025-07-19 14:50:00,Return Request,Low,Resolved,85.24,2025-07-23T04:04:24,2025-07-19T15:22:52
T000769,C001901,O0010855,E0035,2025-05-26 08:58:00,Shipping Delay,Medium,Resolved,18.98,2025-05-27T03:56:48,2025-05-26T11:37:14
T000770,C001957,O0014893,E0036,2025-04-03 06:10:00,Return Request,Low,Resolved,67.8,2025-04-06T01:58:00,2025-04-03T09:23:38
T000771,C000628,O0002558,E0042,2025-04-23 12:16:00,Return Request,Low,Pending Customer,44.83,2025-04-25T09:05:48,2025-04-23T13:00:59
T000772,C002389,O0013031,E0014,2025-09-24 07:07:00,Return Request,Low,Open,,,2025-09-24T09:35:34
T000773,C001022,O0005730,E0048,2025-10-04 23:57:00,Return Request,Low,Open,,,2025-10-05T02:21:49
T000774,C001709,O0012996,E0007,2025-08-24 16:30:00,Product Sizing,Low,Resolved,5.12,2025-08-24T21:37:12,2025-08-24T20:19:39
T000775,C001065,O0010181,E0026,2025-07-07 11:53:00,Shipping Delay,Medium,Open,,,2025-07-07T14:48:54
T000776,C001645,O0001776,E0051,2025-08-01 10:12:00,Shipping Delay,Medium,Escalated,58.84,2025-08-03T21:02:24,2025-08-01T10:46:28
T000777,C001009,O0009070,E0040,2025-10-17 07:03:00,Warranty Claim,Low,Resolved,50.03,2025-10-19T09:04:48,2025-10-17T10:05:18
T000778,C002360,O0006213,E0042,2025-09-19 07:15:00,Damaged Item,Low,Resolved,70.81,2025-09-22T06:03:36,2025-09-19T09:24:31
T000779,C000558,O0007998,E0057,2025-06-22 03:32:00,Return Request,Medium,Resolved,46.3,2025-06-24T01:50:00,2025-06-22T07:31:00
T000780,C000876,O0005442,E0006,2025-11-30 05:06:00,Return Request,Low,Resolved,31.2,2025-12-01T12:18:00,2025-11-30T06:50:27
T000781,C001814,O0012207,E0017,2025-08-05 11:05:00,Warranty Claim,Low,Resolved,58.36,2025-08-07T21:26:36,2025-08-05T14:02:57
T000782,C000766,O0014553,E0060,2025-08-14 00:38:00,Damaged Item,Medium,Open,,,2025-08-14T03:27:09
T000783,C001540,O0001714,E0040,2025-11-22 05:34:00,Return Request,Low,Escalated,96.55,2025-11-26T06:07:00,2025-11-22T09:32:30
T000784,C000182,O0000989,E0036,2025-11-11 14:52:00,Damaged Item,Low,Resolved,36.03,2025-11-13T02:53:48,2025-11-11T15:34:06
T000785,C002140,O0012046,E0026,2026-01-09 13:13:00,Product Sizing,Medium,Resolved,5.2,2026-01-09T18:25:00,2026-01-09T13:50:01
T000786,C000416,O0003763,E0026,2025-06-20 19:21:00,Order Cancellation,Medium,Pending Customer,5.8,2025-06-21T01:09:00,2025-06-20T20:12:34
T000787,C001866,O0009528,E0039,2025-09-30 15:25:00,Bulk Order Quote,High,Resolved,117.43,2025-10-05T12:50:48,2025-09-30T16:51:54
T000788,C002434,O0000768,E0040,2025-12-27 17:59:00,Bulk Order Quote,Medium,Pending Customer,101.42,2025-12-31T23:24:12,2025-12-27T19:09:00
T000789,C000360,O0003405,E0060,2025-06-11 09:11:00,Bulk Order Quote,Low,Resolved,173.14,2025-06-18T14:19:24,2025-06-11T11:31:22
T000790,C002411,O0014004,E0019,2026-01-30 02:42:00,Product Sizing,Medium,Escalated,14.29,2026-01-30T16:59:24,2026-01-30T04:46:54
T000791,C002159,O0014031,E0034,2025-01-12 20:17:00,Order Cancellation,Medium,Resolved,2.49,2025-01-12T22:46:24,2025-01-12T22:45:30
T000792,C001444,O0000370,E0042,2025-06-26 23:06:00,Damaged Item,Low,Resolved,73.94,2025-06-30T01:02:24,2025-06-27T02:54:21
T000793,C001636,O0012038,E0048,2025-04-16 01:28:00,Damaged Item,Low,Open,,,2025-04-16T03:42:52
T000794,C000597,O0004270,E0057,2025-10-10 06:22:00,Warranty Claim,Low,Resolved,136.05,2025-10-15T22:25:00,2025-10-10T07:14:06
T000795,C000641,O0008360,E0060,2025-01-17 03:49:00,Product Sizing,Low,Pending Customer,3.63,2025-01-17T07:26:48,2025-01-17T07:25:54
T000796,C002110,O0012774,E0003,2025-10-24 02:11:00,Return Request,Low,Escalated,32.8,2025-10-25T10:59:00,2025-10-24T03:04:25
T000797,C001731,O0012277,E0014,2025-04-21 06:45:00,Return Request,Low,Resolved,62.47,2025-04-23T21:13:12,2025-04-21T08:53:19
T000798,C000542,O0000092,E0040,2025-08-17 11:34:00,Shipping Delay,High,Pending Customer,31.04,2025-08-18T18:36:24,2025-08-17T13:23:09
T000799,C002033,O0006322,E0004,2025-06-27 02:58:00,Shipping Delay,High,Open,,,2025-06-27T03:51:55
T000800,C000588,O0012348,E0026,2025-02-09 00:30:00,Return Request,Medium,Resolved,30.22,2025-02-10T06:43:12,2025-02-09T02:00:10
T000801,C001673,O0001087,E0042,2025-12-03 22:25:00,Damaged Item,Medium,Resolved,84.53,2025-12-07T10:56:48,2025-12-04T01:23:09
T000802,C000211,O0000516,E0040,2025-04-15 20:34:00,Bulk Order Quote,Medium,Resolved,69.64,2025-04-18T18:12:24,2025-04-15T23:46:40
T000803,C000354,O0007923,E0042,2025-05-13 06:36:00,Shipping Delay,High,Resolved,12.06,2025-05-13T18:39:36,2025-05-13T09:18:22
T000804,C002428,O0011139,E0006,2025-10-20 22:24:00,Return Request,Urgent,Resolved,62.62,2025-10-23T13:01:12,2025-10-20T23:47:02
T000805,C002448,O0008447,E0057,2025-06-18 07:35:00,Account Question,Medium,Escalated,6.31,2025-06-18T13:53:36,2025-06-18T09:39:03
T000806,C001020,O0005914,E0046,2025-02-18 18:53:00,Product Sizing,Low,Pending Customer,3.08,2025-02-18T21:57:48,2025-02-18T19:28:07
T000807,C000699,O0012601,E0058,2025-11-30 02:00:00,Damaged Item,Medium,Resolved,109.07,2025-12-04T15:04:12,2025-11-30T03:37:56
T000808,C001458,O0011980,E0024,2025-10-06 16:56:00,Order Cancellation,Low,Escalated,1.86,2025-10-06T18:47:36,2025-10-06T17:48:48
T000809,C001482,O0009249,E0040,2025-03-18 11:39:00,Damaged Item,Medium,Resolved,25.67,2025-03-19T13:19:12,2025-03-18T15:36:28
T000810,C001667,O0006844,E0022,2026-01-18 04:11:00,Return Request,Low,Resolved,65.03,2026-01-20T21:12:48,2026-01-18T06:50:11
T000811,C001972,O0007664,E0030,2025-07-05 12:12:00,Return Request,Medium,Pending Customer,31.78,2025-07-06T19:58:48,2025-07-05T15:01:47
T000812,C000229,O0006689,E0026,2025-09-13 05:36:00,Shipping Delay,Low,Resolved,66.23,2025-09-15T23:49:48,2025-09-13T09:00:27
T000813,C000112,O0001807,E0056,2025-09-04 04:22:00,Shipping Delay,Medium,Resolved,90.44,2025-09-07T22:48:24,2025-09-04T07:02:37
T000814,C000387,O0008144,E0042,2025-05-21 15:49:00,Return Request,Low,Resolved,42.98,2025-05-23T10:47:48,2025-05-21T17:04:37
T000815,C000697,O0006263,E0060,2025-04-05 13:14:00,Account Question,Medium,Resolved,9.45,2025-04-05T22:41:00,2025-04-05T14:23:00
T000816,C001561,O0008673,E0006,2025-07-19 08:04:00,Account Question,Medium,Resolved,4.8,2025-07-19T12:52:00,2025-07-19T10:59:31
T000817,C001555,O0002050,E0043,2025-06-19 16:35:00,Warranty Claim,Medium,Pending Customer,42.83,2025-06-21T11:24:48,2025-06-19T18:32:36
T000818,C000431,O0005140,E0043,2025-11-14 07:56:00,Product Sizing,Low,Resolved,19.9,2025-11-15T03:50:00,2025-11-14T10:40:15
T000819,C001757,O0002692,E0056,2025-04-05 09:11:00,Bulk Order Quote,Low,Resolved,42.62,2025-04-07T03:48:12,2025-04-05T11:04:39
T000820,C000674,O0014531,E0056,2025-08-23 16:51:00,Return Request,Low,Resolved,184.82,2025-08-31T09:40:12,2025-08-23T20:37:07
T000821,C002520,O0006144,E0042,2025-12-13 17:18:00,Return Request,High,Pending Customer,46.48,2025-12-15T15:46:48,2025-12-13T20:41:40
T000822,C001093,O0004806,E0045,2025-11-25 06:06:00,Shipping Delay,Medium,Resolved,27.2,2025-11-26T09:18:00,2025-11-25T09:39:03
T000823,C001488,O0009484,E0036,2025-02-19 14:24:00,Warranty Claim,Low,Resolved,62.78,2025-02-22T05:10:48,2025-02-19T15:08:50
T000824,C000493,O0004254,E0053,2025-04-12 12:26:00,Product Sizing,Low,Pending Customer,5.14,2025-04-12T17:34:24,2025-04-12T15:34:39
T000825,C001108,O0003561,E0014,2025-11-10 14:59:00,Shipping Delay,Medium,Escalated,26.85,2025-11-11T17:50:00,2025-11-10T15:33:43
T000826,C001964,O0003467,E0035,2025-11-07 10:06:00,Shipping Delay,Low,Resolved,6.32,2025-11-07T16:25:12,2025-11-07T10:43:18
T000827,C000616,O0003999,E0030,2025-02-13 03:12:00,Warranty Claim,High,Resolved,188.52,2025-02-20T23:43:12,2025-02-13T04:53:03
T000828,C001667,O0006844,E0042,2026-01-12 14:11:00,Return Request,Medium,Resolved,13.5,2026-01-13T03:41:00,2026-01-12T16:46:24
T000829,C002300,O0009664,E0004,2025-11-07 18:43:00,Product Sizing,Low,Pending Customer,5.37,2025-11-08T00:05:12,2025-11-07T19:32:29
T000830,C002043,O0008017,E0042,2025-02-26 18:56:00,Shipping Delay,High,Resolved,23.15,2025-02-27T18:05:00,2025-02-26T22:24:18
T000831,C001959,O0004324,E0043,2026-01-16 18:24:00,Shipping Delay,Low,Resolved,7.58,2026-01-17T01:58:48,2026-01-16T20:37:23
T000832,C000470,O0008597,E0048,2025-07-15 23:25:00,Shipping Delay,Medium,Resolved,22.96,2025-07-16T22:22:36,2025-07-16T02:51:34
T000833,C000685,O0002682,E0040,2025-04-27 18:32:00,Damaged Item,Low,Pending Customer,26.01,2025-04-28T20:32:36,2025-04-27T21:24:23
T000834,C000156,O0002344,E0030,2025-04-06 17:05:00,Shipping Delay,Low,Resolved,27.72,2025-04-07T20:48:12,2025-04-06T20:52:27
T000835,C002255,O0012025,E0004,2025-10-09 21:57:00,Account Question,Low,Resolved,9.53,2025-10-10T07:28:48,2025-10-10T01:06:24
T000836,C001501,O0005712,E0014,2025-06-19 07:09:00,Bulk Order Quote,Medium,Resolved,44.46,2025-06-21T03:36:36,2025-06-19T07:43:56
T000837,C001439,O0007018,E0009,2025-06-25 15:09:00,Shipping Delay,Medium,Escalated,27.37,2025-06-26T18:31:12,2025-06-25T17:14:40
T000838,C001284,O0000577,E0018,2025-05-08 09:47:00,Product Sizing,Medium,Resolved,14.9,2025-05-09T00:41:00,2025-05-08T11:19:40
T000839,C001313,O0004770,E0014,2026-01-03 05:25:00,Return Request,Medium,Resolved,76.4,2026-01-06T09:49:00,2026-01-03T08:39:24
T000840,C002010,O0003804,E0060,2025-06-19 14:43:00,Shipping Delay,Low,Resolved,35.14,2025-06-21T01:51:24,2025-06-19T15:40:12
T000841,C001979,O0005016,E0037,2025-09-04 09:29:00,Shipping Delay,Urgent,Resolved,111.76,2025-09-09T01:14:36,2025-09-04T12:13:58
T000842,C001056,O0002882,E0034,2025-04-03 08:49:00,Account Question,Low,Escalated,7.46,2025-04-03T16:16:36,2025-04-03T10:57:07
T000843,C001529,O0013930,E0006,2025-07-19 05:33:00,Damaged Item,High,Pending Customer,32.42,2025-07-20T13:58:12,2025-07-19T08:55:05
T000844,C000225,O0014445,E0034,2025-08-17 04:40:00,Shipping Delay,Low,Pending Customer,76.98,2025-08-20T09:38:48,2025-08-17T05:36:54
T000845,C000170,O0000926,E0003,2025-07-27 23:07:00,Shipping Delay,Medium,Resolved,52.49,2025-07-30T03:36:24,2025-07-28T01:26:11
T000846,C000502,O0005745,E0057,2025-08-26 16:57:00,Bulk Order Quote,Low,Pending Customer,51.33,2025-08-28T20:16:48,2025-08-26T17:38:26
T000847,C001246,O0013749,E0026,2025-06-17 20:30:00,Return Request,Medium,Pending Customer,78.87,2025-06-21T03:22:12,2025-06-17T21:17:46
T000848,C000709,O0002794,E0043,2025-07-08 07:50:00,Return Request,Urgent,Resolved,18.65,2025-07-09T02:29:00,2025-07-08T10:26:41
T000849,C001977,O0009880,E0020,2025-12-31 12:22:00,Order Cancellation,Urgent,Pending Customer,4.08,2025-12-31T16:26:48,2025-12-31T13:42:40
T000850,C002217,O0009753,E0036,2025-07-22 00:40:00,Warranty Claim,Low,Open,,,2025-07-22T02:05:35
T000851,C000127,O0004781,E0034,2025-02-28 23:35:00,Shipping Delay,Medium,Resolved,13.0,2025-03-01T12:35:00,2025-03-01T02:18:53
T000852,C002185,O0000363,E0014,2025-12-24 03:13:00,Damaged Item,Medium,Resolved,46.51,2025-12-26T01:43:36,2025-12-24T06:43:43
T000853,C000651,O0012839,E0026,2025-08-01 00:12:00,Warranty Claim,Medium,Resolved,172.9,2025-08-08T05:06:00,2025-08-01T02:57:46
T000854,C002553,O0008555,E0036,2025-12-30 10:44:00,Return Request,Medium,Pending Customer,96.12,2026-01-03T10:51:12,2025-12-30T13:40:01
T000855,C001582,O0013875,E0026,2025-06-19 08:12:00,Order Cancellation,Low,Resolved,5.52,2025-06-19T13:43:12,2025-06-19T09:40:13
T000856,C002271,O0008392,E0051,2025-10-20 06:37:00,Warranty Claim,Medium,Resolved,59.75,2025-10-22T18:22:00,2025-10-20T07:11:25
T000857,C001118,O0003623,E0060,2025-04-21 09:07:00,Return Request,Low,Resolved,37.25,2025-04-22T22:22:00,2025-04-21T11:57:03
T000858,C001854,O0007308,E0014,2025-07-28 21:50:00,Shipping Delay,Low,Pending Customer,17.59,2025-07-29T15:25:24,2025-07-29T00:30:21
T000859,C000090,O0004914,E0036,2025-11-13 05:37:00,Damaged Item,Medium,Escalated,113.72,2025-11-17T23:20:12,2025-11-13T08:15:56
T000860,C000102,O0003618,E0039,2025-10-15 23:48:00,Damaged Item,High,Resolved,70.87,2025-10-18T22:40:12,2025-10-16T01:22:08
T000861,C001979,O0014617,E0057,2026-02-05 08:48:00,Shipping Delay,Medium,Pending Customer,7.57,2026-02-05T16:22:12,2026-02-05T09:18:32
T000862,C000713,O0011250,E0043,2025-11-14 18:34:00,Product Sizing,Medium,Pending Customer,13.78,2025-11-15T08:20:48,2025-11-14T21:44:47
T000863,C002554,O0011713,E0040,2025-03-02 09:16:00,Shipping Delay,Medium,Resolved,11.72,2025-03-02T20:59:12,2025-03-02T09:46:44
T000864,C000133,O0002118,E0034,2026-01-10 13:08:00,Shipping Delay,Low,Open,,,2026-01-10T14:13:31
T000865,C001870,O0012169,E0034,2025-09-06 16:55:00,Shipping Delay,High,Resolved,58.05,2025-09-09T02:58:00,2025-09-06T18:04:34
T000866,C001827,O0001321,E0048,2025-06-25 07:33:00,Shipping Delay,Medium,Resolved,20.47,2025-06-26T04:01:12,2025-06-25T09:01:26
T000867,C002512,O0005770,E0004,2025-09-26 14:09:00,Bulk Order Quote,Low,Resolved,28.73,2025-09-27T18:52:48,2025-09-26T16:18:39
T000868,C001572,O0009978,E0004,2025-07-30 07:19:00,Account Question,Medium,Resolved,2.95,2025-07-30T10:16:00,2025-07-30T10:45:22
T000869,C001464,O0005115,E0006,2025-01-30 22:24:00,Bulk Order Quote,High,Resolved,97.23,2025-02-03T23:37:48,2025-01-31T00:48:40
T000870,C001233,O0000720,E0051,2025-12-06 13:36:00,Shipping Delay,High,Resolved,4.84,2025-12-06T18:26:24,2025-12-06T17:21:53
T000871,C000317,O0009771,E0051,2025-12-28 18:10:00,Damaged Item,Medium,Pending Customer,32.7,2025-12-30T02:52:00,2025-12-28T18:49:37
T000872,C001403,O0004429,E0042,2025-08-15 11:04:00,Product Sizing,Low,Escalated,5.48,2025-08-15T16:32:48,2025-08-15T12:53:45
T000873,C000595,O0008735,E0003,2025-11-29 01:31:00,Return Request,Medium,Escalated,10.63,2025-11-29T12:08:48,2025-11-29T03:23:23
T000874,C000514,O0005830,E0041,2025-04-21 20:47:00,Damaged Item,Low,Resolved,13.44,2025-04-22T10:13:24,2025-04-21T23:44:41
T000875,C001729,O0008898,E0046,2025-10-15 01:40:00,Order Cancellation,Low,Resolved,2.07,2025-10-15T03:44:12,2025-10-15T04:41:22
T000876,C001598,O0010939,E0003,2025-05-24 10:17:00,Order Cancellation,Low,Escalated,5.34,2025-05-24T15:37:24,2025-05-24T12:09:13
T000877,C002385,O0013304,E0026,2025-08-20 08:09:00,Order Cancellation,Low,Resolved,3.84,2025-08-20T11:59:24,2025-08-20T11:16:45
T000878,C001253,O0005859,E0046,2025-07-10 11:15:00,Damaged Item,Medium,Pending Customer,66.49,2025-07-13T05:44:24,2025-07-10T12:35:28
T000879,C000916,O0005565,E0022,2025-03-28 05:22:00,Order Cancellation,High,Resolved,4.47,2025-03-28T09:50:12,2025-03-28T07:04:05
T000880,C000160,O0003121,E0004,2025-02-23 14:49:00,Return Request,Low,Pending Customer,39.93,2025-02-25T06:44:48,2025-02-23T16:01:55
T000881,C000089,O0008244,E0003,2025-04-29 00:08:00,Shipping Delay,High,Escalated,22.08,2025-04-29T22:12:48,2025-04-29T03:31:29
T000882,C000351,O0006285,E0040,2025-05-27 17:04:00,Return Request,Medium,Resolved,34.29,2025-05-29T03:21:24,2025-05-27T19:36:23
T000883,C001741,O0001772,E0037,2025-03-06 01:11:00,Bulk Order Quote,Low,Resolved,58.79,2025-03-08T11:58:24,2025-03-06T02:10:36
T000884,C002338,O0007733,E0037,2025-04-02 14:34:00,Damaged Item,Medium,Resolved,54.43,2025-04-04T20:59:48,2025-04-02T15:22:33
T000885,C000333,O0004499,E0048,2025-03-01 04:38:00,Product Sizing,Low,Resolved,8.22,2025-03-01T12:51:12,2025-03-01T05:12:06
T000886,C001805,O0010286,E0026,2025-10-03 08:51:00,Shipping Delay,Medium,Resolved,7.78,2025-10-03T16:37:48,2025-10-03T12:10:35
T000887,C000786,O0013486,E0036,2025-10-13 14:28:00,Shipping Delay,Low,Resolved,23.57,2025-10-14T14:02:12,2025-10-13T16:07:12
T000888,C000804,O0012145,E0057,2025-08-22 21:19:00,Product Sizing,Medium,Pending Customer,13.54,2025-08-23T10:51:24,2025-08-22T23:01:46
T000889,C002369,O0000159,E0026,2025-07-08 09:23:00,Damaged Item,Medium,Resolved,31.96,2025-07-09T17:20:36,2025-07-08T11:42:39
T000890,C000330,O0013611,E0041,2025-12-23 14:48:00,Order Cancellation,Low,Resolved,6.26,2025-12-23T21:03:36,2025-12-23T16:55:17
T000891,C002306,O0012542,E0017,2025-03-06 21:52:00,Shipping Delay,Low,Resolved,6.89,2025-03-07T04:45:24,2025-03-06T23:50:05
T000892,C002425,O0014443,E0039,2025-05-15 02:35:00,Product Sizing,Low,Resolved,14.1,2025-05-15T16:41:00,2025-05-15T04:42:59
T000893,C000232,O0010162,E0019,2025-06-25 10:21:00,Bulk Order Quote,Low,Resolved,79.06,2025-06-28T17:24:36,2025-06-25T12:43:15
T000894,C002014,O0012372,E0046,2025-04-14 03:26:00,Warranty Claim,Low,Pending Customer,74.14,2025-04-17T05:34:24,2025-04-14T05:12:50
T000895,C000262,O0011384,E0041,2025-06-04 19:51:00,Shipping Delay,Medium,Resolved,26.89,2025-06-05T22:44:24,2025-06-04T21:11:06
T000896,C002280,O0001906,E0043,2025-03-08 17:08:00,Shipping Delay,Low,Resolved,53.94,2025-03-10T23:04:24,2025-03-08T18:22:44
T000897,C000084,O0014852,E0039,2025-01-20 09:29:00,Return Request,High,Resolved,38.72,2025-01-22T00:12:12,2025-01-20T10:28:45
T000898,C002331,O0014327,E0019,2025-03-12 08:24:00,Shipping Delay,Medium,Resolved,26.92,2025-03-13T11:19:12,2025-03-12T11:25:42
T000899,C001585,O0009860,E0046,2025-01-31 19:51:00,Return Request,Medium,Resolved,94.68,2025-02-04T18:31:48,2025-01-31T23:16:58
T000900,C002192,O0004740,E0039,2026-01-01 17:25:00,Return Request,Low,Pending Customer,115.16,2026-01-06T12:34:36,2026-01-01T19:15:13
T000901,C000486,O0005675,E0048,2025-09-07 15:44:00,Bulk Order Quote,Medium,Resolved,72.37,2025-09-10T16:06:12,2025-09-07T16:40:09
T000902,C002140,O0008481,E0019,2025-11-18 15:56:00,Shipping Delay,High,Resolved,53.56,2025-11-20T21:29:36,2025-11-18T17:35:16
T000903,C002203,O0000666,E0043,2025-01-15 11:37:00,Warranty Claim,Medium,Pending Customer,73.27,2025-01-18T12:53:12,2025-01-15T13:04:06
T000904,C000935,O0009368,E0034,2025-09-11 22:44:00,Warranty Claim,Low,Pending Customer,175.99,2025-09-19T06:43:24,2025-09-12T01:01:26
T000905,C000910,O0004667,E0046,2025-07-10 08:43:00,Warranty Claim,Medium,Resolved,179.28,2025-07-17T19:59:48,2025-07-10T11:14:35
T000906,C000668,O0009248,E0014,2025-08-01 15:43:00,Order Cancellation,Medium,Pending Customer,4.56,2025-08-01T20:16:36,2025-08-01T19:28:25
T000907,C002588,O0008900,E0060,2025-03-09 19:26:00,Damaged Item,Low,Resolved,57.79,2025-03-12T05:13:24,2025-03-09T23:03:18
T000908,C000228,O0001045,E0051,2025-11-29 22:06:00,Order Cancellation,Medium,Resolved,5.08,2025-11-30T03:10:48,2025-11-30T01:36:31
T000909,C002401,O0004226,E0036,2025-03-18 11:28:00,Warranty Claim,Medium,Pending Customer,64.36,2025-03-21T03:49:36,2025-03-18T14:29:12
T000910,C000188,O0013287,E0039,2025-06-06 21:01:00,Return Request,Low,Resolved,21.47,2025-06-07T18:29:12,2025-06-06T22:09:33
T000911,C001411,O0001308,E0020,2025-10-22 13:17:00,Shipping Delay,Medium,Resolved,14.62,2025-10-23T03:54:12,2025-10-22T14:29:05
T000912,C000081,O0003539,E0036,2025-06-11 03:06:00,Damaged Item,High,Resolved,35.19,2025-06-12T14:17:24,2025-06-11T06:02:02
T000913,C001237,O0007039,E0060,2025-02-16 12:27:00,Shipping Delay,Medium,Resolved,27.06,2025-02-17T15:30:36,2025-02-16T15:28:00
T000914,C000902,O0006842,E0051,2025-08-22 06:51:00,Warranty Claim,High,Resolved,56.43,2025-08-24T15:16:48,2025-08-22T08:07:29
T000915,C000184,O0007242,E0003,2026-01-22 00:16:00,Shipping Delay,Medium,Pending Customer,14.91,2026-01-22T15:10:36,2026-01-22T01:46:58
T000916,C000991,O0001689,E0057,2025-10-30 10:06:00,Return Request,High,Resolved,17.33,2025-10-31T03:25:48,2025-10-30T12:54:20
T000917,C001899,O0012157,E0048,2025-09-05 11:48:00,Warranty Claim,Low,Resolved,47.06,2025-09-07T10:51:36,2025-09-05T15:10:56
T000918,C001348,O0012293,E0026,2025-10-21 20:46:00,Damaged Item,Low,Resolved,82.88,2025-10-25T07:38:48,2025-10-22T00:45:45
T000919,C001920,O0010783,E0059,2025-04-07 09:09:00,Shipping Delay,Low,Resolved,25.03,2025-04-08T10:10:48,2025-04-07T10:39:00
T000920,C001319,O0009847,E0041,2025-06-07 02:37:00,Product Sizing,High,Resolved,6.37,2025-06-07T08:59:12,2025-06-07T05:14:07
T000921,C002138,O0014679,E0057,2025-07-08 13:44:00,Warranty Claim,Medium,Resolved,68.79,2025-07-11T10:31:24,2025-07-08T16:25:45
T000922,C000547,O0013770,E0060,2025-07-27 20:48:00,Bulk Order Quote,High,Resolved,110.46,2025-08-01T11:15:36,2025-07-27T23:52:25
T000923,C001143,O0001387,E0046,2025-10-07 05:46:00,Return Request,Medium,Resolved,14.69,2025-10-07T20:27:24,2025-10-07T08:18:01
T000924,C001876,O0013646,E0058,2025-06-10 08:27:00,Bulk Order Quote,Medium,Resolved,68.87,2025-06-13T05:19:12,2025-06-10T10:29:26
T000925,C001720,O0006130,E0042,2025-05-22 05:06:00,Bulk Order Quote,Medium,Pending Customer,49.59,2025-05-24T06:41:24,2025-05-22T08:09:22
T000926,C000235,O0002057,E0042,2025-03-27 22:31:00,Order Cancellation,Medium,Resolved,6.84,2025-03-28T05:21:24,2025-03-28T01:42:41
T000927,C002083,O0009152,E0057,2025-08-13 14:00:00,Shipping Delay,Low,Resolved,10.58,2025-08-14T00:34:48,2025-08-13T15:29:01
T000928,C000995,O0014528,E0043,2025-09-25 00:13:00,Order Cancellation,Medium,Resolved,5.14,2025-09-25T05:21:24,2025-09-25T03:31:02
T000929,C001390,O0000924,E0026,2025-05-21 04:23:00,Warranty Claim,Medium,Resolved,26.68,2025-05-22T07:03:48,2025-05-21T07:27:23
T000930,C002220,O0012755,E0019,2025-10-21 19:47:00,Product Sizing,Medium,Resolved,16.86,2025-10-22T12:38:36,2025-10-21T20:18:17
T000931,C000597,O0004014,E0051,2025-11-06 21:55:00,Bulk Order Quote,Low,Resolved,75.66,2025-11-10T01:34:36,2025-11-07T01:41:19
T000932,C000900,O0014007,E0056,2025-04-02 02:05:00,Product Sizing,Medium,Resolved,11.51,2025-04-02T13:35:36,2025-04-02T04:23:59
T000933,C002113,O0007253,E0036,2025-05-26 00:19:00,Order Cancellation,Low,Resolved,0.85,2025-05-26T01:10:00,2025-05-26T03:30:46
T000934,C002523,O0005982,E0042,2025-06-22 16:43:00,Bulk Order Quote,Medium,Resolved,50.43,2025-06-24T19:08:48,2025-06-22T18:50:47
T000935,C002047,O0001353,E0003,2025-04-13 12:22:00,Account Question,Low,Pending Customer,10.0,2025-04-13T22:22:00,2025-04-13T15:52:49
T000936,C000138,O0005255,E0019,2025-03-03 11:12:00,Warranty Claim,High,Resolved,14.99,2025-03-04T02:11:24,2025-03-03T13:00:55
T000937,C000448,O0004963,E0026,2025-01-24 05:04:00,Product Sizing,High,Pending Customer,5.8,2025-01-24T10:52:00,2025-01-24T08:35:49
T000938,C000098,O0014428,E0028,2025-05-07 10:25:00,Product Sizing,Medium,Resolved,4.26,2025-05-07T14:40:36,2025-05-07T11:03:49
T000939,C001242,O0004729,E0009,2025-05-31 03:29:00,Shipping Delay,Low,Open,,,2025-05-31T07:07:13
T000940,C000637,O0001097,E0042,2025-01-27 09:34:00,Shipping Delay,Medium,Resolved,44.76,2025-01-29T06:19:36,2025-01-27T13:06:16
T000941,C001572,O0006957,E0039,2025-06-24 06:40:00,Shipping Delay,Urgent,Resolved,28.52,2025-06-25T11:11:12,2025-06-24T07:42:02
T000942,C001342,O0006415,E0014,2025-09-09 23:54:00,Warranty Claim,Medium,Resolved,458.93,2025-09-29T02:49:48,2025-09-10T03:08:04
T000943,C001265,O0006098,E0026,2025-09-24 05:18:00,Shipping Delay,High,Open,,,2025-09-24T08:18:53
T000944,C001239,O0003025,E0043,2025-09-03 07:19:00,Order Cancellation,Medium,Resolved,3.29,2025-09-03T10:36:24,2025-09-03T08:43:27
T000945,C001797,O0000193,E0039,2025-09-15 01:32:00,Return Request,Low,Resolved,36.67,2025-09-16T14:12:12,2025-09-15T04:25:51
T000946,C000149,O0013048,E0040,2025-12-25 12:10:00,Product Sizing,Medium,Resolved,8.84,2025-12-25T21:00:24,2025-12-25T14:27:36
T000947,C001973,O0006531,E0057,2025-04-19 01:29:00,Shipping Delay,High,Resolved,42.06,2025-04-20T19:32:36,2025-04-19T02:29:46
T000948,C000084,O0013430,E0039,2025-07-06 06:39:00,Bulk Order Quote,Medium,Resolved,37.11,2025-07-07T19:45:36,2025-07-06T07:09:02
T000949,C001557,O0014487,E0020,2025-11-23 03:56:00,Shipping Delay,Medium,Open,,,2025-11-23T06:14:40
T000950,C002025,O0014356,E0037,2025-06-16 17:23:00,Damaged Item,Low,Resolved,28.66,2025-06-17T22:02:36,2025-06-16T20:52:37
T000951,C002246,O0005470,E0057,2025-03-30 21:50:00,Order Cancellation,Low,Resolved,5.02,2025-03-31T02:51:12,2025-03-31T01:20:17
T000952,C000983,O0000530,E0036,2025-03-09 02:25:00,Product Sizing,Medium,Resolved,2.84,2025-03-09T05:15:24,2025-03-09T05:56:14
T000953,C002553,O0010303,E0060,2025-01-27 21:43:00,Damaged Item,Medium,Pending Customer,190.09,2025-02-04T19:48:24,2025-01-27T23:27:43
T000954,C000465,O0004678,E0043,2025-08-21 08:35:00,Product Sizing,Low,Pending Customer,11.6,2025-08-21T20:11:00,2025-08-21T11:39:24
T000955,C002324,O0000358,E0045,2025-07-05 22:30:00,Damaged Item,Low,Resolved,92.34,2025-07-09T18:50:24,2025-07-06T02:12:45
T000956,C001693,O0007802,E0024,2025-05-12 18:56:00,Product Sizing,Low,Resolved,9.27,2025-05-13T04:12:12,2025-05-12T19:44:26
T000957,C002490,O0001895,E0020,2025-10-28 02:20:00,Damaged Item,High,Resolved,73.43,2025-10-31T03:45:48,2025-10-28T03:40:04
T000958,C001789,O0014871,E0014,2025-08-12 03:34:00,Shipping Delay,Medium,Resolved,28.71,2025-08-13T08:16:36,2025-08-12T06:22:08
T000959,C000347,O0000883,E0040,2025-12-11 16:53:00,Warranty Claim,Low,Open,,,2025-12-11T20:34:04
T000960,C000808,O0005123,E0036,2026-01-17 20:43:00,Return Request,Low,Resolved,18.98,2026-01-18T15:41:48,2026-01-17T23:56:27
T000961,C000754,O0008300,E0036,2025-02-24 00:59:00,Damaged Item,Medium,Resolved,44.27,2025-02-25T21:15:12,2025-02-24T04:43:20
T000962,C000745,O0001779,E0018,2025-11-06 10:37:00,Product Sizing,Medium,Open,,,2025-11-06T11:16:48
T000963,C000679,O0013575,E0048,2025-11-13 05:53:00,Return Request,Low,Pending Customer,45.31,2025-11-15T03:11:36,2025-11-13T08:20:02
T000964,C001072,O0012051,E0019,2025-02-26 11:18:00,Product Sizing,Low,Pending Customer,4.01,2025-02-26T15:18:36,2025-02-26T14:06:07
T000965,C001516,O0002972,E0006,2025-06-23 12:50:00,Shipping Delay,Low,Resolved,27.77,2025-06-24T16:36:12,2025-06-23T14:46:00
T000966,C002532,O0001825,E0006,2025-11-18 17:44:00,Account Question,High,Pending Customer,9.33,2025-11-19T03:03:48,2025-11-18T18:41:58
T000967,C001481,O0008459,E0043,2025-06-13 22:43:00,Bulk Order Quote,Low,Resolved,63.23,2025-06-16T13:56:48,2025-06-14T01:35:42
T000968,C002487,O0009267,E0037,2025-09-22 05:08:00,Shipping Delay,Low,Resolved,49.68,2025-09-24T06:48:48,2025-09-22T07:43:30
T000969,C001225,O0000568,E0057,2025-11-14 06:44:00,Damaged Item,High,Resolved,21.19,2025-11-15T03:55:24,2025-11-14T10:03:42
T000970,C000514,O0014998,E0040,2026-01-08 20:15:00,Product Sizing,High,Resolved,6.54,2026-01-09T02:47:24,2026-01-08T22:39:49
T000971,C002059,O0005040,E0006,2025-08-12 09:42:00,Return Request,Low,Resolved,45.35,2025-08-14T07:03:00,2025-08-12T11:59:30
T000972,C001348,O0004125,E0040,2025-12-14 23:39:00,Product Sizing,Medium,Resolved,7.25,2025-12-15T06:54:00,2025-12-15T02:53:47
T000973,C001386,O0013279,E0040,2025-06-21 22:22:00,Return Request,Medium,Escalated,15.57,2025-06-22T13:56:12,2025-06-22T00:41:34
T000974,C001388,O0012990,E0018,2025-11-21 00:26:00,Damaged Item,Low,Resolved,28.76,2025-11-22T05:11:36,2025-11-21T01:07:26
T000975,C002448,O0001344,E0040,2025-10-17 23:51:00,Order Cancellation,Low,Pending Customer,2.38,2025-10-18T02:13:48,2025-10-18T03:06:44
T000976,C001322,O0004950,E0040,2025-03-13 01:39:00,Product Sizing,Low,Resolved,27.79,2025-03-14T05:26:24,2025-03-13T03:47:36
T000977,C001734,O0000400,E0043,2025-05-01 02:17:00,Shipping Delay,Medium,Pending Customer,15.78,2025-05-01T18:03:48,2025-05-01T04:47:35
T000978,C002017,O0001633,E0040,2025-06-21 04:55:00,Damaged Item,Medium,Resolved,41.78,2025-06-22T22:41:48,2025-06-21T08:01:50
T000979,C001737,O0000864,E0058,2025-02-08 04:00:00,Damaged Item,Low,Resolved,53.84,2025-02-10T09:50:24,2025-02-08T05:55:21
T000980,C000926,O0010496,E0019,2025-02-16 18:29:00,Damaged Item,Low,Pending Customer,32.31,2025-02-18T02:47:36,2025-02-16T19:20:11
T000981,C000071,O0005909,E0006,2025-12-18 02:26:00,Shipping Delay,Urgent,Resolved,7.15,2025-12-18T09:35:00,2025-12-18T03:35:37
T000982,C000242,O0006797,E0059,2025-10-30 10:22:00,Damaged Item,Low,Open,,,2025-10-30T12:22:29
T000983,C000623,O0004650,E0042,2025-09-25 00:58:00,Product Sizing,Low,Open,,,2025-09-25T01:46:24
T000984,C000952,O0006869,E0048,2025-11-22 10:39:00,Damaged Item,Low,Pending Customer,46.13,2025-11-24T08:46:48,2025-11-22T11:42:21
T000985,C000806,O0001393,E0048,2025-06-13 12:48:00,Shipping Delay,Low,Pending Customer,39.64,2025-06-15T04:26:24,2025-06-13T14:22:07
T000986,C002122,O0010081,E0053,2025-06-06 23:51:00,Shipping Delay,Medium,Open,,,2025-06-07T02:36:31
T000987,C000540,O0000586,E0057,2025-03-14 13:23:00,Product Sizing,Medium,Resolved,6.79,2025-03-14T20:10:24,2025-03-14T15:55:22
T000988,C002072,O0009888,E0034,2025-09-10 21:09:00,Product Sizing,Medium,Resolved,4.3,2025-09-11T01:27:00,2025-09-11T00:06:25
T000989,C000592,O0013028,E0006,2025-06-04 03:36:00,Order Cancellation,Low,Resolved,6.86,2025-06-04T10:27:36,2025-06-04T06:46:53
T000990,C000264,O0008978,E0056,2025-03-18 01:26:00,Return Request,Medium,Resolved,28.78,2025-03-19T06:12:48,2025-03-18T03:06:18
T000991,C000349,O0007370,E0045,2025-03-20 13:11:00,Return Request,Low,Pending Customer,12.71,2025-03-21T01:53:36,2025-03-20T15:27:17
T000992,C002172,O0000754,E0022,2025-10-05 12:51:00,Bulk Order Quote,High,Resolved,119.11,2025-10-10T11:57:36,2025-10-05T13:47:56
T000993,C002094,O0012215,E0014,2025-09-13 23:41:00,Return Request,Low,Resolved,50.04,2025-09-16T01:43:24,2025-09-14T00:16:19
T000994,C000190,O0011666,E0051,2025-11-08 16:50:00,Product Sizing,Medium,Resolved,3.73,2025-11-08T20:33:48,2025-11-08T18:12:26
T000995,C000902,O0003079,E0058,2025-04-15 01:24:00,Damaged Item,Medium,Escalated,69.24,2025-04-17T22:38:24,2025-04-15T02:14:56
T000996,C000341,O0000255,E0056,2025-09-04 03:56:00,Account Question,Urgent,Resolved,2.6,2025-09-04T06:32:00,2025-09-04T04:36:52
T000997,C000891,O0003412,E0036,2025-03-10 16:20:00,Account Question,High,Resolved,2.61,2025-03-10T18:56:36,2025-03-10T17:20:13
T000998,C001066,O0002943,E0018,2025-01-04 19:16:00,Damaged Item,Medium,Pending Customer,95.28,2025-01-08T18:32:48,2025-01-04T20:49:20
T000999,C002563,O0013853,E0060,2025-11-05 16:07:00,Return Request,Medium,Resolved,14.16,2025-11-06T06:16:36,2025-11-05T19:29:47
T001000,C002410,O0000490,E0036,2025-09-26 23:10:00,Bulk Order Quote,High,Resolved,102.27,2025-10-01T05:26:12,2025-09-27T02:15:01
T001001,C000821,O0005541,E0028,2025-12-26 05:08:00,Shipping Delay,Medium,Resolved,20.24,2025-12-27T01:22:24,2025-12-26T08:03:36
T001002,C001971,O0003450,E0006,2025-03-13 17:30:00,Shipping Delay,High,Open,,,2025-03-13T19:34:46
T001003,C002521,O0010522,E0060,2025-11-17 04:40:00,Shipping Delay,High,Pending Customer,74.64,2025-11-20T07:18:24,2025-11-17T06:03:59
T001004,C000079,O0003240,E0060,2025-06-16 16:44:00,Order Cancellation,Low,Pending Customer,4.34,2025-06-16T21:04:24,2025-06-16T19:01:42
T001005,C000932,O0010530,E0006,2025-04-01 12:33:00,Bulk Order Quote,Medium,Resolved,74.61,2025-04-04T15:09:36,2025-04-01T13:58:59
T001006,C001544,O0009266,E0046,2025-10-21 09:09:00,Shipping Delay,Medium,Pending Customer,7.55,2025-10-21T16:42:00,2025-10-21T11:34:28
T001007,C002382,O0007856,E0054,2025-03-20 19:47:00,Damaged Item,Low,Resolved,77.84,2025-03-24T01:37:24,2025-03-20T22:30:23
T001008,C000781,O0007146,E0041,2025-08-26 04:07:00,Shipping Delay,Low,Resolved,24.8,2025-08-27T04:55:00,2025-08-26T05:56:26
T001009,C002098,O0003912,E0060,2025-05-06 01:38:00,Order Cancellation,Low,Resolved,2.33,2025-05-06T03:57:48,2025-05-06T04:01:22
T001010,C001239,O0003025,E0026,2025-08-29 07:19:00,Shipping Delay,Low,Resolved,15.35,2025-08-29T22:40:00,2025-08-29T08:34:13
T001011,C000973,O0009919,E0043,2025-10-08 20:59:00,Return Request,Medium,Pending Customer,26.1,2025-10-09T23:05:00,2025-10-08T23:54:35
T001012,C000576,O0004065,E0059,2026-01-04 03:18:00,Warranty Claim,Low,Resolved,64.38,2026-01-06T19:40:48,2026-01-04T04:29:45
T001013,C001875,O0001914,E0026,2025-08-07 04:25:00,Return Request,Low,Resolved,63.38,2025-08-09T19:47:48,2025-08-07T07:55:44
T001014,C002422,O0000792,E0034,2025-09-11 03:01:00,Return Request,Low,Resolved,28.01,2025-09-12T07:01:36,2025-09-11T05:45:01
T001015,C002015,O0007392,E0014,2025-11-17 03:28:00,Shipping Delay,High,Resolved,35.79,2025-11-18T15:15:24,2025-11-17T04:24:25
T001016,C001616,O0001745,E0060,2025-11-07 17:46:00,Order Cancellation,Low,Pending Customer,1.63,2025-11-07T19:23:48,2025-11-07T20:37:21
T001017,C001409,O0014632,E0039,2025-07-04 05:36:00,Warranty Claim,Medium,Resolved,180.41,2025-07-11T18:00:36,2025-07-04T06:51:31
T001018,C000743,O0007022,E0057,2025-01-11 05:37:00,Damaged Item,Low,Open,,,2025-01-11T07:21:50
T001019,C001098,O0007342,E0026,2025-04-25 19:26:00,Product Sizing,Low,Pending Customer,3.44,2025-04-25T22:52:24,2025-04-25T21:34:34
T001020,C002246,O0003480,E0036,2025-11-02 03:55:00,Return Request,Urgent,Open,,,2025-11-02T04:41:12
T001021,C002593,O0004741,E0014,2025-05-19 13:04:00,Shipping Delay,Low,Resolved,53.93,2025-05-21T18:59:48,2025-05-19T16:09:52
T001022,C001016,O0011336,E0051,2025-10-14 12:38:00,Account Question,Low,Open,,,2025-10-14T14:47:10
T001023,C000536,O0002513,E0036,2025-02-26 11:19:00,Order Cancellation,Low,Resolved,5.71,2025-02-26T17:01:36,2025-02-26T13:02:33
T001024,C000417,O0013017,E0060,2025-09-11 04:33:00,Return Request,Low,Resolved,46.42,2025-09-13T02:58:12,2025-09-11T06:45:50
T001025,C001552,O0014137,E0014,2025-10-21 22:00:00,Account Question,Medium,Resolved,17.65,2025-10-22T15:39:00,2025-10-21T23:50:25
T001026,C002439,O0000702,E0060,2026-01-03 16:50:00,Order Cancellation,High,Resolved,8.01,2026-01-04T00:50:36,2026-01-03T17:29:42
T001027,C002361,O0006006,E0043,2025-10-19 07:51:00,Bulk Order Quote,Medium,Escalated,37.54,2025-10-20T21:23:24,2025-10-19T09:33:25
T001028,C001358,O0001836,E0040,2025-07-23 06:41:00,Return Request,High,Resolved,17.46,2025-07-24T00:08:36,2025-07-23T09:43:23
T001029,C000101,O0006026,E0026,2025-04-24 13:32:00,Product Sizing,High,Resolved,4.17,2025-04-24T17:42:12,2025-04-24T15:41:55
T001030,C000959,O0007159,E0053,2025-04-17 09:23:00,Warranty Claim,Medium,Resolved,112.55,2025-04-22T01:56:00,2025-04-17T12:46:11
T001031,C002173,O0007644,E0043,2025-10-03 02:20:00,Warranty Claim,Low,Resolved,72.74,2025-10-06T03:04:24,2025-10-03T05:52:36
T001032,C000528,O0014891,E0039,2025-05-20 11:27:00,Order Cancellation,Low,Resolved,5.22,2025-05-20T16:40:12,2025-05-20T12:43:26
T001033,C001222,O0011087,E0008,2025-10-17 01:03:00,Account Question,Medium,Resolved,4.28,2025-10-17T05:19:48,2025-10-17T04:49:16
T001034,C001047,O0010880,E0048,2025-10-19 23:26:00,Account Question,Medium,Resolved,8.18,2025-10-20T07:36:48,2025-10-20T00:57:20
T001035,C002090,O0005896,E0003,2025-10-01 00:19:00,Warranty Claim,High,Escalated,169.32,2025-10-08T01:38:12,2025-10-01T01:10:55
T001036,C001373,O0012958,E0060,2025-05-04 05:55:00,Return Request,Low,Escalated,10.99,2025-05-04T16:54:24,2025-05-04T08:28:07
T001037,C002473,O0004166,E0042,2025-07-29 11:26:00,Product Sizing,Low,Pending Customer,5.33,2025-07-29T16:45:48,2025-07-29T12:15:07
T001038,C001014,O0009461,E0040,2025-12-21 02:21:00,Shipping Delay,Low,Open,,,2025-12-21T05:18:28
T001039,C000261,O0011983,E0045,2025-11-08 20:50:00,Product Sizing,Low,Resolved,8.48,2025-11-09T05:18:48,2025-11-08T22:41:05
T001040,C002299,O0001744,E0048,2025-03-24 23:56:00,Product Sizing,Low,Resolved,7.66,2025-03-25T07:35:36,2025-03-25T03:06:01
T001041,C001138,O0013469,E0009,2025-09-02 11:01:00,Order Cancellation,Medium,Pending Customer,5.24,2025-09-02T16:15:24,2025-09-02T12:35:15
T001042,C000943,O0014103,E0060,2025-03-26 01:01:00,Bulk Order Quote,Low,Resolved,51.63,2025-03-28T04:38:48,2025-03-26T04:11:58
T001043,C002170,O0002455,E0045,2025-06-11 15:14:00,Return Request,Medium,Resolved,46.77,2025-06-13T14:00:12,2025-06-11T17:08:07
T001044,C002250,O0001637,E0046,2025-10-25 15:15:00,Return Request,Medium,Pending Customer,15.72,2025-10-26T06:58:12,2025-10-25T16:13:26
T001045,C000504,O0005528,E0053,2025-04-02 17:42:00,Warranty Claim,Low,Escalated,152.73,2025-04-09T02:25:48,2025-04-02T19:40:07
T001046,C000056,O0003781,E0024,2025-07-28 12:41:00,Shipping Delay,High,Open,,,2025-07-28T14:03:32
T001047,C002592,O0002688,E0046,2025-10-13 16:12:00,Account Question,Low,Resolved,8.0,2025-10-14T00:12:00,2025-10-13T19:21:22
T001048,C000710,O0007267,E0014,2025-08-03 04:29:00,Account Question,Low,Resolved,7.39,2025-08-03T11:52:24,2025-08-03T06:27:54
T001049,C001249,O0012760,E0039,2025-04-24 13:07:00,Account Question,Low,Resolved,3.69,2025-04-24T16:48:24,2025-04-24T16:32:33
T001050,C001906,O0003635,E0060,2025-06-01 18:28:00,Shipping Delay,Medium,Resolved,23.15,2025-06-02T17:37:00,2025-06-01T20:36:49
T001051,C001428,O0014619,E0060,2025-06-19 21:27:00,Product Sizing,Medium,Pending Customer,10.1,2025-06-20T07:33:00,2025-06-20T00:42:02
T001052,C000646,O0002333,E0034,2025-12-25 14:24:00,Return Request,High,Escalated,104.94,2025-12-29T23:20:24,2025-12-25T15:59:10
T001053,C000608,O0006924,E0017,2026-01-13 04:23:00,Damaged Item,Low,Resolved,22.38,2026-01-14T02:45:48,2026-01-13T08:03:37
T001054,C001979,O0000933,E0026,2025-09-25 06:14:00,Shipping Delay,Low,Resolved,19.19,2025-09-26T01:25:24,2025-09-25T06:55:57
T001055,C001639,O0004570,E0051,2025-07-10 20:31:00,Product Sizing,Medium,Resolved,5.63,2025-07-11T02:08:48,2025-07-10T23:39:04
T001056,C001790,O0008159,E0046,2025-03-18 22:48:00,Damaged Item,Medium,Resolved,22.51,2025-03-19T21:18:36,2025-03-19T01:54:29
T001057,C001738,O0008822,E0060,2025-09-25 18:06:00,Warranty Claim,Medium,Resolved,214.33,2025-10-04T16:25:48,2025-09-25T21:41:42
T001058,C000415,O0004347,E0036,2025-03-01 03:12:00,Warranty Claim,Medium,Pending Customer,83.63,2025-03-04T14:49:48,2025-03-01T06:33:33
T001059,C000608,O0012973,E0034,2025-07-24 06:36:00,Bulk Order Quote,Low,Resolved,47.51,2025-07-26T06:06:36,2025-07-24T09:48:16
T001060,C002235,O0010710,E0036,2025-11-02 02:57:00,Shipping Delay,Low,Resolved,8.31,2025-11-02T11:15:36,2025-11-02T04:06:03
T001061,C000798,O0010077,E0053,2025-06-06 07:27:00,Return Request,Low,Pending Customer,32.77,2025-06-07T16:13:12,2025-06-06T10:45:17
T001062,C001970,O0009482,E0060,2025-01-27 17:31:00,Warranty Claim,Low,Resolved,131.91,2025-02-02T05:25:36,2025-01-27T18:52:57
T001063,C000781,O0007146,E0014,2025-08-28 14:07:00,Warranty Claim,Low,Open,,,2025-08-28T16:56:35
T001064,C002581,O0009886,E0034,2025-07-06 10:54:00,Return Request,High,Pending Customer,21.41,2025-07-07T08:18:36,2025-07-06T14:22:58
T001065,C000456,O0013380,E0056,2025-06-09 22:33:00,Order Cancellation,Low,Escalated,7.6,2025-06-10T06:09:00,2025-06-09T23:51:17
T001066,C000149,O0006277,E0006,2026-01-30 22:00:00,Order Cancellation,Urgent,Pending Customer,2.34,2026-01-31T00:20:24,2026-01-31T00:15:08
T001067,C000559,O0010625,E0039,2025-03-13 11:25:00,Return Request,Medium,Pending Customer,34.63,2025-03-14T22:02:48,2025-03-13T15:20:48
T001068,C000147,O0012666,E0014,2025-10-10 23:54:00,Damaged Item,Medium,Resolved,123.0,2025-10-16T02:54:00,2025-10-11T03:13:54
T001069,C001462,O0003420,E0045,2025-01-22 21:29:00,Bulk Order Quote,High,Escalated,184.7,2025-01-30T14:11:00,2025-01-22T22:53:00
T001070,C000314,O0005814,E0040,2025-02-27 16:00:00,Account Question,Medium,Resolved,10.98,2025-02-28T02:58:48,2025-02-27T18:40:41
T001071,C001737,O0012741,E0006,2025-03-30 13:19:00,Shipping Delay,Medium,Resolved,12.32,2025-03-31T01:38:12,2025-03-30T16:39:23
T001072,C000337,O0013546,E0003,2025-05-06 21:35:00,Warranty Claim,Low,Resolved,100.51,2025-05-11T02:05:36,2025-05-06T22:40:15
T001073,C000097,O0000057,E0026,2025-11-09 18:53:00,Product Sizing,Low,Resolved,4.32,2025-11-09T23:12:12,2025-11-09T20:07:51
T001074,C001545,O0009936,E0057,2025-02-05 01:43:00,Return Request,Medium,Open,,,2025-02-05T03:13:54
T001075,C000597,O0004094,E0014,2025-08-29 12:35:00,Return Request,Urgent,Resolved,25.43,2025-08-30T14:00:48,2025-08-29T15:46:05
T001076,C001801,O0000473,E0057,2025-12-09 03:29:00,Shipping Delay,Low,Resolved,97.69,2025-12-13T05:10:24,2025-12-09T07:28:28
T001077,C002140,O0012046,E0057,2025-12-03 10:13:00,Return Request,Low,Resolved,67.25,2025-12-06T05:28:00,2025-12-03T12:23:23
T001078,C001192,O0001358,E0039,2025-11-07 18:16:00,Product Sizing,Low,Resolved,10.51,2025-11-08T04:46:36,2025-11-07T21:38:20
T001079,C001540,O0013323,E0036,2025-03-04 17:53:00,Product Sizing,Medium,Escalated,5.57,2025-03-04T23:27:12,2025-03-04T20:23:36
T001080,C001409,O0014632,E0039,2025-07-03 15:36:00,Account Question,High,Resolved,8.92,2025-07-04T00:31:12,2025-07-03T18:27:19
T001081,C000348,O0002202,E0046,2025-05-04 04:35:00,Order Cancellation,Low,Pending Customer,1.5,2025-05-04T06:05:00,2025-05-04T05:18:33
T001082,C000050,O0012184,E0054,2025-12-25 17:26:00,Return Request,Urgent,Pending Customer,56.7,2025-12-28T02:08:00,2025-12-25T18:20:20
T001083,C001717,O0012368,E0019,2025-05-08 09:18:00,Shipping Delay,Medium,Open,,,2025-05-08T10:00:58
T001084,C000146,O0002788,E0020,2025-04-22 07:36:00,Shipping Delay,Medium,Pending Customer,18.79,2025-04-23T02:23:24,2025-04-22T10:07:15
T001085,C002137,O0000401,E0006,2025-10-06 14:23:00,Order Cancellation,Low,Resolved,5.74,2025-10-06T20:07:24,2025-10-06T17:04:49
T001086,C000784,O0002828,E0042,2025-11-26 06:19:00,Order Cancellation,Low,Resolved,2.99,2025-11-26T09:18:24,2025-11-26T08:23:08
T001087,C000328,O0014917,E0024,2025-08-08 23:24:00,Damaged Item,Medium,Resolved,21.92,2025-08-09T21:19:12,2025-08-09T00:50:54
T001088,C001316,O0007312,E0019,2025-09-10 23:13:00,Shipping Delay,Medium,Resolved,9.73,2025-09-11T08:56:48,2025-09-11T03:12:18
T001089,C001498,O0011557,E0060,2025-09-02 02:46:00,Return Request,Low,Open,,,2025-09-02T03:45:08
T001090,C001708,O0000239,E0026,2025-06-17 23:37:00,Shipping Delay,Medium,Resolved,38.1,2025-06-19T13:43:00,2025-06-18T00:17:52
T001091,C002586,O0003128,E0057,2025-12-16 02:47:00,Order Cancellation,Medium,Resolved,8.92,2025-12-16T11:42:12,2025-12-16T03:47:15
T001092,C002377,O0005065,E0036,2025-12-26 10:55:00,Order Cancellation,Low,Resolved,3.7,2025-12-26T14:37:00,2025-12-26T13:57:32
T001093,C000727,O0004646,E0036,2025-02-28 04:43:00,Shipping Delay,High,Open,,,2025-02-28T05:26:33
T001094,C000556,O0000728,E0020,2025-05-17 04:47:00,Product Sizing,High,Resolved,2.63,2025-05-17T07:24:48,2025-05-17T07:23:26
T001095,C001079,O0006581,E0041,2025-08-22 17:54:00,Return Request,Low,Resolved,26.47,2025-08-23T20:22:12,2025-08-22T19:20:23
T001096,C000499,O0014095,E0024,2025-05-25 12:23:00,Damaged Item,High,Resolved,72.78,2025-05-28T13:09:48,2025-05-25T14:49:28
T001097,C000253,O0007777,E0003,2025-08-01 08:17:00,Product Sizing,Low,Resolved,12.2,2025-08-01T20:29:00,2025-08-01T09:13:56
T001098,C000143,O0007657,E0048,2025-02-24 11:54:00,Damaged Item,Medium,Resolved,81.98,2025-02-27T21:52:48,2025-02-24T14:21:39
T001099,C001889,O0008177,E0006,2025-11-19 19:52:00,Shipping Delay,High,Escalated,19.07,2025-11-20T14:56:12,2025-11-19T22:05:51
T001100,C001470,O0010898,E0026,2025-05-15 16:05:00,Damaged Item,Medium,Resolved,66.14,2025-05-18T10:13:24,2025-05-15T17:11:55
T001101,C001452,O0001554,E0042,2025-07-30 23:37:00,Bulk Order Quote,Low,Resolved,113.6,2025-08-04T17:13:00,2025-07-31T00:41:24
T001102,C002099,O0012684,E0024,2025-10-29 15:53:00,Order Cancellation,Medium,Resolved,6.33,2025-10-29T22:12:48,2025-10-29T18:12:16
T001103,C000181,O0013634,E0043,2025-11-08 17:31:00,Shipping Delay,Medium,Resolved,14.85,2025-11-09T08:22:00,2025-11-08T19:42:59
T001104,C000879,O0012254,E0042,2025-04-18 11:38:00,Return Request,Medium,Resolved,32.69,2025-04-19T20:19:24,2025-04-18T14:50:26
T001105,C000333,O0014726,E0036,2025-10-08 09:33:00,Return Request,Low,Resolved,54.9,2025-10-10T16:27:00,2025-10-08T10:34:36
T001106,C001576,O0011353,E0043,2025-04-26 09:16:00,Bulk Order Quote,Medium,Pending Customer,60.78,2025-04-28T22:02:48,2025-04-26T11:16:08
T001107,C002139,O0012485,E0048,2025-12-09 01:55:00,Order Cancellation,High,Resolved,8.95,2025-12-09T10:52:00,2025-12-09T05:39:01
T001108,C000060,O0008340,E0022,2025-07-03 14:30:00,Product Sizing,Low,Resolved,8.17,2025-07-03T22:40:12,2025-07-03T17:19:49
T001109,C000095,O0005249,E0060,2025-12-24 08:54:00,Shipping Delay,Medium,Resolved,50.86,2025-12-26T11:45:36,2025-12-24T10:10:07
T001110,C000841,O0004501,E0035,2025-03-27 13:22:00,Product Sizing,Medium,Resolved,9.76,2025-03-27T23:07:36,2025-03-27T16:03:19
T001111,C000218,O0007838,E0006,2026-01-22 15:19:00,Return Request,High,Resolved,71.58,2026-01-25T14:53:48,2026-01-22T15:54:24
T001112,C000210,O0007773,E0040,2025-03-29 02:14:00,Product Sizing,Low,Pending Customer,5.15,2025-03-29T07:23:00,2025-03-29T03:10:52
T001113,C001561,O0008850,E0019,2025-05-30 18:52:00,Damaged Item,Low,Resolved,84.24,2025-06-03T07:06:24,2025-05-30T21:09:39
T001114,C002088,O0013272,E0043,2025-12-14 13:10:00,Bulk Order Quote,High,Resolved,37.33,2025-12-16T02:29:48,2025-12-14T16:45:48
T001115,C000501,O0001166,E0048,2025-02-06 05:02:00,Bulk Order Quote,Medium,Pending Customer,121.82,2025-02-11T06:51:12,2025-02-06T09:00:35
T001116,C000827,O0000166,E0026,2025-04-10 02:55:00,Account Question,Low,Resolved,6.15,2025-04-10T09:04:00,2025-04-10T04:56:12
T001117,C001557,O0007623,E0019,2025-05-26 19:36:00,Warranty Claim,Low,Open,,,2025-05-26T21:32:13
T001118,C001127,O0009902,E0019,2025-05-17 15:30:00,Damaged Item,Medium,Resolved,55.25,2025-05-19T22:45:00,2025-05-17T16:29:36
T001119,C000855,O0000260,E0014,2025-03-15 14:01:00,Damaged Item,High,Pending Customer,39.66,2025-03-17T05:40:36,2025-03-15T14:32:13
T001120,C002343,O0001812,E0059,2025-10-28 07:16:00,Bulk Order Quote,Medium,Resolved,207.11,2025-11-05T22:22:36,2025-10-28T09:17:08
T001121,C000239,O0007685,E0043,2025-10-13 22:18:00,Shipping Delay,High,Resolved,14.59,2025-10-14T12:53:24,2025-10-14T00:46:10
T001122,C002333,O0009608,E0024,2025-04-05 14:18:00,Order Cancellation,Medium,Pending Customer,3.06,2025-04-05T17:21:36,2025-04-05T15:27:46
T001123,C000218,O0005298,E0056,2025-02-11 06:31:00,Return Request,Medium,Pending Customer,33.5,2025-02-12T16:01:00,2025-02-11T07:24:20
T001124,C002434,O0003832,E0054,2025-04-13 03:27:00,Return Request,High,Resolved,65.58,2025-04-15T21:01:48,2025-04-13T04:01:58
T001125,C000166,O0010563,E0039,2025-02-22 20:35:00,Warranty Claim,Low,Resolved,53.61,2025-02-25T02:11:36,2025-02-22T21:28:54
T001126,C001616,O0008615,E0051,2025-11-24 06:02:00,Warranty Claim,Medium,Resolved,332.15,2025-12-08T02:11:00,2025-11-24T08:35:54
T001127,C000263,O0004130,E0043,2025-08-24 01:47:00,Warranty Claim,Low,Pending Customer,73.7,2025-08-27T03:29:00,2025-08-24T02:19:38
T001128,C001641,O0012758,E0043,2025-04-25 11:52:00,Warranty Claim,Medium,Resolved,44.24,2025-04-27T08:06:24,2025-04-25T13:01:14
T001129,C001105,O0009872,E0046,2025-01-10 09:55:00,Product Sizing,Medium,Resolved,23.37,2025-01-11T09:17:12,2025-01-10T12:05:30
T001130,C002221,O0003534,E0003,2025-06-14 23:39:00,Account Question,Low,Resolved,11.94,2025-06-15T11:35:24,2025-06-15T02:34:09
T001131,C001120,O0013137,E0020,2025-08-14 00:25:00,Product Sizing,Low,Resolved,6.77,2025-08-14T07:11:12,2025-08-14T01:09:27
T001132,C002429,O0010728,E0060,2025-02-24 20:37:00,Account Question,Low,Resolved,3.62,2025-02-25T00:14:12,2025-02-24T22:23:45
T001133,C001384,O0013722,E0014,2025-10-29 05:03:00,Bulk Order Quote,Medium,Resolved,71.09,2025-11-01T04:08:24,2025-10-29T06:32:34
T001134,C002023,O0006784,E0014,2025-02-12 07:31:00,Damaged Item,High,Resolved,63.53,2025-02-14T23:02:48,2025-02-12T08:03:02
T001135,C000936,O0013840,E0003,2025-04-11 15:06:00,Bulk Order Quote,Low,Pending Customer,71.81,2025-04-14T14:54:36,2025-04-11T17:00:47
T001136,C000373,O0004258,E0040,2025-05-15 16:45:00,Return Request,Medium,Resolved,9.98,2025-05-16T02:43:48,2025-05-15T17:48:32
T001137,C002400,O0001713,E0046,2025-11-09 20:18:00,Warranty Claim,Low,Escalated,57.4,2025-11-12T05:42:00,2025-11-09T22:57:48
T001138,C000931,O0009465,E0006,2025-10-05 11:53:00,Product Sizing,Low,Escalated,2.09,2025-10-05T13:58:24,2025-10-05T14:21:28
T001139,C001541,O0011183,E0046,2025-02-13 23:16:00,Warranty Claim,Low,Resolved,177.89,2025-02-21T09:09:24,2025-02-14T02:30:30
T001140,C000184,O0006145,E0014,2025-08-21 21:54:00,Damaged Item,Low,Pending Customer,35.95,2025-08-23T09:51:00,2025-08-22T01:31:37
T001141,C000212,O0006034,E0048,2025-10-25 04:39:00,Return Request,Medium,Resolved,37.04,2025-10-26T17:41:24,2025-10-25T07:48:09
T001142,C002476,O0010714,E0043,2025-12-23 04:17:00,Warranty Claim,Low,Resolved,31.69,2025-12-24T11:58:24,2025-12-23T07:19:50
T001143,C001909,O0012512,E0034,2025-05-30 19:05:00,Damaged Item,Low,Resolved,47.15,2025-06-01T18:14:00,2025-05-30T21:27:08
T001144,C002060,O0003100,E0019,2025-09-21 21:21:00,Bulk Order Quote,Low,Resolved,27.6,2025-09-23T00:57:00,2025-09-22T00:55:37
T001145,C002122,O0010081,E0014,2025-06-28 20:51:00,Return Request,Low,Resolved,14.58,2025-06-29T11:25:48,2025-06-29T00:13:38
T001146,C002067,O0007766,E0003,2025-04-24 12:50:00,Shipping Delay,Low,Resolved,31.74,2025-04-25T20:34:24,2025-04-24T16:45:11
T001147,C001522,O0006115,E0057,2025-12-07 13:51:00,Shipping Delay,High,Resolved,45.33,2025-12-09T11:10:48,2025-12-07T16:36:59
T001148,C001143,O0011455,E0003,2025-05-18 11:31:00,Warranty Claim,Medium,Resolved,115.11,2025-05-23T06:37:36,2025-05-18T12:46:44
T001149,C002506,O0014654,E0040,2025-05-23 20:43:00,Damaged Item,Medium,Resolved,53.66,2025-05-26T02:22:36,2025-05-23T23:10:47
T001150,C001934,O0007512,E0022,2025-09-13 14:46:00,Warranty Claim,High,Resolved,113.25,2025-09-18T08:01:00,2025-09-13T18:33:20
T001151,C002470,O0003662,E0039,2026-01-30 05:08:00,Warranty Claim,High,Escalated,97.3,2026-02-03T06:26:00,2026-01-30T07:16:11
T001152,C001408,O0010915,E0039,2025-11-24 23:07:00,Order Cancellation,Medium,Pending Customer,14.01,2025-11-25T13:07:36,2025-11-25T00:29:36
T001153,C002087,O0007874,E0037,2025-04-29 20:03:00,Return Request,Low,Resolved,31.78,2025-05-01T03:49:48,2025-04-29T23:23:41
T001154,C001669,O0013448,E0057,2026-01-10 04:09:00,Account Question,Medium,Resolved,8.04,2026-01-10T12:11:24,2026-01-10T05:55:19
T001155,C002466,O0000158,E0003,2025-07-07 14:57:00,Return Request,High,Resolved,40.55,2025-07-09T07:30:00,2025-07-07T18:22:20
T001156,C000328,O0002209,E0024,2025-03-27 00:17:00,Bulk Order Quote,High,Resolved,109.1,2025-03-31T13:23:00,2025-03-27T01:02:48
T001157,C000598,O0013243,E0009,2025-04-07 12:24:00,Order Cancellation,Low,Resolved,2.67,2025-04-07T15:04:12,2025-04-07T14:17:47
T001158,C002382,O0005201,E0036,2025-11-22 16:02:00,Shipping Delay,Low,Resolved,14.32,2025-11-23T06:21:12,2025-11-22T19:31:47
T001159,C000145,O0012699,E0026,2025-02-05 17:20:00,Warranty Claim,Urgent,Resolved,279.07,2025-02-17T08:24:12,2025-02-05T18:27:53
T001160,C002077,O0012034,E0039,2025-06-10 17:13:00,Return Request,Low,Pending Customer,43.36,2025-06-12T12:34:36,2025-06-10T18:33:20
T001161,C002243,O0002117,E0051,2025-03-15 11:31:00,Shipping Delay,Low,Resolved,23.2,2025-03-16T10:43:00,2025-03-15T15:11:14
T001162,C001045,O0010832,E0042,2025-08-28 10:02:00,Damaged Item,Low,Resolved,36.25,2025-08-29T22:17:00,2025-08-28T11:51:28
T001163,C001913,O0003514,E0039,2025-04-24 04:32:00,Shipping Delay,Low,Resolved,27.16,2025-04-25T07:41:36,2025-04-24T08:24:49
T001164,C000795,O0007544,E0035,2025-11-26 12:45:00,Damaged Item,Low,Resolved,52.37,2025-11-28T17:07:12,2025-11-26T16:14:46
T001165,C000843,O0011733,E0034,2025-01-15 15:11:00,Return Request,Urgent,Resolved,37.7,2025-01-17T04:53:00,2025-01-15T16:17:23
T001166,C001710,O0002164,E0046,2025-10-25 03:23:00,Shipping Delay,Low,Escalated,34.81,2025-10-26T14:11:36,2025-10-25T07:21:07
T001167,C002398,O0005078,E0056,2025-07-19 22:32:00,Warranty Claim,Urgent,Resolved,49.75,2025-07-22T00:17:00,2025-07-20T01:42:56
T001168,C000441,O0008955,E0048,2025-12-21 18:54:00,Warranty Claim,Low,Resolved,56.81,2025-12-24T03:42:36,2025-12-21T20:18:26
T001169,C000448,O0002023,E0039,2025-10-20 09:20:00,Bulk Order Quote,Medium,Escalated,101.85,2025-10-24T15:11:00,2025-10-20T10:18:46
T001170,C001957,O0002609,E0006,2025-10-19 03:49:00,Shipping Delay,High,Resolved,37.45,2025-10-20T17:16:00,2025-10-19T05:02:00
T001171,C001751,O0006302,E0046,2025-08-05 02:00:00,Shipping Delay,Low,Resolved,13.38,2025-08-05T15:22:48,2025-08-05T04:24:52
T001172,C002343,O0013052,E0019,2025-05-14 19:32:00,Account Question,Medium,Resolved,6.55,2025-05-15T02:05:00,2025-05-14T22:06:04
T001173,C002509,O0008533,E0028,2025-03-08 22:31:00,Product Sizing,High,Open,,,2025-03-08T23:40:25
T001174,C002269,O0004039,E0003,2025-04-17 12:34:00,Account Question,Medium,Pending Customer,11.92,2025-04-18T00:29:12,2025-04-17T14:15:03
T001175,C001889,O0000866,E0043,2026-01-25 09:47:00,Damaged Item,Medium,Resolved,46.66,2026-01-27T08:26:36,2026-01-25T10:46:06
T001176,C001635,O0004876,E0017,2025-12-10 23:49:00,Product Sizing,Medium,Escalated,2.32,2025-12-11T02:08:12,2025-12-11T02:35:13
T001177,C002210,O0008765,E0024,2025-02-26 11:22:00,Account Question,Low,Resolved,13.64,2025-02-27T01:00:24,2025-02-26T13:49:06
T001178,C000472,O0001616,E0018,2025-11-18 16:07:00,Shipping Delay,Medium,Open,,,2025-11-18T19:33:23
T001179,C001128,O0001470,E0054,2025-11-04 19:00:00,Return Request,Low,Resolved,24.36,2025-11-05T19:21:36,2025-11-04T21:29:09
T001180,C001501,O0002211,E0046,2025-10-19 18:10:00,Shipping Delay,Low,Resolved,18.82,2025-10-20T12:59:12,2025-10-19T19:27:14
T001181,C000179,O0008322,E0054,2025-10-24 15:24:00,Shipping Delay,Low,Pending Customer,16.74,2025-10-25T08:08:24,2025-10-24T16:58:51
T001182,C000453,O0004330,E0043,2025-04-07 19:05:00,Return Request,High,Resolved,28.74,2025-04-08T23:49:24,2025-04-07T22:30:30
T001183,C001766,O0014622,E0051,2025-11-05 22:07:00,Account Question,Medium,Resolved,4.17,2025-11-06T02:17:12,2025-11-06T00:37:36
T001184,C001431,O0012158,E0046,2025-09-29 23:35:00,Account Question,Medium,Pending Customer,2.52,2025-09-30T02:06:12,2025-09-30T01:33:42
T001185,C000643,O0011029,E0026,2025-11-18 00:43:00,Shipping Delay,Urgent,Resolved,47.44,2025-11-20T00:09:24,2025-11-18T02:49:47
T001186,C001127,O0005202,E0022,2025-10-23 00:51:00,Damaged Item,Low,Pending Customer,41.78,2025-10-24T18:37:48,2025-10-23T03:21:42
T001187,C001091,O0010190,E0036,2025-07-24 01:26:00,Product Sizing,Low,Resolved,24.03,2025-07-25T01:27:48,2025-07-24T02:48:16
T001188,C000111,O0008810,E0054,2025-01-26 04:53:00,Bulk Order Quote,Low,Open,,,2025-01-26T07:19:40
T001189,C000998,O0004441,E0042,2025-05-13 18:28:00,Damaged Item,Low,Resolved,77.73,2025-05-17T00:11:48,2025-05-13T19:39:51
T001190,C000047,O0013825,E0051,2025-10-09 03:37:00,Shipping Delay,Medium,Resolved,13.65,2025-10-09T17:16:00,2025-10-09T04:51:41
T001191,C002309,O0011536,E0024,2025-02-28 05:13:00,Product Sizing,Low,Resolved,3.54,2025-02-28T08:45:24,2025-02-28T07:07:40
T001192,C001845,O0011804,E0003,2025-03-09 18:22:00,Shipping Delay,Medium,Resolved,42.91,2025-03-11T13:16:36,2025-03-09T20:27:43
T001193,C001825,O0007266,E0040,2025-11-20 18:24:00,Bulk Order Quote,Medium,Resolved,21.18,2025-11-21T15:34:48,2025-11-20T20:22:20
T001194,C001088,O0004055,E0042,2025-11-21 08:03:00,Product Sizing,Low,Escalated,6.59,2025-11-21T14:38:24,2025-11-21T12:02:50
T001195,C001352,O0006461,E0060,2025-03-07 10:52:00,Bulk Order Quote,High,Resolved,145.17,2025-03-13T12:02:12,2025-03-07T12:30:08
T001196,C002470,O0000229,E0039,2025-10-24 18:40:00,Order Cancellation,Low,Pending Customer,2.24,2025-10-24T20:54:24,2025-10-24T19:24:45
T001197,C000178,O0001005,E0056,2025-12-19 19:51:00,Return Request,Low,Resolved,11.05,2025-12-20T06:54:00,2025-12-19T23:06:52
T001198,C001845,O0007121,E0051,2025-02-05 07:17:00,Product Sizing,Low,Resolved,6.18,2025-02-05T13:27:48,2025-02-05T08:52:05
T001199,C001763,O0014260,E0037,2025-09-25 12:50:00,Order Cancellation,Low,Pending Customer,4.15,2025-09-25T16:59:00,2025-09-25T16:33:30
T001200,C001835,O0002200,E0057,2025-06-16 18:57:00,Return Request,Urgent,Resolved,20.21,2025-06-17T15:09:36,2025-06-16T21:34:37
T001201,C002329,O0014712,E0003,2025-04-30 13:37:00,Product Sizing,Medium,Resolved,27.13,2025-05-01T16:44:48,2025-04-30T15:08:27
T001202,C002313,O0002206,E0051,2025-07-23 08:22:00,Warranty Claim,Low,Resolved,96.35,2025-07-27T08:43:00,2025-07-23T10:01:42
T001203,C000556,O0011929,E0024,2026-01-07 19:01:00,Shipping Delay,Medium,Pending Customer,25.86,2026-01-08T20:52:36,2026-01-07T22:24:26
T001204,C000858,O0001943,E0019,2025-08-22 09:30:00,Damaged Item,Medium,Resolved,27.7,2025-08-23T13:12:00,2025-08-22T12:06:12
T001205,C001581,O0004670,E0051,2025-05-05 19:00:00,Damaged Item,Medium,Resolved,39.03,2025-05-07T10:01:48,2025-05-05T22:39:46
T001206,C002053,O0004101,E0026,2025-12-12 07:06:00,Shipping Delay,Low,Pending Customer,46.59,2025-12-14T05:41:24,2025-12-12T10:22:49
T001207,C001095,O0007890,E0006,2025-12-27 23:34:00,Damaged Item,Medium,Resolved,21.07,2025-12-28T20:38:12,2025-12-28T01:15:30
T001208,C000510,O0005338,E0045,2025-07-07 17:15:00,Order Cancellation,Medium,Resolved,3.69,2025-07-07T20:56:24,2025-07-07T18:50:44
T001209,C000346,O0013120,E0040,2025-10-05 04:30:00,Shipping Delay,Medium,Resolved,45.99,2025-10-07T02:29:24,2025-10-05T06:38:48
T001210,C002033,O0005120,E0003,2025-02-22 18:52:00,Shipping Delay,High,Resolved,13.82,2025-02-23T08:41:12,2025-02-22T19:46:11
T001211,C002563,O0013752,E0040,2025-09-30 19:09:00,Product Sizing,Low,Resolved,12.06,2025-10-01T07:12:36,2025-09-30T22:00:11
T001212,C001492,O0002843,E0039,2025-04-21 18:44:00,Product Sizing,Low,Resolved,11.34,2025-04-22T06:04:24,2025-04-21T19:59:00
T001213,C002537,O0006418,E0014,2025-05-21 12:11:00,Account Question,Low,Resolved,6.83,2025-05-21T19:00:48,2025-05-21T13:36:03
T001214,C001510,O0014815,E0014,2025-07-17 05:15:00,Damaged Item,Low,Resolved,17.11,2025-07-17T22:21:36,2025-07-17T06:21:02
T001215,C001370,O0001995,E0051,2025-03-12 18:32:00,Account Question,Low,Resolved,5.33,2025-03-12T23:51:48,2025-03-12T21:29:31
T001216,C000749,O0013873,E0060,2025-04-23 07:13:00,Return Request,Urgent,Resolved,40.77,2025-04-24T23:59:12,2025-04-23T08:54:15
T001217,C000333,O0004499,E0022,2025-03-21 13:38:00,Bulk Order Quote,Low,Resolved,127.46,2025-03-26T21:05:36,2025-03-21T15:10:52
T001218,C000807,O0011535,E0006,2025-11-24 01:37:00,Bulk Order Quote,Medium,Resolved,51.7,2025-11-26T05:19:00,2025-11-24T02:42:07
T001219,C000799,O0000508,E0051,2025-10-13 16:43:00,Return Request,Medium,Pending Customer,40.43,2025-10-15T09:08:48,2025-10-13T19:48:53
T001220,C000752,O0002779,E0019,2025-03-08 02:57:00,Warranty Claim,Medium,Resolved,24.0,2025-03-09T02:57:00,2025-03-08T06:09:05
T001221,C001398,O0012612,E0017,2025-11-05 06:48:00,Return Request,Low,Resolved,26.97,2025-11-06T09:46:12,2025-11-05T08:34:22
T001222,C002080,O0012919,E0020,2025-02-13 12:07:00,Shipping Delay,Low,Pending Customer,27.16,2025-02-14T15:16:36,2025-02-13T13:17:34
T001223,C000879,O0004641,E0053,2025-05-19 08:13:00,Shipping Delay,Low,Resolved,3.26,2025-05-19T11:28:36,2025-05-19T08:52:30
T001224,C000252,O0007426,E0006,2025-04-28 09:22:00,Return Request,Low,Resolved,88.92,2025-05-02T02:17:12,2025-04-28T10:08:27
T001225,C001014,O0010531,E0053,2025-11-25 00:35:00,Damaged Item,Low,Resolved,37.0,2025-11-26T13:35:00,2025-11-25T01:15:53
T001226,C002377,O0005805,E0036,2025-07-01 16:31:00,Warranty Claim,Low,Resolved,311.62,2025-07-14T16:08:12,2025-07-01T18:58:37
T001227,C000719,O0008146,E0036,2025-03-04 22:05:00,Shipping Delay,Low,Resolved,16.44,2025-03-05T14:31:24,2025-03-05T02:04:32
T001228,C002143,O0008539,E0004,2025-06-02 02:13:00,Damaged Item,Medium,Open,,,2025-06-02T04:41:10
T001229,C001749,O0008442,E0039,2025-12-30 19:56:00,Shipping Delay,Medium,Pending Customer,38.76,2026-01-01T10:41:36,2025-12-30T22:23:01
T001230,C001523,O0009434,E0043,2025-11-23 09:03:00,Order Cancellation,Low,Pending Customer,3.5,2025-11-23T12:33:00,2025-11-23T11:31:22
T001231,C001065,O0000288,E0039,2025-08-08 15:16:00,Bulk Order Quote,Medium,Resolved,32.99,2025-08-10T00:15:24,2025-08-08T17:36:00
T001232,C001835,O0012295,E0060,2025-07-23 07:41:00,Return Request,Medium,Escalated,50.94,2025-07-25T10:37:24,2025-07-23T08:24:06
T001233,C000353,O0000501,E0036,2025-02-15 09:45:00,Return Request,Low,Resolved,142.18,2025-02-21T07:55:48,2025-02-15T13:24:39
T001234,C001348,O0011494,E0034,2025-03-24 11:53:00,Product Sizing,High,Resolved,4.0,2025-03-24T15:53:00,2025-03-24T15:12:05
T001235,C002508,O0012112,E0024,2025-03-18 00:40:00,Return Request,High,Resolved,28.86,2025-03-19T05:31:36,2025-03-18T01:18:26
T001236,C000323,O0012662,E0019,2025-12-07 09:47:00,Shipping Delay,Low,Resolved,10.77,2025-12-07T20:33:12,2025-12-07T12:45:34
T001237,C000195,O0014644,E0053,2025-12-04 02:25:00,Return Request,Low,Resolved,45.09,2025-12-05T23:30:24,2025-12-04T04:26:55
T001238,C002084,O0008525,E0039,2025-11-24 10:34:00,Warranty Claim,Low,Resolved,167.31,2025-12-01T09:52:36,2025-11-24T13:48:29
T001239,C001065,O0014630,E0045,2025-11-08 12:32:00,Damaged Item,High,Resolved,54.94,2025-11-10T19:28:24,2025-11-08T15:21:02
T001240,C002086,O0005825,E0057,2025-06-26 22:17:00,Damaged Item,High,Resolved,28.61,2025-06-28T02:53:36,2025-06-27T00:32:51
T001241,C002101,O0013619,E0006,2025-04-07 16:40:00,Damaged Item,Medium,Resolved,59.48,2025-04-10T04:08:48,2025-04-07T20:04:06
T001242,C000409,O0014354,E0036,2025-11-10 10:51:00,Account Question,Medium,Pending Customer,7.9,2025-11-10T18:45:00,2025-11-10T11:36:54
T001243,C001297,O0013104,E0003,2026-01-10 08:13:00,Warranty Claim,Medium,Resolved,142.06,2026-01-16T06:16:36,2026-01-10T10:52:05
T001244,C001647,O0013142,E0007,2025-02-09 13:07:00,Damaged Item,High,Escalated,39.61,2025-02-11T04:43:36,2025-02-09T14:00:21
T001245,C001966,O0006687,E0036,2025-02-28 22:19:00,Return Request,Low,Open,,,2025-03-01T01:02:08
T001246,C001067,O0005952,E0054,2025-10-21 13:12:00,Order Cancellation,Low,Resolved,4.29,2025-10-21T17:29:24,2025-10-21T14:26:38
T001247,C001071,O0012029,E0014,2025-11-29 15:24:00,Product Sizing,High,Resolved,10.87,2025-11-30T02:16:12,2025-11-29T16:14:35
T001248,C001977,O0006608,E0020,2025-08-27 05:38:00,Account Question,Medium,Resolved,19.74,2025-08-28T01:22:24,2025-08-27T08:09:47
T001249,C002220,O0003866,E0057,2025-11-03 10:26:00,Warranty Claim,Low,Resolved,71.62,2025-11-06T10:03:12,2025-11-03T12:56:00
T001250,C000366,O0011203,E0042,2026-01-10 16:37:00,Shipping Delay,Low,Resolved,30.25,2026-01-11T22:52:00,2026-01-10T19:42:44
T001251,C002288,O0002337,E0022,2025-06-29 10:01:00,Damaged Item,Medium,Resolved,44.49,2025-07-01T06:30:24,2025-06-29T11:19:57
T001252,C002293,O0006259,E0019,2025-02-06 06:52:00,Return Request,Low,Resolved,7.82,2025-02-06T14:41:12,2025-02-06T08:47:21
T001253,C001878,O0014139,E0042,2025-12-27 17:30:00,Bulk Order Quote,Low,Resolved,192.39,2026-01-04T17:53:24,2025-12-27T18:22:10
T001254,C001409,O0008572,E0026,2025-09-08 11:09:00,Bulk Order Quote,Low,Resolved,131.23,2025-09-13T22:22:48,2025-09-08T14:50:25
T001255,C002009,O0009015,E0051,2025-09-08 18:14:00,Account Question,Low,Resolved,6.74,2025-09-09T00:58:24,2025-09-08T21:04:52
T001256,C000059,O0009435,E0003,2025-09-02 07:21:00,Return Request,Low,Resolved,25.38,2025-09-03T08:43:48,2025-09-02T09:28:50
T001257,C001945,O0001018,E0060,2025-02-02 11:16:00,Return Request,Low,Resolved,12.45,2025-02-02T23:43:00,2025-02-02T14:16:54
T001258,C000384,O0014142,E0043,2025-04-26 12:11:00,Return Request,High,Resolved,47.95,2025-04-28T12:08:00,2025-04-26T13:44:59
T001259,C000752,O0004023,E0009,2025-12-24 19:37:00,Damaged Item,Low,Resolved,38.67,2025-12-26T10:17:12,2025-12-24T22:24:23
T001260,C000728,O0000559,E0040,2025-07-27 08:42:00,Return Request,Low,Pending Customer,50.1,2025-07-29T10:48:00,2025-07-27T11:16:45
T001261,C002519,O0007727,E0040,2025-08-31 13:39:00,Warranty Claim,Low,Resolved,27.54,2025-09-01T17:11:24,2025-08-31T16:43:26
T001262,C002482,O0014924,E0043,2025-04-20 09:13:00,Shipping Delay,Medium,Pending Customer,21.61,2025-04-21T06:49:36,2025-04-20T09:47:28
T001263,C001817,O0000265,E0046,2025-07-20 09:21:00,Return Request,Low,Resolved,26.24,2025-07-21T11:35:24,2025-07-20T13:15:55
T001264,C002158,O0014373,E0026,2025-07-31 18:14:00,Shipping Delay,Low,Open,,,2025-07-31T20:22:31
T001265,C000840,O0007834,E0036,2026-02-01 05:48:00,Bulk Order Quote,Low,Resolved,84.91,2026-02-04T18:42:36,2026-02-01T07:06:01
T001266,C000889,O0011190,E0024,2025-09-02 22:57:00,Return Request,Low,Pending Customer,30.12,2025-09-04T05:04:12,2025-09-03T01:53:47
T001267,C001073,O0005426,E0039,2025-12-22 08:53:00,Shipping Delay,Medium,Resolved,43.73,2025-12-24T04:36:48,2025-12-22T11:25:12
T001268,C000651,O0007781,E0043,2025-07-26 22:54:00,Order Cancellation,Medium,Resolved,4.52,2025-07-27T03:25:12,2025-07-27T00:51:15
T001269,C002327,O0014718,E0026,2025-07-22 20:28:00,Shipping Delay,Medium,Open,,,2025-07-22T23:59:32
T001270,C002044,O0007590,E0040,2025-04-24 11:59:00,Return Request,Medium,Resolved,65.5,2025-04-27T05:29:00,2025-04-24T15:13:46
T001271,C000835,O0007761,E0006,2025-06-08 15:48:00,Bulk Order Quote,Medium,Resolved,97.87,2025-06-12T17:40:12,2025-06-08T17:19:29
T001272,C001589,O0012454,E0026,2025-10-27 14:56:00,Bulk Order Quote,Low,Open,,,2025-10-27T16:43:18
T001273,C001358,O0005551,E0014,2025-03-30 07:52:00,Shipping Delay,Low,Resolved,30.25,2025-03-31T14:07:00,2025-03-30T11:26:27
T001274,C002348,O0013986,E0043,2025-03-18 12:35:00,Warranty Claim,Low,Resolved,93.52,2025-03-22T10:06:12,2025-03-18T14:13:57
T001275,C001684,O0000338,E0009,2025-07-02 23:26:00,Shipping Delay,High,Resolved,16.89,2025-07-03T16:19:24,2025-07-03T02:14:32
T001276,C000561,O0011526,E0026,2025-03-20 07:13:00,Damaged Item,Medium,Escalated,39.39,2025-03-21T22:36:24,2025-03-20T09:39:47
T001277,C002251,O0002603,E0048,2025-11-15 12:03:00,Warranty Claim,High,Pending Customer,244.26,2025-11-25T16:18:36,2025-11-15T15:40:23
T001278,C001736,O0013398,E0043,2025-03-14 05:54:00,Shipping Delay,Low,Open,,,2025-03-14T06:29:43
T001279,C001492,O0014463,E0041,2025-06-01 03:10:00,Shipping Delay,Medium,Pending Customer,22.94,2025-06-02T02:06:24,2025-06-01T04:03:06
T001280,C000282,O0001600,E0026,2025-10-28 06:57:00,Return Request,Medium,Resolved,86.24,2025-10-31T21:11:24,2025-10-28T09:56:35
T001281,C000840,O0010485,E0034,2026-02-07 18:42:00,Shipping Delay,Medium,Escalated,19.06,2026-02-08T13:45:36,2026-02-07T20:28:03
T001282,C002385,O0009973,E0014,2025-11-13 03:33:00,Return Request,Medium,Resolved,32.12,2025-11-14T11:40:12,2025-11-13T05:28:57
T001283,C000071,O0011274,E0026,2025-04-15 14:35:00,Order Cancellation,Medium,Pending Customer,5.56,2025-04-15T20:08:36,2025-04-15T15:44:40
T001284,C002586,O0006260,E0051,2025-11-05 02:39:00,Shipping Delay,Low,Resolved,32.6,2025-11-06T11:15:00,2025-11-05T03:32:55
T001285,C001895,O0003848,E0057,2025-06-18 12:07:00,Shipping Delay,Medium,Resolved,15.21,2025-06-19T03:19:36,2025-06-18T14:52:57
T001286,C001016,O0007469,E0019,2025-09-16 18:55:00,Damaged Item,Medium,Pending Customer,50.9,2025-09-18T21:49:00,2025-09-16T21:47:48
T001287,C001183,O0000246,E0057,2025-02-14 14:11:00,Warranty Claim,Low,Resolved,130.46,2025-02-20T00:38:36,2025-02-14T17:47:27
T001288,C001544,O0005243,E0057,2025-11-25 21:33:00,Product Sizing,Medium,Resolved,3.22,2025-11-26T00:46:12,2025-11-25T23:20:24
T001289,C002126,O0000472,E0041,2025-04-11 07:28:00,Shipping Delay,Medium,Resolved,18.05,2025-04-12T01:31:00,2025-04-11T10:13:05
T001290,C001491,O0002695,E0035,2025-01-19 22:46:00,Return Request,Medium,Resolved,33.84,2025-01-21T08:36:24,2025-01-19T23:39:36
T001291,C002585,O0005566,E0060,2026-01-18 20:20:00,Shipping Delay,Medium,Resolved,45.53,2026-01-20T17:51:48,2026-01-18T22:36:01
T001292,C001513,O0005664,E0014,2025-09-07 07:33:00,Damaged Item,Low,Resolved,48.7,2025-09-09T08:15:00,2025-09-07T10:19:33
T001293,C002521,O0010522,E0034,2025-10-12 18:40:00,Order Cancellation,Low,Pending Customer,4.05,2025-10-12T22:43:00,2025-10-12T21:08:05
T001294,C000591,O0008528,E0014,2025-05-30 16:54:00,Warranty Claim,High,Resolved,720.0,2025-06-29T16:54:00,2025-05-30T18:11:23
T001295,C002096,O0002350,E0024,2025-07-01 22:21:00,Return Request,Medium,Resolved,95.98,2025-07-05T22:19:48,2025-07-02T00:41:21
T001296,C000765,O0003711,E0035,2025-08-29 15:23:00,Shipping Delay,Low,Resolved,21.05,2025-08-30T12:26:00,2025-08-29T16:41:55
T001297,C001339,O0002439,E0046,2025-05-02 15:48:00,Bulk Order Quote,Medium,Resolved,50.64,2025-05-04T18:26:24,2025-05-02T18:12:30
T001298,C001003,O0011010,E0040,2025-06-18 02:05:00,Account Question,Low,Resolved,10.73,2025-06-18T12:48:48,2025-06-18T04:44:01
T001299,C000444,O0011447,E0058,2025-10-11 11:39:00,Shipping Delay,Low,Escalated,54.16,2025-10-13T17:48:36,2025-10-11T12:53:05
T001300,C000298,O0010041,E0039,2025-12-05 15:03:00,Return Request,Low,Resolved,26.6,2025-12-06T17:39:00,2025-12-05T17:36:48
T001301,C002231,O0014673,E0042,2025-09-23 10:25:00,Order Cancellation,High,Resolved,3.76,2025-09-23T14:10:36,2025-09-23T11:16:16
T001302,C000957,O0009547,E0057,2025-07-28 08:54:00,Shipping Delay,Medium,Pending Customer,65.18,2025-07-31T02:04:48,2025-07-28T10:13:26
T001303,C001073,O0007626,E0006,2025-02-02 20:02:00,Return Request,Medium,Open,,,2025-02-02T23:16:25
T001304,C001574,O0012234,E0019,2025-06-08 10:41:00,Product Sizing,Low,Resolved,19.97,2025-06-09T06:39:12,2025-06-08T11:31:44
T001305,C001136,O0004951,E0030,2025-11-02 23:16:00,Damaged Item,Medium,Resolved,33.2,2025-11-04T08:28:00,2025-11-03T00:07:36
T001306,C000789,O0007122,E0019,2025-03-11 22:29:00,Damaged Item,Low,Resolved,79.18,2025-03-15T05:39:48,2025-03-12T00:28:43
T001307,C001571,O0004080,E0026,2025-12-11 18:29:00,Order Cancellation,Low,Pending Customer,4.35,2025-12-11T22:50:00,2025-12-11T19:27:09
T001308,C000894,O0002299,E0019,2025-11-21 06:35:00,Product Sizing,Low,Resolved,4.94,2025-11-21T11:31:24,2025-11-21T09:26:14
T001309,C000511,O0002382,E0014,2025-06-20 20:54:00,Product Sizing,Low,Resolved,9.93,2025-06-21T06:49:48,2025-06-20T23:58:07
T001310,C000945,O0008641,E0019,2025-02-18 07:11:00,Warranty Claim,Low,Resolved,183.1,2025-02-25T22:17:00,2025-02-18T10:37:11
T001311,C000558,O0009320,E0006,2025-07-22 09:22:00,Order Cancellation,Medium,Resolved,3.17,2025-07-22T12:32:12,2025-07-22T11:25:28
T001312,C000809,O0005191,E0043,2025-08-23 17:43:00,Bulk Order Quote,Low,Resolved,144.43,2025-08-29T18:08:48,2025-08-23T20:44:19
T001313,C000534,O0008717,E0051,2025-02-24 16:33:00,Product Sizing,Medium,Pending Customer,23.85,2025-02-25T16:24:00,2025-02-24T20:25:46
T001314,C002214,O0008466,E0048,2025-10-18 18:24:00,Bulk Order Quote,High,Open,,,2025-10-18T19:40:44
T001315,C001644,O0006439,E0045,2025-07-29 22:11:00,Return Request,Low,Pending Customer,47.06,2025-07-31T21:14:36,2025-07-30T01:31:58
T001316,C000375,O0000031,E0006,2025-08-14 21:19:00,Bulk Order Quote,Medium,Resolved,56.81,2025-08-17T06:07:36,2025-08-14T21:51:57
T001317,C002221,O0001653,E0043,2025-12-01 16:20:00,Order Cancellation,Low,Resolved,2.6,2025-12-01T18:56:00,2025-12-01T19:11:40
T001318,C001002,O0014205,E0048,2025-03-14 10:04:00,Order Cancellation,High,Resolved,1.05,2025-03-14T11:07:00,2025-03-14T13:26:14
T001319,C002470,O0005041,E0036,2025-07-24 14:00:00,Product Sizing,Medium,Pending Customer,13.11,2025-07-25T03:06:36,2025-07-24T16:15:44
T001320,C001917,O0014350,E0042,2025-06-12 01:00:00,Return Request,Low,Resolved,5.22,2025-06-12T06:13:12,2025-06-12T02:03:44
T001321,C001791,O0002891,E0006,2025-03-25 01:53:00,Damaged Item,Medium,Open,,,2025-03-25T03:28:36
T001322,C000434,O0009348,E0034,2025-05-31 18:00:00,Shipping Delay,Medium,Resolved,17.41,2025-06-01T11:24:36,2025-05-31T20:32:31
T001323,C000683,O0011916,E0026,2025-10-16 01:04:00,Shipping Delay,High,Resolved,24.99,2025-10-17T02:03:24,2025-10-16T02:40:09
T001324,C001279,O0003366,E0034,2025-08-19 21:52:00,Return Request,Low,Resolved,29.84,2025-08-21T03:42:24,2025-08-20T00:29:53
T001325,C000659,O0000985,E0017,2025-07-09 05:11:00,Order Cancellation,Medium,Resolved,6.33,2025-07-09T11:30:48,2025-07-09T07:46:49
T001326,C001922,O0007500,E0054,2025-04-21 10:32:00,Return Request,Low,Resolved,43.16,2025-04-23T05:41:36,2025-04-21T14:17:37
T001327,C001211,O0002492,E0051,2025-04-14 03:21:00,Return Request,Medium,Resolved,73.31,2025-04-17T04:39:36,2025-04-14T06:42:36
T001328,C001714,O0005667,E0017,2025-05-28 07:09:00,Damaged Item,Medium,Resolved,19.83,2025-05-29T02:58:48,2025-05-28T08:01:47
T001329,C002088,O0007808,E0026,2025-05-20 22:07:00,Damaged Item,Low,Resolved,35.91,2025-05-22T10:01:36,2025-05-21T01:57:14
T001330,C001392,O0009984,E0054,2025-08-04 02:18:00,Order Cancellation,Low,Resolved,6.38,2025-08-04T08:40:48,2025-08-04T06:04:18
T001331,C002429,O0014213,E0042,2025-10-28 09:14:00,Product Sizing,Medium,Pending Customer,38.54,2025-10-29T23:46:24,2025-10-28T10:34:50
T001332,C001408,O0010915,E0059,2025-11-11 08:07:00,Order Cancellation,Medium,Resolved,3.02,2025-11-11T11:08:12,2025-11-11T09:16:51
T001333,C000791,O0011482,E0060,2025-07-21 00:41:00,Damaged Item,Low,Escalated,122.12,2025-07-26T02:48:12,2025-07-21T04:27:03
T001334,C002172,O0004515,E0024,2026-01-10 21:18:00,Product Sizing,Medium,Resolved,7.92,2026-01-11T05:13:12,2026-01-11T00:34:56
T001335,C000527,O0008828,E0040,2025-09-24 21:07:00,Return Request,Medium,Resolved,42.62,2025-09-26T15:44:12,2025-09-24T22:30:20
T001336,C001928,O0013297,E0043,2025-11-20 00:47:00,Shipping Delay,Low,Resolved,18.0,2025-11-20T18:47:00,2025-11-20T04:34:20
T001337,C000746,O0000462,E0014,2025-04-01 11:24:00,Order Cancellation,Low,Resolved,3.57,2025-04-01T14:58:12,2025-04-01T14:43:44
T001338,C000766,O0010970,E0051,2025-08-19 00:26:00,Shipping Delay,High,Resolved,30.5,2025-08-20T06:56:00,2025-08-19T03:37:15
T001339,C000430,O0004325,E0042,2025-08-08 23:20:00,Return Request,Medium,Resolved,48.95,2025-08-11T00:17:00,2025-08-09T01:19:14
T001340,C002450,O0008530,E0019,2025-08-23 18:18:00,Product Sizing,Low,Resolved,7.84,2025-08-24T02:08:24,2025-08-23T19:09:18
T001341,C002122,O0013097,E0014,2025-04-13 10:43:00,Return Request,Medium,Pending Customer,102.42,2025-04-17T17:08:12,2025-04-13T12:56:55
T001342,C002477,O0002614,E0057,2026-01-23 22:08:00,Warranty Claim,Low,Pending Customer,43.87,2026-01-25T18:00:12,2026-01-23T22:47:31
T001343,C002495,O0014493,E0019,2025-07-13 04:46:00,Bulk Order Quote,Low,Pending Customer,268.66,2025-07-24T09:25:36,2025-07-13T07:51:41
T001344,C000699,O0009064,E0039,2025-09-10 15:07:00,Warranty Claim,Low,Resolved,114.58,2025-09-15T09:41:48,2025-09-10T16:49:24
T001345,C000881,O0007622,E0019,2025-11-15 10:52:00,Order Cancellation,High,Escalated,5.0,2025-11-15T15:52:00,2025-11-15T12:35:15
T001346,C000577,O0008585,E0040,2025-09-18 14:17:00,Order Cancellation,Low,Resolved,11.58,2025-09-19T01:51:48,2025-09-18T17:59:17
T001347,C000065,O0008602,E0057,2025-09-01 15:11:00,Order Cancellation,Medium,Resolved,8.43,2025-09-01T23:36:48,2025-09-01T17:04:58
T001348,C001966,O0001063,E0039,2025-08-20 17:42:00,Warranty Claim,Medium,Resolved,74.48,2025-08-23T20:10:48,2025-08-20T19:32:41
T001349,C000039,O0013839,E0036,2025-02-18 11:26:00,Return Request,High,Resolved,14.43,2025-02-19T01:51:48,2025-02-18T14:17:53
T001350,C001430,O0010900,E0045,2025-12-27 10:20:00,Damaged Item,Medium,Resolved,77.35,2025-12-30T15:41:00,2025-12-27T12:41:16
T001351,C000339,O0010616,E0041,2025-02-26 11:48:00,Warranty Claim,Medium,Pending Customer,122.83,2025-03-03T14:37:48,2025-02-26T15:45:58
T001352,C000780,O0001853,E0056,2025-07-03 02:44:00,Damaged Item,Medium,Resolved,15.27,2025-07-03T18:00:12,2025-07-03T03:17:36
T001353,C001049,O0009963,E0040,2025-08-29 20:00:00,Product Sizing,Medium,Open,,,2025-08-29T22:49:17
T001354,C000993,O0002758,E0026,2025-12-25 13:20:00,Account Question,High,Pending Customer,9.79,2025-12-25T23:07:24,2025-12-25T15:09:42
T001355,C002495,O0008605,E0003,2025-09-09 22:56:00,Warranty Claim,Low,Resolved,72.42,2025-09-12T23:21:12,2025-09-10T00:08:10
T001356,C002470,O0003662,E0048,2026-01-26 04:08:00,Shipping Delay,Medium,Resolved,17.39,2026-01-26T21:31:24,2026-01-26T07:58:11
T001357,C001143,O0001387,E0046,2025-09-29 21:46:00,Return Request,High,Resolved,64.1,2025-10-02T13:52:00,2025-09-29T23:14:57
T001358,C001848,O0005809,E0040,2025-01-20 23:51:00,Shipping Delay,High,Resolved,41.99,2025-01-22T17:50:24,2025-01-21T00:44:45
T001359,C001196,O0006503,E0019,2025-04-10 01:19:00,Account Question,Medium,Resolved,3.64,2025-04-10T04:57:24,2025-04-10T01:52:26
T001360,C000508,O0008606,E0014,2025-08-15 06:22:00,Order Cancellation,Medium,Resolved,3.91,2025-08-15T10:16:36,2025-08-15T06:56:03
T001361,C001469,O0009546,E0019,2025-10-17 20:19:00,Product Sizing,Low,Resolved,11.26,2025-10-18T07:34:36,2025-10-17T23:56:25
T001362,C000396,O0007571,E0014,2025-06-07 01:03:00,Shipping Delay,Low,Resolved,6.63,2025-06-07T07:40:48,2025-06-07T04:21:02
T001363,C001092,O0012325,E0056,2025-12-10 23:09:00,Bulk Order Quote,High,Resolved,90.32,2025-12-14T17:28:12,2025-12-11T01:00:32
T001364,C001641,O0002049,E0036,2026-01-06 12:41:00,Return Request,Medium,Resolved,36.93,2026-01-08T01:36:48,2026-01-06T15:07:50
T001365,C002383,O0006399,E0057,2025-08-17 01:43:00,Shipping Delay,Medium,Resolved,21.81,2025-08-17T23:31:36,2025-08-17T04:20:38
T001366,C001294,O0008908,E0043,2025-10-02 14:04:00,Shipping Delay,High,Pending Customer,18.62,2025-10-03T08:41:12,2025-10-02T16:44:11
T001367,C001340,O0000343,E0017,2025-05-04 10:11:00,Damaged Item,Low,Escalated,61.22,2025-05-06T23:24:12,2025-05-04T14:04:52
T001368,C000069,O0009254,E0028,2025-10-03 11:23:00,Bulk Order Quote,Low,Resolved,77.16,2025-10-06T16:32:36,2025-10-03T11:59:25
T001369,C001047,O0005658,E0019,2025-10-23 01:13:00,Shipping Delay,Low,Pending Customer,18.07,2025-10-23T19:17:12,2025-10-23T03:22:03
T001370,C000170,O0004409,E0051,2025-06-26 04:54:00,Order Cancellation,High,Pending Customer,7.34,2025-06-26T12:14:24,2025-06-26T05:35:38
T001371,C001964,O0012287,E0034,2025-05-28 09:36:00,Product Sizing,Low,Resolved,15.52,2025-05-29T01:07:12,2025-05-28T10:26:17
T001372,C000503,O0001739,E0034,2025-12-27 05:31:00,Product Sizing,Medium,Resolved,13.11,2025-12-27T18:37:36,2025-12-27T06:06:18
T001373,C001610,O0011537,E0057,2025-06-14 03:08:00,Account Question,Low,Resolved,8.77,2025-06-14T11:54:12,2025-06-14T05:22:07
T001374,C000418,O0012401,E0057,2025-12-18 18:58:00,Return Request,High,Resolved,37.56,2025-12-20T08:31:36,2025-12-18T22:17:08
T001375,C001573,O0001896,E0014,2025-12-12 05:38:00,Return Request,Medium,Resolved,20.64,2025-12-13T02:16:24,2025-12-12T07:33:52
T001376,C000409,O0010462,E0014,2025-09-22 11:01:00,Warranty Claim,Low,Resolved,110.2,2025-09-27T01:13:00,2025-09-22T12:05:32
T001377,C001875,O0001677,E0034,2025-11-06 18:51:00,Shipping Delay,Medium,Open,,,2025-11-06T20:33:09
T001378,C002219,O0010803,E0019,2025-11-30 20:43:00,Shipping Delay,High,Pending Customer,19.01,2025-12-01T15:43:36,2025-12-01T00:00:40
T001379,C002400,O0006896,E0057,2025-06-15 01:20:00,Damaged Item,Medium,Resolved,61.94,2025-06-17T15:16:24,2025-06-15T03:44:02
T001380,C002414,O0001367,E0048,2025-09-21 02:27:00,Warranty Claim,Low,Resolved,102.89,2025-09-25T09:20:24,2025-09-21T04:13:44
T001381,C002134,O0005523,E0040,2025-03-25 16:27:00,Shipping Delay,Medium,Resolved,23.53,2025-03-26T15:58:48,2025-03-25T20:25:02
T001382,C000805,O0003937,E0007,2025-08-01 09:17:00,Return Request,Low,Resolved,14.05,2025-08-01T23:20:00,2025-08-01T11:27:00
T001383,C001789,O0014480,E0060,2025-09-21 12:08:00,Bulk Order Quote,High,Pending Customer,224.99,2025-09-30T21:07:24,2025-09-21T12:39:30
T001384,C000669,O0009039,E0019,2025-02-17 14:25:00,Damaged Item,High,Escalated,76.73,2025-02-20T19:08:48,2025-02-17T15:05:03
T001385,C002078,O0007065,E0042,2025-04-17 02:43:00,Order Cancellation,Medium,Resolved,7.35,2025-04-17T10:04:00,2025-04-17T04:24:56
T001386,C000570,O0002742,E0004,2025-02-22 12:22:00,Warranty Claim,Low,Resolved,73.17,2025-02-25T13:32:12,2025-02-22T15:18:52
T001387,C001032,O0009675,E0048,2025-07-03 06:49:00,Return Request,Medium,Resolved,66.86,2025-07-06T01:40:36,2025-07-03T10:37:30
T001388,C002300,O0009664,E0051,2025-11-25 02:43:00,Bulk Order Quote,Medium,Escalated,69.29,2025-11-28T00:00:24,2025-11-25T06:23:42
T001389,C000472,O0000930,E0004,2025-11-17 14:11:00,Product Sizing,Low,Resolved,6.34,2025-11-17T20:31:24,2025-11-17T18:04:52
T001390,C000603,O0007417,E0019,2025-05-21 04:42:00,Warranty Claim,Low,Resolved,21.49,2025-05-22T02:11:24,2025-05-21T07:05:35
T001391,C001173,O0009940,E0034,2025-07-28 06:54:00,Return Request,Low,Open,,,2025-07-28T09:43:04
T001392,C000322,O0002448,E0046,2026-01-03 21:21:00,Order Cancellation,Medium,Resolved,8.12,2026-01-04T05:28:12,2026-01-03T23:59:21
T001393,C000076,O0000760,E0056,2025-10-09 09:13:00,Bulk Order Quote,Medium,Resolved,70.1,2025-10-12T07:19:00,2025-10-09T10:26:17
T001394,C000363,O0006241,E0024,2025-10-29 16:09:00,Order Cancellation,Medium,Resolved,3.25,2025-10-29T19:24:00,2025-10-29T18:17:12
T001395,C002141,O0010614,E0048,2025-08-25 15:20:00,Product Sizing,Low,Resolved,13.97,2025-08-26T05:18:12,2025-08-25T17:17:36
T001396,C002045,O0000099,E0046,2025-06-06 01:30:00,Product Sizing,High,Resolved,22.38,2025-06-06T23:52:48,2025-06-06T04:47:59
T001397,C002591,O0012874,E0009,2025-09-29 00:18:00,Product Sizing,Medium,Resolved,7.29,2025-09-29T07:35:24,2025-09-29T01:23:35
T001398,C001269,O0014931,E0024,2025-12-14 11:03:00,Bulk Order Quote,Low,Resolved,108.09,2025-12-18T23:08:24,2025-12-14T12:30:44
T001399,C000475,O0003249,E0048,2025-03-07 16:37:00,Shipping Delay,Medium,Resolved,12.36,2025-03-08T04:58:36,2025-03-07T18:52:57
T001400,C000948,O0001257,E0043,2026-01-31 08:11:00,Return Request,Medium,Resolved,41.11,2026-02-02T01:17:36,2026-01-31T08:57:59
T001401,C000013,O0008283,E0003,2025-12-15 08:21:00,Order Cancellation,Medium,Resolved,2.79,2025-12-15T11:08:24,2025-12-15T09:19:51
T001402,C001968,O0006253,E0056,2025-12-10 18:56:00,Warranty Claim,Low,Resolved,241.23,2025-12-20T20:09:48,2025-12-10T19:54:50
T001403,C000548,O0005231,E0045,2025-08-17 07:29:00,Warranty Claim,Medium,Resolved,286.34,2025-08-29T05:49:24,2025-08-17T08:29:19
T001404,C000896,O0006018,E0057,2025-12-22 15:51:00,Damaged Item,Medium,Resolved,7.5,2025-12-22T23:21:00,2025-12-22T17:49:53
T001405,C000440,O0005225,E0051,2026-01-12 05:47:00,Product Sizing,High,Pending Customer,6.06,2026-01-12T11:50:36,2026-01-12T06:54:09
T001406,C001540,O0007142,E0056,2025-05-06 23:51:00,Order Cancellation,Low,Resolved,2.54,2025-05-07T02:23:24,2025-05-07T02:49:26
T001407,C001786,O0010411,E0051,2025-08-07 15:29:00,Bulk Order Quote,Medium,Escalated,59.46,2025-08-10T02:56:36,2025-08-07T18:32:59
T001408,C000227,O0012465,E0046,2025-09-19 06:21:00,Product Sizing,High,Open,,,2025-09-19T07:43:46
T001409,C001348,O0007228,E0026,2025-05-28 20:51:00,Order Cancellation,Low,Escalated,2.8,2025-05-28T23:39:00,2025-05-28T22:22:26
T001410,C002526,O0010638,E0024,2025-04-14 02:56:00,Warranty Claim,Medium,Resolved,105.85,2025-04-18T12:47:00,2025-04-14T04:36:16
T001411,C002571,O0003519,E0008,2025-07-17 23:43:00,Shipping Delay,Medium,Resolved,46.79,2025-07-19T22:30:24,2025-07-18T02:51:39
T001412,C000162,O0009138,E0037,2025-03-08 19:20:00,Bulk Order Quote,Low,Resolved,82.27,2025-03-12T05:36:12,2025-03-08T19:58:19
T001413,C001649,O0014185,E0026,2025-04-23 11:20:00,Shipping Delay,Medium,Resolved,39.02,2025-04-25T02:21:12,2025-04-23T14:49:29
T001414,C000111,O0001420,E0046,2025-07-31 22:56:00,Bulk Order Quote,Medium,Resolved,216.04,2025-08-09T22:58:24,2025-08-01T01:26:54
T001415,C000626,O0006617,E0048,2025-03-21 15:43:00,Product Sizing,Urgent,Pending Customer,6.81,2025-03-21T22:31:36,2025-03-21T18:25:50
T001416,C002236,O0005208,E0006,2026-01-20 13:15:00,Order Cancellation,High,Pending Customer,2.55,2026-01-20T15:48:00,2026-01-20T16:06:38
T001417,C001804,O0000996,E0024,2025-02-20 08:28:00,Shipping Delay,Low,Resolved,14.75,2025-02-20T23:13:00,2025-02-20T11:26:46
T001418,C002588,O0001205,E0019,2025-09-03 03:42:00,Product Sizing,Low,Pending Customer,4.34,2025-09-03T08:02:24,2025-09-03T05:13:35
T001419,C002144,O0008454,E0024,2025-05-28 21:12:00,Damaged Item,Medium,Open,,,2025-05-28T22:26:29
T001420,C000422,O0006334,E0043,2025-03-19 00:30:00,Return Request,Medium,Resolved,22.99,2025-03-19T23:29:24,2025-03-19T02:37:10
T001421,C001900,O0009269,E0043,2025-08-24 04:42:00,Return Request,Low,Pending Customer,59.54,2025-08-26T16:14:24,2025-08-24T07:16:51
T001422,C000416,O0007263,E0026,2025-11-17 19:27:00,Shipping Delay,Low,Open,,,2025-11-17T20:49:53
T001423,C000645,O0008994,E0060,2025-06-24 12:07:00,Shipping Delay,High,Resolved,39.01,2025-06-26T03:07:36,2025-06-24T14:40:55
T001424,C001136,O0005690,E0019,2025-03-10 02:43:00,Account Question,Low,Resolved,9.35,2025-03-10T12:04:00,2025-03-10T03:55:44
T001425,C001997,O0007212,E0009,2025-09-09 11:06:00,Product Sizing,Medium,Resolved,9.45,2025-09-09T20:33:00,2025-09-09T14:10:10
T001426,C002268,O0008905,E0060,2025-03-01 02:56:00,Shipping Delay,Low,Pending Customer,26.39,2025-03-02T05:19:24,2025-03-01T04:28:44
T001427,C002215,O0005612,E0008,2025-04-27 07:06:00,Account Question,Low,Resolved,4.09,2025-04-27T11:11:24,2025-04-27T10:20:50
T001428,C002290,O0012386,E0053,2025-03-27 03:13:00,Account Question,Low,Resolved,1.83,2025-03-27T05:02:48,2025-03-27T05:49:43
T001429,C000794,O0005267,E0051,2025-08-04 19:22:00,Warranty Claim,Low,Resolved,36.92,2025-08-06T08:17:12,2025-08-04T22:56:38
T001430,C002421,O0004333,E0046,2025-09-13 20:37:00,Damaged Item,Medium,Resolved,46.0,2025-09-15T18:37:00,2025-09-13T23:27:40
T001431,C002371,O0002317,E0003,2025-05-26 04:40:00,Account Question,High,Open,,,2025-05-26T06:37:49
T001432,C000385,O0007746,E0057,2025-04-03 08:55:00,Product Sizing,Low,Pending Customer,4.46,2025-04-03T13:22:36,2025-04-03T11:21:57
T001433,C001071,O0005534,E0057,2025-07-07 17:27:00,Shipping Delay,Medium,Open,,,2025-07-07T20:17:56
T001434,C002447,O0010677,E0028,2025-08-06 01:48:00,Shipping Delay,Low,Resolved,29.32,2025-08-07T07:07:12,2025-08-06T03:47:39
T001435,C001790,O0005885,E0043,2025-08-01 15:37:00,Return Request,Medium,Resolved,162.81,2025-08-08T10:25:36,2025-08-01T18:19:11
T001436,C000367,O0013573,E0006,2025-11-02 22:34:00,Order Cancellation,Low,Resolved,4.36,2025-11-03T02:55:36,2025-11-03T01:41:28
T001437,C000409,O0012538,E0008,2025-06-20 13:51:00,Shipping Delay,Low,Pending Customer,14.38,2025-06-21T04:13:48,2025-06-20T14:56:25
T001438,C002351,O0007430,E0040,2025-07-17 11:02:00,Return Request,Medium,Escalated,39.34,2025-07-19T02:22:24,2025-07-17T12:14:45
T001439,C001666,O0014848,E0039,2025-08-06 02:16:00,Product Sizing,Medium,Escalated,1.86,2025-08-06T04:07:36,2025-08-06T03:52:23
T001440,C000804,O0006434,E0014,2025-06-26 02:19:00,Shipping Delay,Low,Resolved,21.23,2025-06-26T23:32:48,2025-06-26T05:37:01
T001441,C000696,O0012987,E0024,2026-01-11 04:33:00,Shipping Delay,Low,Resolved,34.61,2026-01-12T15:09:36,2026-01-11T05:23:50
T001442,C000433,O0010343,E0036,2025-08-10 00:51:00,Shipping Delay,Medium,Resolved,33.34,2025-08-11T10:11:24,2025-08-10T04:19:04
T001443,C001740,O0012898,E0007,2025-10-02 20:49:00,Return Request,Medium,Resolved,24.28,2025-10-03T21:05:48,2025-10-02T23:28:46
T001444,C001944,O0012263,E0019,2025-01-31 23:05:00,Product Sizing,Low,Resolved,7.35,2025-02-01T06:26:00,2025-02-01T00:09:40
T001445,C000360,O0007839,E0036,2025-02-15 17:28:00,Shipping Delay,Low,Resolved,30.97,2025-02-17T00:26:12,2025-02-15T20:19:12
T001446,C001488,O0003980,E0042,2025-12-12 12:07:00,Damaged Item,Medium,Resolved,27.75,2025-12-13T15:52:00,2025-12-12T15:50:56
T001447,C002209,O0007170,E0058,2025-10-02 21:56:00,Shipping Delay,Medium,Resolved,45.65,2025-10-04T19:35:00,2025-10-03T01:12:07
T001448,C001344,O0005088,E0003,2025-01-09 01:41:00,Warranty Claim,Low,Resolved,27.62,2025-01-10T05:18:12,2025-01-09T04:27:05
T001449,C001848,O0013242,E0043,2025-10-23 04:08:00,Account Question,Low,Pending Customer,2.98,2025-10-23T07:06:48,2025-10-23T06:08:39
T001450,C000932,O0003978,E0043,2025-10-17 22:37:00,Shipping Delay,Medium,Open,,,2025-10-18T00:44:37
T001451,C002045,O0014643,E0026,2025-02-26 05:35:00,Product Sizing,Low,Pending Customer,9.09,2025-02-26T14:40:24,2025-02-26T08:27:15
T001452,C001269,O0005608,E0043,2025-11-15 14:08:00,Damaged Item,Low,Resolved,49.73,2025-11-17T15:51:48,2025-11-15T15:11:51
T001453,C002405,O0011502,E0034,2025-05-07 22:26:00,Return Request,Medium,Resolved,75.94,2025-05-11T02:22:24,2025-05-08T01:45:18
T001454,C001426,O0001211,E0046,2025-10-15 14:29:00,Product Sizing,Low,Resolved,4.54,2025-10-15T19:01:24,2025-10-15T16:28:51
T001455,C002124,O0008370,E0014,2025-02-04 19:52:00,Shipping Delay,Low,Resolved,12.04,2025-02-05T07:54:24,2025-02-04T23:19:33
T001456,C002065,O0011847,E0019,2025-09-19 05:25:00,Order Cancellation,Low,Pending Customer,3.96,2025-09-19T09:22:36,2025-09-19T07:25:44
T001457,C000180,O0006201,E0053,2025-06-10 11:37:00,Shipping Delay,Low,Resolved,93.54,2025-06-14T09:09:24,2025-06-10T12:21:38
T001458,C000283,O0002829,E0024,2025-07-24 22:50:00,Warranty Claim,Medium,Resolved,57.06,2025-07-27T07:53:36,2025-07-25T00:19:28
T001459,C000741,O0012035,E0026,2025-06-17 01:17:00,Order Cancellation,Low,Resolved,8.68,2025-06-17T09:57:48,2025-06-17T03:55:02
T001460,C000684,O0007650,E0034,2025-11-06 17:22:00,Shipping Delay,Medium,Resolved,11.35,2025-11-07T04:43:00,2025-11-06T20:49:45
T001461,C001620,O0006093,E0022,2025-12-31 14:23:00,Product Sizing,High,Resolved,14.65,2026-01-01T05:02:00,2025-12-31T16:09:36
T001462,C000238,O0009149,E0006,2025-04-23 08:56:00,Order Cancellation,High,Resolved,4.11,2025-04-23T13:02:36,2025-04-23T09:33:55
T001463,C002287,O0012356,E0040,2025-08-22 13:18:00,Product Sizing,Low,Resolved,8.13,2025-08-22T21:25:48,2025-08-22T16:00:38
T001464,C001792,O0009787,E0043,2025-07-01 15:43:00,Order Cancellation,Medium,Resolved,3.66,2025-07-01T19:22:36,2025-07-01T19:30:56
T001465,C000806,O0001393,E0042,2025-06-28 17:48:00,Account Question,Medium,Resolved,2.06,2025-06-28T19:51:36,2025-06-28T21:34:14
T001466,C002533,O0013830,E0026,2026-01-13 22:04:00,Damaged Item,Medium,Resolved,25.66,2026-01-14T23:43:36,2026-01-14T00:24:34
T001467,C002024,O0005391,E0039,2025-12-01 07:21:00,Product Sizing,Low,Resolved,11.35,2025-12-01T18:42:00,2025-12-01T10:35:59
T001468,C002416,O0006051,E0006,2025-11-11 09:00:00,Shipping Delay,Low,Resolved,30.26,2025-11-12T15:15:36,2025-11-11T10:18:32
T001469,C001604,O0002143,E0019,2025-06-17 18:10:00,Damaged Item,Low,Resolved,46.98,2025-06-19T17:08:48,2025-06-17T21:36:37
T001470,C002037,O0009319,E0040,2025-08-26 02:33:00,Product Sizing,Low,Pending Customer,6.57,2025-08-26T09:07:12,2025-08-26T04:40:41
T001471,C000454,O0014987,E0039,2025-02-11 20:26:00,Return Request,Low,Resolved,54.22,2025-02-14T02:39:12,2025-02-11T23:00:23
T001472,C000088,O0000362,E0051,2025-04-04 11:08:00,Order Cancellation,Low,Resolved,1.88,2025-04-04T13:00:48,2025-04-04T14:29:12
T001473,C001497,O0006409,E0006,2025-10-30 08:27:00,Order Cancellation,Medium,Resolved,17.22,2025-10-31T01:40:12,2025-10-30T10:37:23
T001474,C000292,O0000782,E0014,2025-09-27 11:37:00,Bulk Order Quote,Medium,Resolved,35.5,2025-09-28T23:07:00,2025-09-27T12:47:14
T001475,C002510,O0002190,E0041,2025-10-04 17:31:00,Bulk Order Quote,Medium,Open,,,2025-10-04T21:10:57
T001476,C002547,O0013623,E0003,2025-04-01 02:41:00,Return Request,Medium,Pending Customer,54.03,2025-04-03T08:42:48,2025-04-01T03:45:10
T001477,C002053,O0004101,E0026,2025-12-13 14:06:00,Damaged Item,Low,Resolved,86.78,2025-12-17T04:52:48,2025-12-13T16:21:03
T001478,C000097,O0001294,E0024,2025-09-17 15:50:00,Product Sizing,Medium,Resolved,13.35,2025-09-18T05:11:00,2025-09-17T18:10:02
T001479,C001076,O0001135,E0003,2025-06-20 16:28:00,Product Sizing,Medium,Pending Customer,3.52,2025-06-20T19:59:12,2025-06-20T18:41:27
T001480,C001140,O0012387,E0017,2026-01-11 12:47:00,Shipping Delay,Low,Resolved,15.36,2026-01-12T04:08:36,2026-01-11T16:44:25
T001481,C001235,O0008111,E0026,2026-01-27 19:06:00,Return Request,Urgent,Pending Customer,33.33,2026-01-29T04:25:48,2026-01-27T22:54:33
T001482,C002363,O0013377,E0046,2025-07-26 04:47:00,Bulk Order Quote,Medium,Resolved,63.87,2025-07-28T20:39:12,2025-07-26T06:17:04
T001483,C000097,O0001294,E0017,2025-08-21 09:50:00,Warranty Claim,Low,Pending Customer,185.27,2025-08-29T03:06:12,2025-08-21T12:24:17
T001484,C002335,O0014244,E0008,2025-08-15 12:11:00,Shipping Delay,Low,Resolved,26.14,2025-08-16T14:19:24,2025-08-15T16:00:12
T001485,C000381,O0000085,E0034,2025-09-13 04:50:00,Warranty Claim,Low,Resolved,125.94,2025-09-18T10:46:24,2025-09-13T05:31:48
T001486,C002367,O0006682,E0057,2025-01-10 01:11:00,Bulk Order Quote,Medium,Open,,,2025-01-10T02:50:16
T001487,C001386,O0005157,E0040,2025-04-30 20:24:00,Warranty Claim,Medium,Resolved,105.2,2025-05-05T05:36:00,2025-04-30T21:30:37
T001488,C001013,O0012617,E0003,2025-12-22 05:54:00,Order Cancellation,Medium,Escalated,8.99,2025-12-22T14:53:24,2025-12-22T06:42:58
T001489,C000686,O0004066,E0036,2025-01-25 14:54:00,Return Request,Medium,Pending Customer,50.22,2025-01-27T17:07:12,2025-01-25T18:45:28
T001490,C000072,O0005890,E0034,2025-09-27 02:41:00,Damaged Item,Medium,Resolved,48.3,2025-09-29T02:59:00,2025-09-27T06:00:53
T001491,C000575,O0004802,E0019,2026-01-06 06:46:00,Shipping Delay,Medium,Resolved,37.32,2026-01-07T20:05:12,2026-01-06T08:00:42
T001492,C000085,O0003605,E0042,2026-01-10 06:03:00,Order Cancellation,Low,Resolved,2.01,2026-01-10T08:03:36,2026-01-10T06:50:06
T001493,C000418,O0010394,E0001,2025-08-04 09:16:00,Account Question,Low,Resolved,7.87,2025-08-04T17:08:12,2025-08-04T10:28:52
T001494,C001623,O0010350,E0035,2025-09-02 13:20:00,Order Cancellation,Low,Open,,,2025-09-02T13:54:55
T001495,C001915,O0001452,E0004,2025-06-18 17:41:00,Product Sizing,Medium,Resolved,10.58,2025-06-19T04:15:48,2025-06-18T19:32:24
T001496,C001827,O0000235,E0040,2025-11-24 15:35:00,Bulk Order Quote,Medium,Open,,,2025-11-24T17:57:40
T001497,C002140,O0008481,E0051,2025-11-13 01:56:00,Shipping Delay,Medium,Resolved,26.98,2025-11-14T04:54:48,2025-11-13T05:46:52
T001498,C000032,O0011098,E0035,2025-03-10 02:16:00,Return Request,Low,Resolved,34.95,2025-03-11T13:13:00,2025-03-10T05:08:26
T001499,C000973,O0009919,E0018,2025-10-23 08:59:00,Product Sizing,High,Resolved,4.15,2025-10-23T13:08:00,2025-10-23T10:26:47
T001500,C000895,O0011774,E0046,2025-03-16 05:26:00,Damaged Item,Medium,Escalated,87.69,2025-03-19T21:07:24,2025-03-16T08:05:13
T001501,C001108,O0004745,E0057,2025-12-14 11:06:00,Shipping Delay,Low,Resolved,34.64,2025-12-15T21:44:24,2025-12-14T13:20:46
T001502,C002002,O0002395,E0020,2025-07-29 09:29:00,Shipping Delay,Low,Resolved,39.08,2025-07-31T00:33:48,2025-07-29T11:33:00
T001503,C000256,O0013366,E0057,2025-08-30 01:27:00,Damaged Item,Low,Pending Customer,47.0,2025-09-01T00:27:00,2025-08-30T03:53:26
T001504,C001866,O0012595,E0003,2025-07-09 03:16:00,Account Question,Low,Resolved,6.7,2025-07-09T09:58:00,2025-07-09T07:05:45
T001505,C002316,O0000544,E0043,2025-12-20 06:03:00,Shipping Delay,High,Resolved,18.15,2025-12-21T00:12:00,2025-12-20T07:05:55
T001506,C002067,O0012814,E0042,2025-07-28 06:28:00,Product Sizing,High,Resolved,10.29,2025-07-28T16:45:24,2025-07-28T08:53:49
T001507,C002272,O0005677,E0060,2025-01-24 05:21:00,Shipping Delay,Low,Pending Customer,37.78,2025-01-25T19:07:48,2025-01-24T06:44:49
T001508,C001944,O0012562,E0003,2025-06-23 14:15:00,Bulk Order Quote,High,Resolved,76.77,2025-06-26T19:01:12,2025-06-23T15:39:03
T001509,C000932,O0004049,E0056,2025-10-03 01:43:00,Account Question,Medium,Resolved,2.86,2025-10-03T04:34:36,2025-10-03T05:36:27
T001510,C001382,O0006442,E0030,2025-09-18 05:09:00,Warranty Claim,Low,Resolved,36.26,2025-09-19T17:24:36,2025-09-18T08:24:18
T001511,C001649,O0009735,E0026,2026-01-01 00:36:00,Shipping Delay,Low,Resolved,59.84,2026-01-03T12:26:24,2026-01-01T01:50:39
T001512,C001515,O0013564,E0026,2025-06-24 13:53:00,Account Question,Low,Resolved,8.08,2025-06-24T21:57:48,2025-06-24T14:49:31
T001513,C000134,O0002765,E0024,2025-11-13 09:39:00,Return Request,Medium,Resolved,42.4,2025-11-15T04:03:00,2025-11-13T12:22:23
T001514,C001417,O0011471,E0040,2025-02-01 20:53:00,Return Request,Urgent,Resolved,36.25,2025-02-03T09:08:00,2025-02-01T21:51:52
T001515,C002232,O0007635,E0039,2025-03-22 06:04:00,Return Request,Low,Resolved,12.31,2025-03-22T18:22:36,2025-03-22T09:34:43
T001516,C002467,O0014714,E0057,2025-11-30 03:14:00,Product Sizing,Medium,Resolved,2.99,2025-11-30T06:13:24,2025-11-30T04:05:54
T001517,C002390,O0006830,E0046,2025-03-27 17:06:00,Product Sizing,Medium,Pending Customer,13.86,2025-03-28T06:57:36,2025-03-27T17:57:39
T001518,C000727,O0004646,E0045,2025-02-25 20:43:00,Warranty Claim,Low,Resolved,52.59,2025-02-28T01:18:24,2025-02-25T23:17:47
T001519,C002299,O0010221,E0020,2025-03-02 03:14:00,Account Question,Low,Resolved,3.83,2025-03-02T07:03:48,2025-03-02T05:20:18
T001520,C001488,O0007643,E0024,2025-06-16 21:05:00,Bulk Order Quote,Low,Resolved,25.02,2025-06-17T22:06:12,2025-06-16T22:41:13
T001521,C000524,O0010466,E0014,2025-06-26 11:54:00,Product Sizing,High,Resolved,7.19,2025-06-26T19:05:24,2025-06-26T14:31:30
T001522,C002394,O0004437,E0054,2025-04-05 07:15:00,Account Question,Low,Resolved,11.85,2025-04-05T19:06:00,2025-04-05T07:50:20
T001523,C001271,O0012296,E0041,2025-03-17 00:29:00,Shipping Delay,Medium,Resolved,10.64,2025-03-17T11:07:24,2025-03-17T02:28:35
T001524,C001852,O0007155,E0042,2025-10-13 21:38:00,Damaged Item,Low,Resolved,225.54,2025-10-23T07:10:24,2025-10-14T01:31:08
T001525,C000060,O0014430,E0051,2025-01-21 21:46:00,Product Sizing,Medium,Resolved,12.83,2025-01-22T10:35:48,2025-01-22T00:36:18
T001526,C001192,O0007676,E0048,2025-10-27 14:56:00,Product Sizing,Medium,Resolved,21.8,2025-10-28T12:44:00,2025-10-27T17:02:09
T001527,C002277,O0003003,E0048,2025-05-24 18:12:00,Account Question,Medium,Pending Customer,3.91,2025-05-24T22:06:36,2025-05-24T19:50:33
T001528,C000689,O0009141,E0042,2025-03-31 13:39:00,Shipping Delay,High,Resolved,11.14,2025-04-01T00:47:24,2025-03-31T15:32:15
T001529,C002389,O0001049,E0003,2025-08-26 02:12:00,Product Sizing,Medium,Resolved,9.84,2025-08-26T12:02:24,2025-08-26T05:17:06
T001530,C000635,O0008194,E0003,2025-08-04 22:46:00,Return Request,Low,Resolved,12.8,2025-08-05T11:34:00,2025-08-04T23:34:56
T001531,C002470,O0003662,E0060,2025-12-28 11:08:00,Product Sizing,Low,Resolved,27.07,2025-12-29T14:12:12,2025-12-28T12:34:09
T001532,C001444,O0000370,E0045,2025-06-27 06:06:00,Order Cancellation,Medium,Open,,,2025-06-27T10:05:36
T001533,C001707,O0002229,E0043,2025-11-02 20:15:00,Damaged Item,Low,Resolved,57.78,2025-11-05T06:01:48,2025-11-02T21:09:26
T001534,C000190,O0009835,E0043,2025-04-09 10:34:00,Order Cancellation,Low,Resolved,5.55,2025-04-09T16:07:00,2025-04-09T13:47:52
T001535,C002391,O0009959,E0040,2025-01-31 00:28:00,Bulk Order Quote,Low,Resolved,74.07,2025-02-03T02:32:12,2025-01-31T02:50:04
T001536,C001703,O0010469,E0003,2025-01-29 09:59:00,Order Cancellation,High,Resolved,4.81,2025-01-29T14:47:36,2025-01-29T11:34:37
T001537,C001373,O0005740,E0034,2025-06-05 05:26:00,Warranty Claim,Low,Open,,,2025-06-05T07:54:16
T001538,C000642,O0003291,E0024,2025-08-21 22:22:00,Warranty Claim,Low,Pending Customer,119.38,2025-08-26T21:44:48,2025-08-22T02:10:48
T001539,C001327,O0002938,E0043,2026-01-20 20:52:00,Shipping Delay,Medium,Escalated,36.77,2026-01-22T09:38:12,2026-01-21T00:04:54
T001540,C001802,O0014458,E0020,2025-07-09 10:15:00,Order Cancellation,Medium,Resolved,4.27,2025-07-09T14:31:12,2025-07-09T12:27:22
T001541,C002290,O0006750,E0003,2025-11-03 01:05:00,Order Cancellation,Low,Resolved,3.67,2025-11-03T04:45:12,2025-11-03T03:35:46
T001542,C001960,O0002721,E0042,2025-04-10 14:42:00,Account Question,Medium,Resolved,12.46,2025-04-11T03:09:36,2025-04-10T16:49:44
T001543,C001912,O0013134,E0026,2025-06-23 02:38:00,Product Sizing,Low,Pending Customer,18.49,2025-06-23T21:07:24,2025-06-23T05:30:02
T001544,C001140,O0000919,E0026,2025-05-15 11:20:00,Damaged Item,High,Escalated,68.69,2025-05-18T08:01:24,2025-05-15T14:56:28
T001545,C001700,O0001993,E0019,2025-02-03 09:31:00,Shipping Delay,Medium,Resolved,33.24,2025-02-04T18:45:24,2025-02-03T11:35:20
T001546,C000641,O0014281,E0042,2025-03-11 08:06:00,Warranty Claim,Low,Resolved,64.46,2025-03-14T00:33:36,2025-03-11T11:16:11
T001547,C000581,O0006043,E0006,2025-08-23 18:33:00,Shipping Delay,High,Resolved,48.62,2025-08-25T19:10:12,2025-08-23T20:18:02
T001548,C001691,O0013099,E0006,2026-01-14 16:44:00,Shipping Delay,Medium,Resolved,63.1,2026-01-17T07:50:00,2026-01-14T20:10:27
T001549,C000632,O0012800,E0043,2025-10-21 04:31:00,Order Cancellation,Low,Resolved,2.88,2025-10-21T07:23:48,2025-10-21T07:40:25
T001550,C002229,O0000800,E0030,2025-08-17 07:53:00,Return Request,Medium,Pending Customer,64.05,2025-08-19T23:56:00,2025-08-17T10:39:53
T001551,C000780,O0009463,E0024,2025-03-15 17:05:00,Return Request,Low,Resolved,17.77,2025-03-16T10:51:12,2025-03-15T18:51:07
T001552,C001951,O0013871,E0009,2025-04-19 00:05:00,Account Question,Medium,Resolved,5.64,2025-04-19T05:43:24,2025-04-19T02:19:59
T001553,C001929,O0006447,E0039,2025-12-01 07:55:00,Product Sizing,Low,Resolved,3.73,2025-12-01T11:38:48,2025-12-01T10:27:39
T001554,C000291,O0008446,E0026,2025-04-23 04:35:00,Shipping Delay,Medium,Resolved,38.87,2025-04-24T19:27:12,2025-04-23T08:16:48
T001555,C000862,O0004565,E0036,2025-04-21 17:45:00,Shipping Delay,Medium,Resolved,11.97,2025-04-22T05:43:12,2025-04-21T19:05:16
T001556,C001305,O0009573,E0045,2025-11-02 06:11:00,Shipping Delay,Low,Pending Customer,20.55,2025-11-03T02:44:00,2025-11-02T09:26:31
T001557,C000863,O0003790,E0003,2025-04-21 05:41:00,Product Sizing,Medium,Resolved,3.15,2025-04-21T08:50:00,2025-04-21T09:14:59
T001558,C002475,O0004171,E0019,2025-06-16 17:17:00,Account Question,Low,Resolved,7.4,2025-06-17T00:41:00,2025-06-16T18:21:55
T001559,C001269,O0000017,E0017,2025-02-20 05:30:00,Damaged Item,Medium,Resolved,23.42,2025-02-21T04:55:12,2025-02-20T08:04:25
T001560,C000786,O0011988,E0014,2026-01-21 10:08:00,Product Sizing,Low,Resolved,9.02,2026-01-21T19:09:12,2026-01-21T12:39:53
T001561,C001510,O0002360,E0060,2025-06-28 17:42:00,Account Question,Low,Open,,,2025-06-28T20:37:58
T001562,C000027,O0010806,E0045,2025-03-03 15:48:00,Product Sizing,Low,Resolved,9.5,2025-03-04T01:18:00,2025-03-03T18:56:11
T001563,C000761,O0005899,E0036,2025-10-17 23:47:00,Shipping Delay,Medium,Resolved,25.0,2025-10-19T00:47:00,2025-10-18T01:11:00
T001564,C001892,O0011953,E0017,2025-09-21 14:37:00,Shipping Delay,Medium,Resolved,8.88,2025-09-21T23:29:48,2025-09-21T17:03:40
T001565,C000580,O0010201,E0036,2025-12-11 08:06:00,Account Question,High,Pending Customer,9.27,2025-12-11T17:22:12,2025-12-11T08:41:10
T001566,C000278,O0000939,E0042,2025-05-18 00:35:00,Warranty Claim,Medium,Resolved,95.52,2025-05-22T00:06:12,2025-05-18T01:45:49
T001567,C001204,O0005190,E0057,2025-05-13 23:41:00,Bulk Order Quote,Medium,Resolved,55.82,2025-05-16T07:30:12,2025-05-14T02:45:55
T001568,C000708,O0009330,E0019,2025-11-09 09:59:00,Shipping Delay,Low,Escalated,11.79,2025-11-09T21:46:24,2025-11-09T13:06:05
T001569,C000536,O0003310,E0008,2025-09-02 08:32:00,Return Request,Medium,Resolved,44.03,2025-09-04T04:33:48,2025-09-02T11:18:53
T001570,C000900,O0007378,E0060,2025-06-11 09:37:00,Bulk Order Quote,Low,Resolved,22.85,2025-06-12T08:28:00,2025-06-11T10:07:44
T001571,C002294,O0003133,E0042,2025-09-22 00:39:00,Shipping Delay,Low,Resolved,20.31,2025-09-22T20:57:36,2025-09-22T01:36:08
T001572,C000097,O0003375,E0034,2025-05-12 22:29:00,Bulk Order Quote,Low,Resolved,58.57,2025-05-15T09:03:12,2025-05-13T01:58:38
T001573,C001816,O0006500,E0045,2025-05-16 14:35:00,Damaged Item,Low,Open,,,2025-05-16T17:54:36
T001574,C002496,O0004716,E0039,2026-01-24 01:27:00,Product Sizing,High,Pending Customer,3.45,2026-01-24T04:54:00,2026-01-24T02:15:14
T001575,C000433,O0010343,E0034,2025-07-30 18:51:00,Account Question,High,Resolved,6.48,2025-07-31T01:19:48,2025-07-30T19:23:02
T001576,C000702,O0007889,E0040,2025-09-26 04:22:00,Order Cancellation,Medium,Open,,,2025-09-26T07:37:58
T001577,C001260,O0009764,E0046,2025-04-02 12:37:00,Shipping Delay,Urgent,Pending Customer,23.12,2025-04-03T11:44:12,2025-04-02T13:50:21
T001578,C001267,O0004151,E0003,2025-12-06 23:37:00,Return Request,Medium,Resolved,97.07,2025-12-11T00:41:12,2025-12-07T03:15:42
T001579,C000169,O0014470,E0019,2025-07-21 01:59:00,Bulk Order Quote,Medium,Open,,,2025-07-21T02:38:25
T001580,C000720,O0006547,E0059,2025-10-19 22:32:00,Warranty Claim,Low,Pending Customer,111.84,2025-10-24T14:22:24,2025-10-20T00:05:50
T001581,C000892,O0000456,E0046,2025-12-20 05:47:00,Damaged Item,Low,Resolved,97.63,2025-12-24T07:24:48,2025-12-20T06:38:09
T001582,C002054,O0009120,E0017,2025-11-09 16:34:00,Return Request,Low,Pending Customer,58.04,2025-11-12T02:36:24,2025-11-09T19:05:24
T001583,C000142,O0008747,E0039,2025-10-31 01:00:00,Return Request,High,Open,,,2025-10-31T03:55:24
T001584,C001048,O0009303,E0026,2025-12-09 11:18:00,Shipping Delay,Medium,Resolved,18.99,2025-12-10T06:17:24,2025-12-09T15:07:11
T001585,C001219,O0012127,E0026,2025-07-28 07:24:00,Return Request,Low,Resolved,77.48,2025-07-31T12:52:48,2025-07-28T11:00:39
T001586,C000731,O0007724,E0036,2025-12-25 03:11:00,Product Sizing,Low,Resolved,6.18,2025-12-25T09:21:48,2025-12-25T06:09:27
T001587,C000060,O0014599,E0046,2026-01-21 21:53:00,Damaged Item,High,Pending Customer,51.63,2026-01-24T01:30:48,2026-01-21T22:31:16
T001588,C001384,O0009041,E0003,2025-09-21 05:29:00,Warranty Claim,Medium,Resolved,60.35,2025-09-23T17:50:00,2025-09-21T09:07:30
T001589,C000916,O0006780,E0040,2025-03-16 23:06:00,Return Request,Low,Resolved,87.73,2025-03-20T14:49:48,2025-03-17T01:49:16
T001590,C001591,O0004176,E0006,2025-10-26 00:25:00,Shipping Delay,Low,Resolved,10.65,2025-10-26T11:04:00,2025-10-26T03:00:31
T001591,C000087,O0004243,E0022,2025-09-28 01:04:00,Product Sizing,Medium,Resolved,16.12,2025-09-28T17:11:12,2025-09-28T03:17:53
T001592,C002582,O0007071,E0003,2025-03-10 15:28:00,Return Request,Medium,Resolved,31.06,2025-03-11T22:31:36,2025-03-10T19:14:14
T001593,C000387,O0003734,E0043,2025-02-27 02:35:00,Return Request,Low,Resolved,16.74,2025-02-27T19:19:24,2025-02-27T05:04:34
T001594,C001016,O0010027,E0001,2025-01-25 13:05:00,Shipping Delay,Low,Resolved,28.75,2025-01-26T17:50:00,2025-01-25T15:35:47
T001595,C002162,O0003046,E0003,2025-05-11 14:03:00,Return Request,Low,Resolved,105.17,2025-05-15T23:13:12,2025-05-11T16:04:03
T001596,C002456,O0006135,E0024,2025-11-30 09:00:00,Return Request,High,Resolved,63.72,2025-12-03T00:43:12,2025-11-30T10:54:08
T001597,C002344,O0009840,E0009,2025-12-13 19:12:00,Return Request,Medium,Resolved,14.59,2025-12-14T09:47:24,2025-12-13T19:49:13
T001598,C000566,O0011826,E0051,2025-05-02 00:04:00,Shipping Delay,High,Pending Customer,26.82,2025-05-03T02:53:12,2025-05-02T01:20:24
T001599,C000999,O0014789,E0043,2025-12-17 17:38:00,Account Question,Low,Resolved,16.15,2025-12-18T09:47:00,2025-12-17T20:32:14
T001600,C000745,O0003743,E0037,2025-05-10 05:22:00,Shipping Delay,Medium,Escalated,42.85,2025-05-12T00:13:00,2025-05-10T07:10:33
T001601,C001821,O0005103,E0051,2025-03-02 20:11:00,Shipping Delay,High,Resolved,16.65,2025-03-03T12:50:00,2025-03-02T20:51:40
T001602,C000309,O0001355,E0051,2025-02-25 18:00:00,Return Request,Medium,Resolved,17.37,2025-02-26T11:22:12,2025-02-25T18:39:39
T001603,C001618,O0000227,E0024,2025-12-14 04:05:00,Product Sizing,Low,Pending Customer,9.19,2025-12-14T13:16:24,2025-12-14T07:43:05
T001604,C000266,O0003888,E0040,2025-03-24 06:09:00,Warranty Claim,Medium,Resolved,66.09,2025-03-27T00:14:24,2025-03-24T08:08:55
T001605,C001475,O0011940,E0024,2025-04-24 07:57:00,Return Request,Medium,Open,,,2025-04-24T11:27:25
T001606,C001797,O0010088,E0009,2025-11-12 17:49:00,Order Cancellation,Low,Resolved,11.43,2025-11-13T05:14:48,2025-11-12T20:10:13
T001607,C002146,O0003846,E0024,2025-02-06 23:17:00,Warranty Claim,High,Resolved,265.45,2025-02-18T00:44:00,2025-02-07T00:32:51
T001608,C000647,O0012539,E0022,2025-12-19 19:46:00,Warranty Claim,Medium,Resolved,76.02,2025-12-22T23:47:12,2025-12-19T22:51:44
T001609,C001087,O0006021,E0034,2026-01-01 21:15:00,Return Request,Medium,Resolved,9.15,2026-01-02T06:24:00,2026-01-01T22:00:18
T001610,C001902,O0012823,E0006,2025-12-22 15:56:00,Shipping Delay,Low,Resolved,25.82,2025-12-23T17:45:12,2025-12-22T18:18:30
T001611,C001141,O0012290,E0048,2025-10-14 03:49:00,Warranty Claim,Low,Open,,,2025-10-14T06:09:22
T001612,C002440,O0006964,E0048,2025-12-22 14:48:00,Product Sizing,Medium,Resolved,5.88,2025-12-22T20:40:48,2025-12-22T18:20:33
T001613,C002130,O0013531,E0006,2025-09-25 17:22:00,Warranty Claim,Medium,Resolved,103.34,2025-09-30T00:42:24,2025-09-25T19:02:29
T001614,C000388,O0010236,E0004,2025-03-19 23:23:00,Damaged Item,Low,Resolved,65.23,2025-03-22T16:36:48,2025-03-20T03:10:41
T001615,C002519,O0000778,E0040,2025-12-04 15:48:00,Bulk Order Quote,Medium,Resolved,140.45,2025-12-10T12:15:00,2025-12-04T17:07:34
T001616,C001066,O0002943,E0048,2025-01-24 23:16:00,Shipping Delay,Low,Resolved,15.69,2025-01-25T14:57:24,2025-01-25T01:38:42
T001617,C002226,O0014994,E0057,2025-10-20 07:15:00,Product Sizing,Low,Open,,,2025-10-20T07:45:04
T001618,C001563,O0008866,E0004,2025-08-02 05:51:00,Account Question,Low,Resolved,14.26,2025-08-02T20:06:36,2025-08-02T07:15:49
T001619,C000263,O0002467,E0053,2025-02-21 15:36:00,Damaged Item,Low,Resolved,44.19,2025-02-23T11:47:24,2025-02-21T17:37:27
T001620,C000266,O0014064,E0046,2025-03-29 15:33:00,Account Question,Low,Resolved,2.71,2025-03-29T18:15:36,2025-03-29T17:25:42
T001621,C001502,O0012177,E0056,2025-02-16 02:51:00,Return Request,Medium,Escalated,13.56,2025-02-16T16:24:36,2025-02-16T05:23:43
T001622,C002107,O0007942,E0024,2025-06-27 09:59:00,Shipping Delay,Low,Resolved,30.89,2025-06-28T16:52:24,2025-06-27T13:39:05
T001623,C001313,O0001123,E0036,2025-03-22 21:27:00,Account Question,Low,Resolved,3.63,2025-03-23T01:04:48,2025-03-22T22:32:14
T001624,C001999,O0009912,E0057,2025-09-11 01:27:00,Damaged Item,Low,Escalated,26.1,2025-09-12T03:33:00,2025-09-11T02:09:02
T001625,C002373,O0014629,E0046,2025-05-28 09:30:00,Warranty Claim,Medium,Resolved,230.39,2025-06-06T23:53:24,2025-05-28T11:16:12
T001626,C002182,O0007870,E0019,2025-05-08 07:43:00,Shipping Delay,Medium,Resolved,57.78,2025-05-10T17:29:48,2025-05-08T11:31:57
T001627,C001505,O0000587,E0037,2025-05-18 14:08:00,Shipping Delay,Low,Resolved,22.32,2025-05-19T12:27:12,2025-05-18T14:50:09
T001628,C002538,O0000467,E0003,2025-01-29 10:30:00,Damaged Item,Medium,Escalated,15.75,2025-01-30T02:15:00,2025-01-29T13:27:46
T001629,C001117,O0004490,E0006,2025-03-16 17:29:00,Account Question,Low,Resolved,8.69,2025-03-17T02:10:24,2025-03-16T19:01:07
T001630,C001694,O0002781,E0042,2025-07-22 20:52:00,Shipping Delay,High,Pending Customer,22.03,2025-07-23T18:53:48,2025-07-22T22:27:57
T001631,C002490,O0001153,E0039,2025-09-17 11:00:00,Bulk Order Quote,Low,Resolved,210.11,2025-09-26T05:06:36,2025-09-17T11:31:30
T001632,C000641,O0014281,E0024,2025-03-27 12:06:00,Product Sizing,Medium,Resolved,1.68,2025-03-27T13:46:48,2025-03-27T15:20:42
T001633,C000449,O0009818,E0060,2025-06-19 20:39:00,Order Cancellation,Low,Resolved,4.15,2025-06-20T00:48:00,2025-06-19T21:59:08
T001634,C000030,O0000869,E0030,2025-02-23 00:52:00,Warranty Claim,Low,Resolved,97.69,2025-02-27T02:33:24,2025-02-23T04:02:07
T001635,C001949,O0008923,E0006,2025-02-26 00:14:00,Return Request,Low,Resolved,39.73,2025-02-27T15:57:48,2025-02-26T02:20:19
T001636,C000295,O0005454,E0046,2025-04-16 00:54:00,Return Request,Low,Pending Customer,19.98,2025-04-16T20:52:48,2025-04-16T04:09:14
T001637,C001368,O0000703,E0024,2025-09-05 15:49:00,Product Sizing,Low,Pending Customer,15.11,2025-09-06T06:55:36,2025-09-05T18:42:52
T001638,C000102,O0011964,E0039,2025-10-10 01:40:00,Shipping Delay,Low,Resolved,25.39,2025-10-11T03:03:24,2025-10-10T03:57:44
T001639,C002160,O0000879,E0040,2025-09-03 16:45:00,Return Request,Low,Resolved,59.61,2025-09-06T04:21:36,2025-09-03T19:01:33
T001640,C001258,O0004048,E0060,2025-02-17 08:54:00,Product Sizing,Medium,Resolved,9.8,2025-02-17T18:42:00,2025-02-17T09:25:53
T001641,C002479,O0003174,E0057,2025-05-30 11:12:00,Shipping Delay,Low,Resolved,108.99,2025-06-04T00:11:24,2025-05-30T12:57:27
T001642,C000622,O0014597,E0018,2025-05-14 10:06:00,Product Sizing,Medium,Resolved,17.98,2025-05-15T04:04:48,2025-05-14T11:10:24
T001643,C002446,O0012236,E0019,2025-08-12 10:11:00,Return Request,Medium,Resolved,59.2,2025-08-14T21:23:00,2025-08-12T11:16:00
T001644,C000044,O0005102,E0057,2025-03-03 21:08:00,Shipping Delay,Medium,Pending Customer,12.87,2025-03-04T10:00:12,2025-03-04T00:14:09
T001645,C001877,O0013411,E0046,2025-10-05 03:23:00,Damaged Item,Low,Pending Customer,38.54,2025-10-06T17:55:24,2025-10-05T05:53:08
T001646,C000196,O0010667,E0042,2025-09-27 18:42:00,Return Request,Medium,Resolved,16.57,2025-09-28T11:16:12,2025-09-27T22:12:52
T001647,C002332,O0009578,E0037,2025-07-15 22:06:00,Bulk Order Quote,Low,Resolved,61.04,2025-07-18T11:08:24,2025-07-16T00:43:18
T001648,C000821,O0011078,E0048,2025-09-17 12:10:00,Return Request,Medium,Resolved,39.91,2025-09-19T04:04:36,2025-09-17T15:02:08
T001649,C002521,O0006653,E0014,2025-08-24 02:24:00,Product Sizing,Medium,Resolved,2.99,2025-08-24T05:23:24,2025-08-24T04:46:37
T001650,C001222,O0011087,E0037,2025-10-11 06:03:00,Bulk Order Quote,Medium,Pending Customer,74.96,2025-10-14T09:00:36,2025-10-11T08:48:19
T001651,C000307,O0008202,E0042,2026-01-02 12:49:00,Product Sizing,Medium,Resolved,16.32,2026-01-03T05:08:12,2026-01-02T14:25:33
T001652,C001434,O0000210,E0026,2025-08-11 04:33:00,Shipping Delay,Low,Resolved,52.1,2025-08-13T08:39:00,2025-08-11T06:58:09
T001653,C001588,O0011584,E0003,2025-11-28 03:16:00,Order Cancellation,Low,Resolved,3.74,2025-11-28T07:00:24,2025-11-28T06:22:26
T001654,C000727,O0004646,E0019,2025-02-20 11:43:00,Bulk Order Quote,Low,Resolved,90.38,2025-02-24T06:05:48,2025-02-20T14:21:32
T001655,C002415,O0004217,E0057,2025-01-13 15:54:00,Warranty Claim,Low,Pending Customer,110.31,2025-01-18T06:12:36,2025-01-13T19:43:36
T001656,C000569,O0007395,E0003,2025-08-22 12:20:00,Order Cancellation,High,Pending Customer,2.55,2025-08-22T14:53:00,2025-08-22T16:18:33
T001657,C002304,O0000354,E0048,2025-10-09 20:56:00,Damaged Item,Medium,Resolved,28.77,2025-10-11T01:42:12,2025-10-09T23:13:40
T001658,C001561,O0011958,E0042,2025-03-27 08:34:00,Shipping Delay,Medium,Resolved,14.64,2025-03-27T23:12:24,2025-03-27T09:59:05
T001659,C002417,O0004294,E0039,2025-06-26 06:03:00,Bulk Order Quote,Medium,Resolved,280.29,2025-07-07T22:20:24,2025-06-26T08:04:37
T001660,C001276,O0010990,E0014,2026-01-19 03:57:00,Damaged Item,Medium,Resolved,45.78,2026-01-21T01:43:48,2026-01-19T07:19:36
T001661,C002432,O0013100,E0009,2025-12-14 23:50:00,Product Sizing,Low,Resolved,9.86,2025-12-15T09:41:36,2025-12-15T01:01:28
T001662,C000603,O0007424,E0054,2025-09-16 18:40:00,Product Sizing,High,Pending Customer,11.54,2025-09-17T06:12:24,2025-09-16T20:21:20
T001663,C002015,O0000727,E0046,2025-12-10 21:43:00,Damaged Item,Low,Resolved,49.77,2025-12-12T23:29:12,2025-12-11T00:37:53
T001664,C000028,O0013748,E0019,2025-10-15 12:16:00,Return Request,Medium,Pending Customer,36.15,2025-10-17T00:25:00,2025-10-15T14:56:02
T001665,C000179,O0003731,E0006,2025-04-17 17:25:00,Bulk Order Quote,Low,Pending Customer,167.61,2025-04-24T17:01:36,2025-04-17T21:22:29
T001666,C001766,O0006104,E0036,2025-03-14 04:44:00,Return Request,Low,Resolved,47.3,2025-03-16T04:02:00,2025-03-14T08:34:27
T001667,C002259,O0001030,E0040,2025-09-02 16:08:00,Order Cancellation,Low,Pending Customer,3.8,2025-09-02T19:56:00,2025-09-02T16:58:08
T001668,C001435,O0007972,E0039,2025-07-23 05:54:00,Shipping Delay,Medium,Resolved,17.92,2025-07-23T23:49:12,2025-07-23T08:37:02
T001669,C002168,O0006567,E0037,2025-07-02 14:47:00,Return Request,Low,Open,,,2025-07-02T15:21:25
T001670,C000898,O0007291,E0051,2025-07-21 21:37:00,Product Sizing,Low,Resolved,2.93,2025-07-22T00:32:48,2025-07-21T23:13:03
T001671,C001057,O0008046,E0028,2025-06-29 10:44:00,Order Cancellation,High,Resolved,22.69,2025-06-30T09:25:24,2025-06-29T12:06:56
T001672,C000045,O0012501,E0051,2025-11-15 23:12:00,Return Request,High,Open,,,2025-11-16T01:24:15
T001673,C000753,O0001651,E0039,2025-05-24 08:18:00,Shipping Delay,Low,Resolved,24.4,2025-05-25T08:42:00,2025-05-24T10:12:50
T001674,C000097,O0002840,E0036,2025-04-06 11:30:00,Shipping Delay,Low,Resolved,54.34,2025-04-08T17:50:24,2025-04-06T13:33:48
T001675,C001057,O0008046,E0030,2025-08-02 04:44:00,Shipping Delay,Low,Pending Customer,18.16,2025-08-02T22:53:36,2025-08-02T07:10:46
T001676,C000085,O0003605,E0046,2025-12-12 05:03:00,Return Request,High,Resolved,65.21,2025-12-14T22:15:36,2025-12-12T08:50:36
T001677,C002300,O0011422,E0048,2025-08-30 05:58:00,Product Sizing,Medium,Resolved,13.95,2025-08-30T19:55:00,2025-08-30T08:40:49
T001678,C001954,O0005334,E0019,2025-07-11 12:51:00,Shipping Delay,Medium,Resolved,6.47,2025-07-11T19:19:12,2025-07-11T15:40:46
T001679,C002402,O0013631,E0053,2025-08-19 17:55:00,Shipping Delay,High,Resolved,32.04,2025-08-21T01:57:24,2025-08-19T21:27:06
T001680,C001649,O0014185,E0017,2025-05-20 06:20:00,Warranty Claim,High,Resolved,187.34,2025-05-28T01:40:24,2025-05-20T07:24:56
T001681,C001139,O0000838,E0022,2025-06-24 00:00:00,Order Cancellation,Low,Pending Customer,2.67,2025-06-24T02:40:12,2025-06-24T02:34:55
T001682,C001649,O0002866,E0037,2025-07-18 04:49:00,Shipping Delay,Low,Escalated,54.48,2025-07-20T11:17:48,2025-07-18T08:13:33
T001683,C000464,O0008330,E0057,2025-10-15 20:51:00,Account Question,Low,Open,,,2025-10-15T23:19:36
T001684,C000011,O0003991,E0053,2025-04-03 11:58:00,Return Request,Medium,Pending Customer,37.96,2025-04-05T01:55:36,2025-04-03T14:21:58
T001685,C000808,O0001876,E0039,2025-01-20 08:02:00,Damaged Item,Low,Resolved,81.56,2025-01-23T17:35:36,2025-01-20T10:13:11
T001686,C000484,O0006951,E0036,2025-11-01 19:34:00,Account Question,Low,Pending Customer,5.8,2025-11-02T01:22:00,2025-11-01T23:25:33
T001687,C001269,O0002689,E0003,2025-05-24 06:35:00,Account Question,Medium,Resolved,12.18,2025-05-24T18:45:48,2025-05-24T09:22:02
T001688,C001595,O0008062,E0014,2025-08-21 01:17:00,Return Request,Low,Resolved,23.73,2025-08-22T01:00:48,2025-08-21T02:21:57
T001689,C002334,O0011423,E0004,2025-04-13 19:25:00,Product Sizing,Low,Resolved,10.06,2025-04-14T05:28:36,2025-04-13T21:11:54
T001690,C001870,O0005550,E0056,2025-03-02 05:44:00,Account Question,Low,Resolved,22.92,2025-03-03T04:39:12,2025-03-02T08:52:51
T001691,C002302,O0001239,E0014,2025-09-16 23:18:00,Warranty Claim,Low,Pending Customer,215.5,2025-09-25T22:48:00,2025-09-17T02:44:42
T001692,C001530,O0005767,E0003,2025-11-21 09:35:00,Shipping Delay,Low,Resolved,54.68,2025-11-23T16:15:48,2025-11-21T11:55:01
T001693,C000535,O0012380,E0054,2025-04-14 23:08:00,Return Request,Medium,Resolved,22.33,2025-04-15T21:27:48,2025-04-15T02:43:01
T001694,C001823,O0004712,E0034,2025-06-13 17:37:00,Bulk Order Quote,High,Resolved,319.57,2025-06-27T01:11:12,2025-06-13T18:13:18
T001695,C000373,O0011104,E0014,2025-03-29 09:04:00,Warranty Claim,Low,Resolved,107.62,2025-04-02T20:41:12,2025-03-29T11:52:54
T001696,C001242,O0009222,E0036,2026-01-27 11:37:00,Shipping Delay,Medium,Resolved,25.17,2026-01-28T12:47:12,2026-01-27T12:31:14
T001697,C000569,O0013566,E0042,2025-04-17 01:26:00,Warranty Claim,Medium,Pending Customer,108.36,2025-04-21T13:47:36,2025-04-17T02:21:52
T001698,C000060,O0008340,E0026,2025-07-05 19:30:00,Account Question,Low,Resolved,4.83,2025-07-06T00:19:48,2025-07-05T22:16:47
T001699,C000163,O0010816,E0036,2025-02-11 23:35:00,Damaged Item,Low,Resolved,66.93,2025-02-14T18:30:48,2025-02-12T00:32:10
T001700,C002357,O0005055,E0026,2025-02-25 23:40:00,Account Question,Medium,Resolved,1.76,2025-02-26T01:25:36,2025-02-26T03:31:51
T001701,C002427,O0005180,E0057,2025-06-28 03:43:00,Return Request,Medium,Pending Customer,6.75,2025-06-28T10:28:00,2025-06-28T05:43:22
T001702,C000970,O0014748,E0042,2025-08-20 15:17:00,Damaged Item,Low,Resolved,44.92,2025-08-22T12:12:12,2025-08-20T16:59:08
T001703,C000918,O0004408,E0040,2025-12-21 15:57:00,Warranty Claim,High,Resolved,179.91,2025-12-29T03:51:36,2025-12-21T18:08:30
T001704,C000404,O0013952,E0006,2025-09-19 00:24:00,Shipping Delay,Low,Resolved,14.7,2025-09-19T15:06:00,2025-09-19T04:12:17
T001705,C002513,O0014192,E0039,2025-11-16 16:28:00,Bulk Order Quote,High,Resolved,45.24,2025-11-18T13:42:24,2025-11-16T19:34:06
T001706,C002431,O0000482,E0060,2025-08-15 02:14:00,Return Request,Medium,Escalated,19.3,2025-08-15T21:32:00,2025-08-15T05:02:14
T001707,C001019,O0012635,E0042,2025-05-23 04:43:00,Shipping Delay,Low,Resolved,18.15,2025-05-23T22:52:00,2025-05-23T05:57:06
T001708,C001288,O0004733,E0057,2025-05-04 10:17:00,Warranty Claim,Low,Pending Customer,40.03,2025-05-06T02:18:48,2025-05-04T12:33:55
T001709,C001207,O0007360,E0026,2025-06-03 03:59:00,Order Cancellation,Medium,Pending Customer,4.35,2025-06-03T08:20:00,2025-06-03T05:20:42
T001710,C000347,O0006906,E0019,2025-10-06 04:05:00,Shipping Delay,Low,Resolved,23.36,2025-10-07T03:26:36,2025-10-06T06:15:16
T001711,C002080,O0009805,E0034,2025-04-30 16:35:00,Account Question,Low,Resolved,9.67,2025-05-01T02:15:12,2025-04-30T20:08:18
T001712,C000389,O0007514,E0024,2025-05-11 11:55:00,Bulk Order Quote,Medium,Escalated,72.58,2025-05-14T12:29:48,2025-05-11T15:24:29
T001713,C002464,O0006125,E0008,2025-05-19 08:06:00,Return Request,Medium,Pending Customer,32.26,2025-05-20T16:21:36,2025-05-19T11:19:00
T001714,C000336,O0001120,E0017,2025-05-27 09:47:00,Product Sizing,Medium,Resolved,9.92,2025-05-27T19:42:12,2025-05-27T13:01:21
T001715,C002599,O0004110,E0022,2025-11-27 19:48:00,Return Request,Low,Pending Customer,31.85,2025-11-29T03:39:00,2025-11-27T20:22:46
T001716,C001894,O0011425,E0051,2025-04-17 11:21:00,Return Request,Low,Resolved,127.86,2025-04-22T19:12:36,2025-04-17T11:57:40
T001717,C000159,O0004224,E0056,2025-09-30 05:15:00,Order Cancellation,Low,Resolved,2.98,2025-09-30T08:13:48,2025-09-30T07:57:24
T001718,C001823,O0010809,E0026,2025-11-22 20:28:00,Return Request,Urgent,Resolved,46.94,2025-11-24T19:24:24,2025-11-22T22:03:00
T001719,C001127,O0002507,E0030,2025-12-26 06:58:00,Product Sizing,High,Resolved,10.42,2025-12-26T17:23:12,2025-12-26T09:51:28
T001720,C002544,O0011705,E0006,2025-12-02 13:54:00,Product Sizing,Low,Open,,,2025-12-02T16:52:38
T001721,C000455,O0001220,E0042,2025-11-21 20:34:00,Account Question,Low,Resolved,11.1,2025-11-22T07:40:00,2025-11-21T22:08:07
T001722,C001276,O0000585,E0046,2025-08-31 05:43:00,Damaged Item,Medium,Resolved,18.25,2025-08-31T23:58:00,2025-08-31T06:50:31
T001723,C001406,O0004962,E0040,2025-03-07 20:46:00,Shipping Delay,Medium,Escalated,34.67,2025-03-09T07:26:12,2025-03-07T22:22:42
T001724,C000416,O0003763,E0048,2025-06-13 21:21:00,Product Sizing,High,Resolved,5.82,2025-06-14T03:10:12,2025-06-13T22:36:53
T001725,C001814,O0006161,E0043,2025-11-18 21:07:00,Return Request,Medium,Escalated,11.22,2025-11-19T08:20:12,2025-11-18T22:00:16
T001726,C001698,O0013233,E0006,2025-10-12 06:50:00,Shipping Delay,High,Resolved,13.9,2025-10-12T20:44:00,2025-10-12T07:28:22
T001727,C001269,O0000360,E0040,2025-06-28 22:57:00,Shipping Delay,Medium,Resolved,36.88,2025-06-30T11:49:48,2025-06-29T01:48:20
T001728,C001983,O0005226,E0003,2025-07-30 22:47:00,Warranty Claim,Low,Pending Customer,70.55,2025-08-02T21:20:00,2025-07-31T02:27:49
T001729,C002379,O0014058,E0040,2025-11-23 12:43:00,Account Question,Medium,Resolved,3.12,2025-11-23T15:50:12,2025-11-23T15:59:35
T001730,C000616,O0014342,E0060,2025-07-17 08:07:00,Warranty Claim,Low,Resolved,249.32,2025-07-27T17:26:12,2025-07-17T08:41:49
T001731,C002120,O0009931,E0051,2025-04-04 04:26:00,Product Sizing,Low,Resolved,9.55,2025-04-04T13:59:00,2025-04-04T05:00:18
T001732,C000149,O0013920,E0024,2025-06-25 02:46:00,Product Sizing,Medium,Resolved,17.54,2025-06-25T20:18:24,2025-06-25T05:06:26
T001733,C001099,O0012327,E0017,2025-11-14 13:17:00,Return Request,Low,Resolved,53.73,2025-11-16T19:00:48,2025-11-14T16:42:48
T001734,C000541,O0001890,E0057,2025-04-04 22:21:00,Damaged Item,High,Resolved,19.77,2025-04-05T18:07:12,2025-04-05T00:44:43
T001735,C000449,O0000440,E0051,2025-09-08 07:12:00,Order Cancellation,Medium,Pending Customer,8.1,2025-09-08T15:18:00,2025-09-08T10:01:09
T001736,C000165,O0001339,E0040,2025-12-06 03:22:00,Product Sizing,High,Pending Customer,7.25,2025-12-06T10:37:00,2025-12-06T07:20:03
T001737,C001979,O0010169,E0046,2025-05-19 03:40:00,Return Request,Medium,Escalated,50.62,2025-05-21T06:17:12,2025-05-19T06:24:02
T001738,C000427,O0005076,E0051,2025-05-02 00:13:00,Damaged Item,Medium,Resolved,25.3,2025-05-03T01:31:00,2025-05-02T03:40:45
T001739,C000728,O0000559,E0057,2025-08-03 00:42:00,Return Request,High,Resolved,27.52,2025-08-04T04:13:12,2025-08-03T01:49:28
T001740,C000353,O0010527,E0051,2025-01-28 09:54:00,Warranty Claim,Medium,Escalated,88.19,2025-02-01T02:05:24,2025-01-28T10:46:57
T001741,C001755,O0005048,E0059,2025-12-02 00:58:00,Product Sizing,Medium,Resolved,3.13,2025-12-02T04:05:48,2025-12-02T04:03:26
T001742,C001597,O0004721,E0036,2025-07-01 09:32:00,Damaged Item,High,Resolved,35.0,2025-07-02T20:32:00,2025-07-01T11:15:26
T001743,C001329,O0012399,E0019,2025-10-08 10:10:00,Account Question,Medium,Pending Customer,2.72,2025-10-08T12:53:12,2025-10-08T13:43:03
T001744,C002087,O0009729,E0057,2025-10-04 13:36:00,Shipping Delay,Medium,Resolved,27.45,2025-10-05T17:03:00,2025-10-04T15:33:54
T001745,C001554,O0010447,E0046,2025-12-02 06:40:00,Damaged Item,High,Resolved,65.96,2025-12-05T00:37:36,2025-12-02T09:22:43
T001746,C001641,O0002049,E0057,2025-12-11 20:41:00,Warranty Claim,Medium,Escalated,138.82,2025-12-17T15:30:12,2025-12-11T23:47:14
T001747,C000998,O0000549,E0041,2025-06-02 02:33:00,Return Request,Medium,Open,,,2025-06-02T04:42:30
T001748,C000861,O0009048,E0026,2025-05-10 15:40:00,Product Sizing,High,Resolved,5.07,2025-05-10T20:44:12,2025-05-10T19:30:54
T001749,C002256,O0003181,E0039,2025-09-03 09:39:00,Product Sizing,Medium,Escalated,6.7,2025-09-03T16:21:00,2025-09-03T10:20:35
T001750,C001305,O0009697,E0019,2025-11-01 08:29:00,Return Request,High,Pending Customer,33.65,2025-11-02T18:08:00,2025-11-01T09:15:37
T001751,C002497,O0001548,E0030,2025-03-27 03:37:00,Product Sizing,Low,Escalated,26.98,2025-03-28T06:35:48,2025-03-27T05:10:55
T001752,C000226,O0000681,E0043,2025-02-10 06:03:00,Damaged Item,Medium,Resolved,58.0,2025-02-12T16:03:00,2025-02-10T07:17:39
T001753,C000108,O0002802,E0006,2026-02-02 00:47:00,Return Request,Low,Pending Customer,26.04,2026-02-03T02:49:24,2026-02-02T03:17:18
T001754,C000436,O0006720,E0034,2025-02-09 23:20:00,Return Request,Low,Resolved,23.59,2025-02-10T22:55:24,2025-02-10T03:17:09
T001755,C002413,O0014606,E0018,2025-06-16 17:15:00,Return Request,Urgent,Resolved,65.13,2025-06-19T10:22:48,2025-06-16T19:48:39
T001756,C000299,O0013401,E0048,2025-09-03 14:07:00,Damaged Item,Medium,Resolved,128.46,2025-09-08T22:34:36,2025-09-03T16:32:49
T001757,C000590,O0005192,E0024,2025-05-25 05:49:00,Shipping Delay,Low,Open,,,2025-05-25T08:16:43
T001758,C001734,O0011691,E0026,2025-10-19 20:43:00,Product Sizing,Urgent,Resolved,6.58,2025-10-20T03:17:48,2025-10-19T22:55:29
T001759,C001974,O0011636,E0034,2025-10-15 18:01:00,Account Question,Low,Resolved,4.14,2025-10-15T22:09:24,2025-10-15T19:12:44
T001760,C002022,O0008448,E0040,2025-10-14 13:51:00,Shipping Delay,Medium,Resolved,36.29,2025-10-16T02:08:24,2025-10-14T17:38:02
T001761,C001143,O0002157,E0003,2025-05-13 22:09:00,Return Request,Medium,Resolved,13.26,2025-05-14T11:24:36,2025-05-13T23:14:27
T001762,C002450,O0014390,E0034,2025-02-05 18:36:00,Damaged Item,Low,Resolved,106.41,2025-02-10T05:00:36,2025-02-05T22:19:04
T001763,C001932,O0002973,E0046,2025-09-19 12:15:00,Return Request,Low,Resolved,19.78,2025-09-20T08:01:48,2025-09-19T16:00:52
T001764,C001826,O0005901,E0019,2025-02-17 01:14:00,Bulk Order Quote,Low,Pending Customer,53.66,2025-02-19T06:53:36,2025-02-17T02:38:32
T001765,C002214,O0000925,E0034,2025-12-06 20:59:00,Return Request,Low,Pending Customer,18.51,2025-12-07T15:29:36,2025-12-07T00:32:46
T001766,C001508,O0000647,E0003,2025-09-10 03:07:00,Shipping Delay,Low,Resolved,21.39,2025-09-11T00:30:24,2025-09-10T06:37:29
T001767,C002377,O0013600,E0042,2025-04-15 17:53:00,Return Request,Low,Escalated,33.75,2025-04-17T03:38:00,2025-04-15T18:24:33
T001768,C001867,O0013042,E0006,2025-04-13 11:36:00,Account Question,High,Pending Customer,3.71,2025-04-13T15:18:36,2025-04-13T13:23:38
T001769,C000236,O0003565,E0026,2026-01-14 07:46:00,Order Cancellation,Low,Resolved,11.6,2026-01-14T19:22:00,2026-01-14T10:51:33
T001770,C001771,O0009517,E0019,2025-02-11 08:04:00,Shipping Delay,Low,Resolved,13.87,2025-02-11T21:56:12,2025-02-11T09:24:06
T001771,C001211,O0010067,E0035,2025-01-20 10:44:00,Account Question,Low,Resolved,6.18,2025-01-20T16:54:48,2025-01-20T14:06:00
T001772,C002592,O0004265,E0059,2025-10-28 23:59:00,Return Request,Low,Resolved,46.4,2025-10-30T22:23:00,2025-10-29T01:23:41
T001773,C002335,O0009896,E0034,2025-07-25 13:42:00,Order Cancellation,Low,Escalated,1.88,2025-07-25T15:34:48,2025-07-25T14:25:43
T001774,C000312,O0005873,E0060,2025-06-11 05:06:00,Bulk Order Quote,Low,Pending Customer,37.12,2025-06-12T18:13:12,2025-06-11T05:58:05
T001775,C000745,O0003743,E0042,2025-04-07 01:22:00,Product Sizing,High,Resolved,2.01,2025-04-07T03:22:36,2025-04-07T04:06:22
T001776,C001204,O0012908,E0026,2025-04-01 08:15:00,Product Sizing,Urgent,Resolved,6.89,2025-04-01T15:08:24,2025-04-01T11:53:20
T001777,C001757,O0003380,E0014,2025-04-24 18:48:00,Return Request,Medium,Resolved,38.57,2025-04-26T09:22:12,2025-04-24T21:39:22
T001778,C002562,O0010514,E0051,2025-07-20 22:34:00,Return Request,Low,Resolved,43.03,2025-07-22T17:35:48,2025-07-20T23:41:56
T001779,C001306,O0003773,E0006,2025-10-08 21:53:00,Shipping Delay,Urgent,Resolved,22.38,2025-10-09T20:15:48,2025-10-09T01:11:14
T001780,C000896,O0013184,E0028,2025-02-15 17:20:00,Order Cancellation,High,Resolved,1.35,2025-02-15T18:41:00,2025-02-15T18:59:37
T001781,C001769,O0010998,E0037,2025-03-08 22:05:00,Shipping Delay,Medium,Pending Customer,33.14,2025-03-10T07:13:24,2025-03-08T23:04:59
T001782,C000470,O0005637,E0024,2025-03-27 23:03:00,Bulk Order Quote,Medium,Resolved,69.99,2025-03-30T21:02:24,2025-03-28T02:56:21
T001783,C001636,O0001614,E0039,2025-09-13 16:05:00,Damaged Item,Medium,Resolved,53.55,2025-09-15T21:38:00,2025-09-13T19:57:51
T001784,C001087,O0005925,E0046,2025-06-16 04:10:00,Warranty Claim,Low,Resolved,49.0,2025-06-18T05:10:00,2025-06-16T06:58:08
T001785,C001767,O0014220,E0006,2025-03-07 06:36:00,Damaged Item,High,Resolved,33.6,2025-03-08T16:12:00,2025-03-07T09:38:54
T001786,C000887,O0012544,E0006,2025-10-31 13:12:00,Shipping Delay,Medium,Resolved,31.0,2025-11-01T20:12:00,2025-10-31T14:59:15
T001787,C001768,O0003581,E0048,2025-02-09 21:21:00,Warranty Claim,Low,Pending Customer,57.07,2025-02-12T06:25:12,2025-02-10T00:57:15
T001788,C001341,O0005150,E0046,2025-03-16 16:15:00,Shipping Delay,Low,Resolved,49.78,2025-03-18T18:01:48,2025-03-16T19:59:09
T001789,C001287,O0013222,E0019,2025-03-03 08:03:00,Shipping Delay,Low,Resolved,38.87,2025-03-04T22:55:12,2025-03-03T11:59:36
T001790,C000826,O0002546,E0020,2025-04-08 19:29:00,Product Sizing,Low,Open,,,2025-04-08T22:11:21
T001791,C001534,O0000451,E0020,2025-09-12 23:29:00,Return Request,Low,Resolved,32.96,2025-09-14T08:26:36,2025-09-13T03:23:15
T001792,C000603,O0009625,E0035,2025-06-19 12:11:00,Bulk Order Quote,Low,Resolved,40.32,2025-06-21T04:30:12,2025-06-19T13:09:02
T001793,C000040,O0003518,E0004,2025-03-29 03:46:00,Shipping Delay,Low,Escalated,20.71,2025-03-30T00:28:36,2025-03-29T06:32:32
T001794,C001480,O0003722,E0024,2025-07-02 13:30:00,Return Request,Medium,Pending Customer,42.89,2025-07-04T08:23:24,2025-07-02T15:11:05
T001795,C000749,O0000449,E0014,2025-08-15 12:43:00,Damaged Item,Low,Resolved,88.86,2025-08-19T05:34:36,2025-08-15T15:14:22
T001796,C001314,O0004245,E0042,2025-10-17 16:53:00,Bulk Order Quote,Medium,Open,,,2025-10-17T17:35:31
T001797,C000682,O0000536,E0014,2025-12-09 05:50:00,Damaged Item,Medium,Pending Customer,30.85,2025-12-10T12:41:00,2025-12-09T08:01:48
T001798,C002362,O0003855,E0057,2025-11-08 13:52:00,Warranty Claim,Medium,Open,,,2025-11-08T15:46:07
T001799,C001293,O0011189,E0003,2025-05-25 20:35:00,Shipping Delay,Low,Resolved,10.17,2025-05-26T06:45:12,2025-05-25T22:37:09
T001800,C001727,O0008016,E0060,2025-05-22 20:16:00,Damaged Item,High,Resolved,75.97,2025-05-26T00:14:12,2025-05-22T22:09:50
T001801,C002332,O0014104,E0019,2025-01-16 09:34:00,Damaged Item,Medium,Resolved,49.23,2025-01-18T10:47:48,2025-01-16T11:43:47
T001802,C001797,O0003479,E0024,2025-11-17 00:20:00,Bulk Order Quote,Low,Open,,,2025-11-17T04:00:21
T001803,C002405,O0013060,E0043,2025-11-01 03:09:00,Return Request,Medium,Open,,,2025-11-01T06:34:00
T001804,C001940,O0010862,E0043,2025-11-18 06:18:00,Order Cancellation,Urgent,Resolved,11.72,2025-11-18T18:01:12,2025-11-18T10:13:29
T001805,C002407,O0001690,E0019,2025-10-20 07:01:00,Product Sizing,High,Pending Customer,13.48,2025-10-20T20:29:48,2025-10-20T07:34:17
T001806,C000308,O0011313,E0039,2025-08-09 01:45:00,Bulk Order Quote,Medium,Resolved,48.19,2025-08-11T01:56:24,2025-08-09T04:10:19
T001807,C000472,O0003361,E0058,2025-12-30 06:47:00,Order Cancellation,Medium,Open,,,2025-12-30T10:08:42
T001808,C000542,O0001507,E0017,2026-01-29 01:54:00,Return Request,Low,Resolved,27.61,2026-01-30T05:30:36,2026-01-29T03:43:11
T001809,C002112,O0001899,E0036,2025-03-13 11:15:00,Return Request,Medium,Resolved,52.81,2025-03-15T16:03:36,2025-03-13T12:51:01
T001810,C001147,O0002974,E0059,2025-10-29 06:50:00,Shipping Delay,Urgent,Open,,,2025-10-29T07:31:54
T001811,C000012,O0011962,E0039,2025-09-13 07:27:00,Return Request,Medium,Resolved,12.8,2025-09-13T20:15:00,2025-09-13T11:24:02
T001812,C001659,O0006086,E0003,2025-10-26 21:11:00,Return Request,Low,Resolved,39.24,2025-10-28T12:25:24,2025-10-27T00:40:10
T001813,C002524,O0005649,E0001,2026-01-06 14:57:00,Shipping Delay,Low,Escalated,14.74,2026-01-07T05:41:24,2026-01-06T17:47:08
T001814,C001311,O0006487,E0006,2025-03-18 05:31:00,Warranty Claim,High,Resolved,151.21,2025-03-24T12:43:36,2025-03-18T06:09:08
T001815,C001910,O0007290,E0022,2025-04-26 23:27:00,Warranty Claim,Low,Resolved,64.62,2025-04-29T16:04:12,2025-04-27T00:30:16
T001816,C002281,O0004219,E0039,2025-02-06 12:13:00,Damaged Item,Low,Resolved,45.37,2025-02-08T09:35:12,2025-02-06T14:09:18
T001817,C000170,O0008294,E0026,2025-09-25 10:47:00,Shipping Delay,Urgent,Pending Customer,11.05,2025-09-25T21:50:00,2025-09-25T11:50:16
T001818,C001617,O0005245,E0039,2025-03-06 04:36:00,Warranty Claim,Low,Resolved,212.33,2025-03-15T00:55:48,2025-03-06T07:11:25
T001819,C002195,O0008415,E0019,2025-11-08 13:36:00,Shipping Delay,High,Resolved,19.68,2025-11-09T09:16:48,2025-11-08T14:47:14
T001820,C002313,O0003770,E0056,2025-03-01 10:21:00,Shipping Delay,Medium,Resolved,19.65,2025-03-02T06:00:00,2025-03-01T13:33:39
T001821,C001344,O0008389,E0040,2025-09-23 20:32:00,Product Sizing,Low,Resolved,10.29,2025-09-24T06:49:24,2025-09-23T22:32:04
T001822,C001136,O0011669,E0028,2025-07-09 13:54:00,Damaged Item,Medium,Pending Customer,55.88,2025-07-11T21:46:48,2025-07-09T15:24:10
T001823,C001375,O0001724,E0040,2025-03-05 21:28:00,Shipping Delay,Medium,Resolved,33.63,2025-03-07T07:05:48,2025-03-06T01:09:59
T001824,C001253,O0005859,E0034,2025-06-13 19:15:00,Order Cancellation,Low,Pending Customer,3.22,2025-06-13T22:28:12,2025-06-13T21:08:20
T001825,C000333,O0014474,E0042,2025-12-13 01:44:00,Product Sizing,Low,Pending Customer,16.14,2025-12-13T17:52:24,2025-12-13T05:18:36
T001826,C000943,O0014103,E0034,2025-02-19 18:01:00,Product Sizing,Medium,Resolved,16.0,2025-02-20T10:01:00,2025-02-19T21:11:18
T001827,C001896,O0008766,E0019,2025-10-17 04:01:00,Order Cancellation,Medium,Pending Customer,1.62,2025-10-17T05:38:12,2025-10-17T07:05:58
T001828,C000306,O0010660,E0036,2025-05-08 15:16:00,Shipping Delay,Low,Resolved,171.83,2025-05-15T19:05:48,2025-05-08T18:59:47
T001829,C001486,O0010752,E0039,2025-03-16 14:22:00,Product Sizing,Medium,Resolved,7.56,2025-03-16T21:55:36,2025-03-16T14:56:35
T001830,C000604,O0014566,E0026,2025-05-29 20:01:00,Shipping Delay,Low,Resolved,77.97,2025-06-02T01:59:12,2025-05-29T20:53:38
T001831,C001727,O0006814,E0051,2025-11-22 23:02:00,Return Request,High,Resolved,57.57,2025-11-25T08:36:12,2025-11-23T01:31:46
T001832,C002356,O0005355,E0024,2025-04-21 14:00:00,Shipping Delay,Medium,Pending Customer,33.06,2025-04-22T23:03:36,2025-04-21T17:34:01
T001833,C001281,O0004549,E0048,2025-02-24 16:41:00,Shipping Delay,Medium,Pending Customer,27.58,2025-02-25T20:15:48,2025-02-24T18:01:16
T001834,C001190,O0010261,E0019,2025-07-27 23:31:00,Shipping Delay,Low,Resolved,33.81,2025-07-29T09:19:36,2025-07-28T02:07:28
T001835,C000740,O0010685,E0003,2025-08-18 21:19:00,Bulk Order Quote,Low,Resolved,95.34,2025-08-22T20:39:24,2025-08-19T00:32:30
T001836,C002271,O0009737,E0036,2025-02-22 03:52:00,Return Request,Medium,Pending Customer,14.53,2025-02-22T18:23:48,2025-02-22T07:05:53
T001837,C000067,O0005833,E0006,2025-03-16 18:14:00,Warranty Claim,Medium,Open,,,2025-03-16T21:57:58
T001838,C001825,O0007905,E0040,2025-06-20 16:51:00,Shipping Delay,Low,Open,,,2025-06-20T18:56:50
T001839,C000434,O0009598,E0034,2026-01-02 06:11:00,Return Request,Low,Resolved,28.93,2026-01-03T11:06:48,2026-01-02T08:40:30
T001840,C000886,O0005096,E0058,2025-02-19 12:57:00,Return Request,Medium,Resolved,26.09,2025-02-20T15:02:24,2025-02-19T16:38:42
T001841,C000029,O0003551,E0037,2025-11-28 07:50:00,Warranty Claim,Urgent,Resolved,92.22,2025-12-02T04:03:12,2025-11-28T09:12:27
T001842,C000311,O0013725,E0046,2025-02-09 20:39:00,Shipping Delay,High,Pending Customer,17.11,2025-02-10T13:45:36,2025-02-09T23:33:42
T001843,C002099,O0012684,E0028,2025-10-15 11:53:00,Bulk Order Quote,Medium,Resolved,67.99,2025-10-18T07:52:24,2025-10-15T14:12:47
T001844,C000964,O0004953,E0048,2025-08-17 00:47:00,Account Question,High,Resolved,5.15,2025-08-17T05:56:00,2025-08-17T01:31:06
T001845,C001883,O0004215,E0006,2025-03-09 02:43:00,Damaged Item,Low,Resolved,27.05,2025-03-10T05:46:00,2025-03-09T05:40:34
T001846,C000480,O0012299,E0009,2025-06-18 20:04:00,Shipping Delay,Medium,Pending Customer,32.66,2025-06-20T04:43:36,2025-06-18T23:29:22
T001847,C000442,O0005625,E0036,2025-12-22 23:47:00,Shipping Delay,Low,Resolved,74.82,2025-12-26T02:36:12,2025-12-23T02:47:49
T001848,C001561,O0008673,E0045,2025-08-09 17:04:00,Product Sizing,Medium,Resolved,6.69,2025-08-09T23:45:24,2025-08-09T19:04:27
T001849,C001739,O0013926,E0040,2025-11-10 20:45:00,Damaged Item,Low,Resolved,42.5,2025-11-12T15:15:00,2025-11-10T22:15:48
T001850,C001799,O0014200,E0048,2025-07-09 16:50:00,Return Request,Low,Resolved,61.81,2025-07-12T06:38:36,2025-07-09T19:48:56
T001851,C001309,O0000616,E0008,2025-12-18 17:12:00,Bulk Order Quote,Low,Pending Customer,84.09,2025-12-22T05:17:24,2025-12-18T19:30:54
T001852,C000649,O0007239,E0057,2025-10-02 23:31:00,Shipping Delay,High,Resolved,14.54,2025-10-03T14:03:24,2025-10-03T00:21:02
T001853,C000146,O0012142,E0014,2025-06-26 02:11:00,Shipping Delay,Low,Pending Customer,32.12,2025-06-27T10:18:12,2025-06-26T04:48:08
T001854,C002074,O0008287,E0034,2025-06-11 16:03:00,Warranty Claim,Low,Resolved,110.22,2025-06-16T06:16:12,2025-06-11T17:15:31
T001855,C000718,O0013106,E0043,2025-08-23 08:45:00,Return Request,Medium,Open,,,2025-08-23T11:43:35
T001856,C001354,O0014886,E0022,2025-04-22 06:29:00,Order Cancellation,Medium,Pending Customer,11.32,2025-04-22T17:48:12,2025-04-22T07:43:34
T001857,C001301,O0009286,E0014,2025-07-29 14:34:00,Warranty Claim,Low,Resolved,150.75,2025-08-04T21:19:00,2025-07-29T18:09:00
T001858,C001919,O0006652,E0037,2025-09-05 01:22:00,Return Request,Low,Resolved,35.5,2025-09-06T12:52:00,2025-09-05T04:44:01
T001859,C000169,O0014470,E0009,2025-08-29 21:59:00,Order Cancellation,Medium,Resolved,5.19,2025-08-30T03:10:24,2025-08-30T01:35:50
T001860,C001540,O0003427,E0060,2025-04-21 03:20:00,Bulk Order Quote,Medium,Pending Customer,68.14,2025-04-23T23:28:24,2025-04-21T04:39:52
T001861,C000139,O0009133,E0014,2025-04-12 12:14:00,Damaged Item,Medium,Pending Customer,252.88,2025-04-23T01:06:48,2025-04-12T12:59:09
T001862,C001423,O0003134,E0048,2025-11-17 22:35:00,Return Request,Low,Pending Customer,25.38,2025-11-18T23:57:48,2025-11-17T23:21:36
T001863,C001524,O0004342,E0009,2025-02-21 16:54:00,Product Sizing,Urgent,Escalated,3.99,2025-02-21T20:53:24,2025-02-21T17:47:12
T001864,C000691,O0001028,E0042,2025-10-19 09:22:00,Return Request,Low,Resolved,25.52,2025-10-20T10:53:12,2025-10-19T11:58:08
T001865,C000469,O0006851,E0036,2025-09-24 09:21:00,Bulk Order Quote,Low,Pending Customer,117.31,2025-09-29T06:39:36,2025-09-24T12:55:33
T001866,C002009,O0009015,E0034,2025-10-14 05:14:00,Order Cancellation,Low,Pending Customer,3.7,2025-10-14T08:56:00,2025-10-14T05:47:48
T001867,C002420,O0014879,E0024,2025-07-20 23:13:00,Damaged Item,Low,Open,,,2025-07-21T01:25:48
T001868,C001146,O0013702,E0041,2025-02-11 20:11:00,Bulk Order Quote,Medium,Open,,,2025-02-11T23:03:40
T001869,C001122,O0002837,E0057,2025-12-05 17:04:00,Product Sizing,High,Pending Customer,7.47,2025-12-06T00:32:12,2025-12-05T21:01:51
T001870,C000700,O0009663,E0051,2025-10-02 12:30:00,Damaged Item,High,Resolved,122.6,2025-10-07T15:06:00,2025-10-02T16:28:11
T001871,C000659,O0000985,E0058,2025-07-24 04:11:00,Shipping Delay,Low,Resolved,19.93,2025-07-25T00:06:48,2025-07-24T06:46:36
T001872,C000314,O0005003,E0019,2025-08-12 14:27:00,Damaged Item,High,Escalated,23.68,2025-08-13T14:07:48,2025-08-12T18:13:23
T001873,C000900,O0007378,E0040,2025-05-03 20:37:00,Product Sizing,Medium,Resolved,3.8,2025-05-04T00:25:00,2025-05-04T00:20:40
T001874,C002427,O0010603,E0017,2025-07-03 16:59:00,Product Sizing,Medium,Resolved,6.95,2025-07-03T23:56:00,2025-07-03T20:47:42
T001875,C002558,O0002908,E0051,2025-04-01 11:01:00,Damaged Item,Low,Resolved,53.77,2025-04-03T16:47:12,2025-04-01T13:31:25
T001876,C001453,O0001910,E0026,2025-02-16 09:23:00,Order Cancellation,Low,Escalated,5.41,2025-02-16T14:47:36,2025-02-16T12:38:31
T001877,C000189,O0007088,E0003,2025-02-20 21:24:00,Damaged Item,Medium,Escalated,71.74,2025-02-23T21:08:24,2025-02-20T23:33:32
T001878,C001537,O0005872,E0051,2026-01-06 09:52:00,Product Sizing,Low,Resolved,17.22,2026-01-07T03:05:12,2026-01-06T12:59:06
T001879,C001753,O0002170,E0006,2025-10-11 11:21:00,Shipping Delay,Medium,Resolved,30.74,2025-10-12T18:05:24,2025-10-11T12:57:20
T001880,C001909,O0004982,E0060,2025-07-15 01:09:00,Warranty Claim,Medium,Resolved,235.41,2025-07-24T20:33:36,2025-07-15T03:59:25
T001881,C001700,O0001993,E0053,2025-03-18 13:31:00,Product Sizing,Medium,Resolved,4.95,2025-03-18T18:28:00,2025-03-18T14:58:27
T001882,C000518,O0009895,E0036,2025-06-09 12:39:00,Shipping Delay,High,Pending Customer,34.76,2025-06-10T23:24:36,2025-06-09T15:08:42
T001883,C002475,O0000995,E0034,2025-02-27 02:16:00,Account Question,Low,Resolved,11.97,2025-02-27T14:14:12,2025-02-27T05:00:33
T001884,C000009,O0008162,E0020,2025-01-14 23:24:00,Return Request,Medium,Resolved,13.17,2025-01-15T12:34:12,2025-01-15T00:59:31
T001885,C002353,O0012564,E0048,2025-09-27 09:25:00,Order Cancellation,Low,Resolved,2.94,2025-09-27T12:21:24,2025-09-27T10:25:36
T001886,C002533,O0005716,E0022,2025-12-19 14:49:00,Shipping Delay,High,Resolved,13.99,2025-12-20T04:48:24,2025-12-19T18:13:16
T001887,C001088,O0008904,E0034,2025-05-26 00:03:00,Warranty Claim,High,Pending Customer,162.33,2025-06-01T18:22:48,2025-05-26T02:43:39
T001888,C001117,O0004553,E0041,2025-07-03 18:46:00,Product Sizing,Medium,Resolved,15.22,2025-07-04T09:59:12,2025-07-03T21:32:51
T001889,C000855,O0005227,E0001,2025-06-26 19:13:00,Return Request,Low,Resolved,24.4,2025-06-27T19:37:00,2025-06-26T21:44:43
T001890,C000222,O0012938,E0040,2025-11-24 11:54:00,Order Cancellation,High,Resolved,24.05,2025-11-25T11:57:00,2025-11-24T13:28:52
T001891,C002011,O0011931,E0036,2025-02-04 10:25:00,Bulk Order Quote,Medium,Resolved,45.29,2025-02-06T07:42:24,2025-02-04T13:00:54
T001892,C000212,O0012307,E0042,2025-02-28 22:10:00,Shipping Delay,Low,Resolved,120.95,2025-03-05T23:07:00,2025-03-01T02:08:12
T001893,C002155,O0001968,E0003,2025-10-03 17:15:00,Order Cancellation,High,Resolved,5.73,2025-10-03T22:58:48,2025-10-03T20:26:59
T001894,C001363,O0000671,E0040,2025-08-16 04:07:00,Product Sizing,Medium,Resolved,4.81,2025-08-16T08:55:36,2025-08-16T05:38:46
T001895,C001747,O0003997,E0003,2025-11-21 01:10:00,Warranty Claim,Low,Resolved,107.31,2025-11-25T12:28:36,2025-11-21T03:51:17
T001896,C000642,O0008544,E0039,2025-12-22 23:52:00,Shipping Delay,Medium,Pending Customer,30.82,2025-12-24T06:41:12,2025-12-23T01:54:33
T001897,C000394,O0003325,E0018,2025-04-08 06:37:00,Account Question,Low,Resolved,6.57,2025-04-08T13:11:12,2025-04-08T09:49:45
T001898,C000681,O0002161,E0039,2025-04-04 07:56:00,Warranty Claim,Low,Resolved,103.11,2025-04-08T15:02:36,2025-04-04T11:33:38
T001899,C001584,O0000116,E0040,2025-05-28 02:02:00,Return Request,High,Resolved,14.33,2025-05-28T16:21:48,2025-05-28T05:45:48
T001900,C002157,O0013391,E0042,2025-03-01 01:00:00,Account Question,Low,Resolved,7.76,2025-03-01T08:45:36,2025-03-01T02:55:20
T001901,C000435,O0004739,E0060,2025-07-17 21:42:00,Product Sizing,Low,Resolved,8.94,2025-07-18T06:38:24,2025-07-18T00:58:21
T001902,C002479,O0000791,E0043,2025-12-23 04:14:00,Return Request,Low,Resolved,31.88,2025-12-24T12:06:48,2025-12-23T06:37:29
T001903,C000900,O0007094,E0024,2025-05-25 14:40:00,Product Sizing,High,Resolved,7.32,2025-05-25T21:59:12,2025-05-25T16:11:26
T001904,C000622,O0000674,E0026,2025-01-31 01:30:00,Shipping Delay,Medium,Resolved,10.01,2025-01-31T11:30:36,2025-01-31T02:07:34
T001905,C001264,O0006683,E0028,2025-07-01 18:54:00,Order Cancellation,Medium,Open,,,2025-07-01T22:40:33
T001906,C002359,O0004020,E0043,2025-07-02 16:43:00,Account Question,High,Pending Customer,5.91,2025-07-02T22:37:36,2025-07-02T20:00:28
T001907,C000549,O0010207,E0040,2025-12-14 19:39:00,Return Request,Low,Resolved,53.79,2025-12-17T01:26:24,2025-12-14T23:36:25
T001908,C001150,O0010247,E0003,2025-11-04 17:07:00,Damaged Item,Low,Resolved,85.37,2025-11-08T06:29:12,2025-11-04T17:51:10
T001909,C002532,O0005981,E0004,2025-06-07 14:32:00,Shipping Delay,Medium,Resolved,36.85,2025-06-09T03:23:00,2025-06-07T17:42:51
T001910,C000751,O0007558,E0060,2025-10-07 13:11:00,Account Question,Low,Resolved,5.97,2025-10-07T19:09:12,2025-10-07T14:31:38
T001911,C002051,O0007785,E0026,2025-05-13 16:09:00,Shipping Delay,High,Resolved,50.95,2025-05-15T19:06:00,2025-05-13T18:41:50
T001912,C001978,O0003859,E0037,2025-07-15 10:29:00,Product Sizing,Low,Resolved,3.84,2025-07-15T14:19:24,2025-07-15T12:24:32
T001913,C002424,O0001721,E0040,2025-05-01 08:31:00,Warranty Claim,Low,Pending Customer,82.26,2025-05-04T18:46:36,2025-05-01T09:09:45
T001914,C001983,O0003210,E0018,2025-06-10 06:20:00,Return Request,Medium,Resolved,8.95,2025-06-10T15:17:00,2025-06-10T07:22:31
T001915,C001548,O0012728,E0009,2025-09-11 18:39:00,Bulk Order Quote,Medium,Resolved,79.49,2025-09-15T02:08:24,2025-09-11T20:49:54
T001916,C000046,O0012642,E0048,2025-07-21 09:23:00,Bulk Order Quote,High,Resolved,168.56,2025-07-28T09:56:36,2025-07-21T13:21:46
T001917,C000650,O0009334,E0048,2025-05-02 19:49:00,Return Request,Low,Open,,,2025-05-02T21:09:54
T001918,C002002,O0005819,E0006,2025-08-09 07:08:00,Product Sizing,Medium,Escalated,6.93,2025-08-09T14:03:48,2025-08-09T10:32:08
T001919,C001439,O0006670,E0051,2025-03-12 05:16:00,Order Cancellation,Low,Open,,,2025-03-12T05:57:42
T001920,C001553,O0000318,E0020,2025-12-12 02:05:00,Bulk Order Quote,Medium,Pending Customer,150.39,2025-12-18T08:28:24,2025-12-12T04:21:22
T001921,C000271,O0011254,E0039,2025-04-02 14:07:00,Account Question,Low,Resolved,3.6,2025-04-02T17:43:00,2025-04-02T17:22:24
T001922,C000387,O0003734,E0057,2025-03-24 17:35:00,Damaged Item,Low,Resolved,66.21,2025-03-27T11:47:36,2025-03-24T18:06:50
T001923,C001947,O0004155,E0046,2025-11-14 04:38:00,Return Request,Low,Resolved,32.51,2025-11-15T13:08:36,2025-11-14T05:08:30
T001924,C000339,O0001046,E0024,2025-08-17 05:01:00,Product Sizing,Low,Pending Customer,17.33,2025-08-17T22:20:48,2025-08-17T08:12:40
T001925,C001086,O0008137,E0042,2025-12-22 23:02:00,Shipping Delay,Medium,Open,,,2025-12-23T02:00:26
T001926,C001150,O0013403,E0057,2025-08-22 08:27:00,Bulk Order Quote,Low,Resolved,116.69,2025-08-27T05:08:24,2025-08-22T10:16:48
T001927,C000421,O0013540,E0017,2025-11-08 05:54:00,Return Request,Low,Resolved,30.2,2025-11-09T12:06:00,2025-11-08T08:51:20
T001928,C001746,O0007265,E0060,2025-11-25 08:30:00,Shipping Delay,Low,Resolved,49.71,2025-11-27T10:12:36,2025-11-25T10:26:40
T001929,C002395,O0009143,E0035,2025-03-01 06:43:00,Warranty Claim,Low,Escalated,51.77,2025-03-03T10:29:12,2025-03-01T08:58:14
T001930,C002293,O0014699,E0060,2025-08-28 15:48:00,Warranty Claim,Low,Resolved,87.94,2025-09-01T07:44:24,2025-08-28T17:18:37
T001931,C000919,O0010110,E0014,2025-11-07 04:04:00,Bulk Order Quote,Medium,Resolved,102.59,2025-11-11T10:39:24,2025-11-07T06:49:35
T001932,C001157,O0007796,E0017,2025-09-19 11:03:00,Shipping Delay,Low,Resolved,17.84,2025-09-20T04:53:24,2025-09-19T12:59:28
T001933,C000896,O0000849,E0059,2025-06-21 14:32:00,Bulk Order Quote,Low,Escalated,38.79,2025-06-23T05:19:24,2025-06-21T15:54:14
T001934,C002273,O0005654,E0039,2025-07-04 15:06:00,Damaged Item,Medium,Resolved,49.25,2025-07-06T16:21:00,2025-07-04T19:04:47
T001935,C001372,O0007160,E0039,2025-01-05 10:39:00,Shipping Delay,Medium,Resolved,18.65,2025-01-06T05:18:00,2025-01-05T13:57:25
T001936,C000039,O0004341,E0019,2025-08-12 21:16:00,Bulk Order Quote,Urgent,Resolved,32.87,2025-08-14T06:08:12,2025-08-12T23:57:27
T001937,C001447,O0002639,E0048,2025-12-13 01:56:00,Warranty Claim,High,Open,,,2025-12-13T03:34:15
T001938,C000385,O0012600,E0009,2025-06-23 21:44:00,Product Sizing,Low,Pending Customer,10.08,2025-06-24T07:48:48,2025-06-23T23:41:40
T001939,C002339,O0009093,E0007,2026-01-14 22:09:00,Warranty Claim,Medium,Resolved,300.47,2026-01-27T10:37:12,2026-01-14T23:20:15
T001940,C001771,O0012355,E0040,2026-01-01 13:56:00,Account Question,High,Pending Customer,7.43,2026-01-01T21:21:48,2026-01-01T15:25:13
T001941,C000911,O0013084,E0060,2025-12-14 07:19:00,Order Cancellation,Medium,Resolved,3.31,2025-12-14T10:37:36,2025-12-14T08:39:44
T001942,C001142,O0005077,E0026,2025-10-08 13:23:00,Shipping Delay,Low,Resolved,23.61,2025-10-09T12:59:36,2025-10-08T14:56:29
T001943,C000788,O0007878,E0051,2025-11-26 22:20:00,Warranty Claim,Low,Resolved,71.67,2025-11-29T22:00:12,2025-11-26T23:40:55
T001944,C001492,O0003431,E0036,2025-03-29 06:03:00,Order Cancellation,Medium,Resolved,2.27,2025-03-29T08:19:12,2025-03-29T07:06:29
T001945,C001896,O0010463,E0043,2025-06-03 03:25:00,Order Cancellation,Medium,Resolved,4.97,2025-06-03T08:23:12,2025-06-03T05:12:22
T001946,C000362,O0008591,E0043,2025-03-05 00:31:00,Shipping Delay,Medium,Resolved,32.12,2025-03-06T08:38:12,2025-03-05T04:26:00
T001947,C001048,O0006173,E0003,2025-07-20 15:08:00,Product Sizing,Medium,Resolved,4.11,2025-07-20T19:14:36,2025-07-20T16:56:49
T001948,C000115,O0000706,E0017,2025-04-04 22:01:00,Return Request,Low,Escalated,23.1,2025-04-05T21:07:00,2025-04-04T23:08:01
T001949,C002234,O0001634,E0039,2025-01-22 18:49:00,Return Request,Medium,Pending Customer,64.55,2025-01-25T11:22:00,2025-01-22T21:44:04
T001950,C002389,O0001124,E0022,2025-04-26 17:53:00,Shipping Delay,Medium,Pending Customer,24.52,2025-04-27T18:24:12,2025-04-26T19:04:18
T001951,C000943,O0003119,E0051,2025-12-01 06:58:00,Shipping Delay,Low,Open,,,2025-12-01T08:23:40
T001952,C001797,O0011512,E0051,2025-03-13 17:32:00,Order Cancellation,Low,Resolved,13.59,2025-03-14T07:07:24,2025-03-13T18:38:16
T001953,C001127,O0005202,E0036,2025-10-24 06:51:00,Order Cancellation,Low,Resolved,4.35,2025-10-24T11:12:00,2025-10-24T08:51:26
T001954,C000103,O0001559,E0014,2025-06-04 03:03:00,Account Question,High,Resolved,5.99,2025-06-04T09:02:24,2025-06-04T04:29:25
T001955,C002479,O0005674,E0039,2025-10-01 12:18:00,Return Request,High,Open,,,2025-10-01T15:00:11
T001956,C001755,O0005048,E0024,2026-01-06 15:58:00,Return Request,Low,Resolved,25.9,2026-01-07T17:52:00,2026-01-06T18:52:46
T001957,C001013,O0012481,E0042,2025-06-11 16:11:00,Order Cancellation,Low,Escalated,1.45,2025-06-11T17:38:00,2025-06-11T19:02:06
T001958,C000970,O0006872,E0057,2025-12-27 14:56:00,Warranty Claim,Medium,Resolved,263.9,2026-01-07T14:50:00,2025-12-27T15:38:44
T001959,C000084,O0014852,E0024,2025-02-26 17:29:00,Account Question,Low,Open,,,2025-02-26T18:40:00
T001960,C000869,O0008816,E0051,2025-05-20 19:45:00,Order Cancellation,Medium,Pending Customer,3.69,2025-05-20T23:26:24,2025-05-20T21:10:44
T001961,C001407,O0010788,E0036,2025-10-19 13:09:00,Product Sizing,Medium,Resolved,3.46,2025-10-19T16:36:36,2025-10-19T16:21:59
T001962,C002085,O0003200,E0039,2025-08-27 13:02:00,Damaged Item,Medium,Pending Customer,42.58,2025-08-29T07:36:48,2025-08-27T15:19:23
T001963,C000669,O0005920,E0037,2025-10-06 19:21:00,Product Sizing,Low,Resolved,4.6,2025-10-06T23:57:00,2025-10-06T23:16:41
T001964,C001731,O0012277,E0030,2025-05-15 17:45:00,Account Question,High,Resolved,6.82,2025-05-16T00:34:12,2025-05-15T19:34:32
T001965,C001859,O0010640,E0043,2025-06-21 23:42:00,Product Sizing,Low,Resolved,11.31,2025-06-22T11:00:36,2025-06-22T02:41:07
T001966,C001697,O0005782,E0026,2025-12-29 05:57:00,Order Cancellation,Low,Resolved,4.64,2025-12-29T10:35:24,2025-12-29T08:37:14
T001967,C001831,O0011102,E0046,2025-09-23 17:34:00,Damaged Item,Low,Open,,,2025-09-23T18:51:13
T001968,C000958,O0009162,E0040,2025-01-31 22:10:00,Warranty Claim,Medium,Open,,,2025-02-01T00:16:37
T001969,C000397,O0005880,E0057,2025-03-04 09:22:00,Order Cancellation,Low,Resolved,4.79,2025-03-04T14:09:24,2025-03-04T12:14:30
T001970,C000747,O0006770,E0053,2025-02-22 03:16:00,Shipping Delay,Low,Open,,,2025-02-22T04:45:13
T001971,C000848,O0012966,E0018,2025-04-23 20:34:00,Return Request,Low,Resolved,11.57,2025-04-24T08:08:12,2025-04-23T21:10:51
T001972,C001451,O0008334,E0006,2025-06-05 06:23:00,Shipping Delay,High,Resolved,13.31,2025-06-05T19:41:36,2025-06-05T10:03:57
T001973,C000027,O0010882,E0034,2025-06-25 14:38:00,Bulk Order Quote,High,Pending Customer,34.19,2025-06-27T00:49:24,2025-06-25T15:51:12
T001974,C000723,O0012727,E0004,2025-12-14 08:25:00,Order Cancellation,Low,Resolved,2.98,2025-12-14T11:23:48,2025-12-14T11:03:28
T001975,C000046,O0000262,E0034,2026-01-05 08:10:00,Shipping Delay,Medium,Open,,,2026-01-05T08:59:00
T001976,C001744,O0009681,E0060,2025-03-26 12:07:00,Shipping Delay,High,Resolved,28.1,2025-03-27T16:13:00,2025-03-26T14:00:27
T001977,C002541,O0006486,E0018,2025-05-09 10:21:00,Shipping Delay,Low,Resolved,22.28,2025-05-10T08:37:48,2025-05-09T11:07:55
T001978,C001398,O0012675,E0008,2025-02-27 01:29:00,Return Request,Medium,Open,,,2025-02-27T02:15:14
T001979,C001245,O0010712,E0009,2025-10-05 03:09:00,Shipping Delay,Medium,Pending Customer,16.95,2025-10-05T20:06:00,2025-10-05T03:46:59
T001980,C001468,O0000758,E0024,2025-09-30 22:42:00,Account Question,Low,Resolved,5.06,2025-10-01T03:45:36,2025-10-01T02:28:44
T001981,C000465,O0013363,E0042,2025-10-11 04:49:00,Order Cancellation,Low,Open,,,2025-10-11T07:17:13
T001982,C001365,O0012256,E0048,2025-05-06 20:51:00,Bulk Order Quote,Low,Pending Customer,28.35,2025-05-08T01:12:00,2025-05-07T00:22:58
T001983,C002495,O0010231,E0051,2025-12-27 03:36:00,Warranty Claim,Low,Resolved,41.81,2025-12-28T21:24:36,2025-12-27T06:33:09
T001984,C002516,O0003272,E0026,2025-08-10 22:55:00,Shipping Delay,Low,Resolved,23.57,2025-08-11T22:29:12,2025-08-11T01:53:23
T001985,C001149,O0010566,E0019,2025-10-01 06:41:00,Return Request,Medium,Open,,,2025-10-01T09:55:33
T001986,C002244,O0014512,E0019,2025-10-20 03:08:00,Warranty Claim,Low,Resolved,58.15,2025-10-22T13:17:00,2025-10-20T05:44:51
T001987,C001727,O0013261,E0060,2025-03-18 02:59:00,Shipping Delay,Low,Resolved,18.47,2025-03-18T21:27:12,2025-03-18T05:48:15
T001988,C001280,O0014805,E0019,2025-05-17 09:50:00,Return Request,Low,Resolved,31.2,2025-05-18T17:02:00,2025-05-17T11:49:48
T001989,C001810,O0013983,E0043,2025-02-16 15:46:00,Bulk Order Quote,Low,Resolved,46.73,2025-02-18T14:29:48,2025-02-16T19:03:55
T001990,C001843,O0012162,E0019,2025-01-24 17:49:00,Damaged Item,Medium,Resolved,53.18,2025-01-26T22:59:48,2025-01-24T20:27:44
T001991,C000934,O0006818,E0057,2025-12-04 08:03:00,Product Sizing,Low,Resolved,16.44,2025-12-05T00:29:24,2025-12-04T11:40:07
T001992,C001338,O0004119,E0030,2025-08-31 07:06:00,Shipping Delay,Low,Resolved,24.16,2025-09-01T07:15:36,2025-08-31T11:00:16
T001993,C000276,O0009155,E0003,2025-02-15 11:06:00,Return Request,Low,Resolved,25.51,2025-02-16T12:36:36,2025-02-15T14:16:34
T001994,C001030,O0008644,E0017,2025-12-11 22:09:00,Shipping Delay,Medium,Pending Customer,25.38,2025-12-12T23:31:48,2025-12-11T23:23:51
T001995,C001698,O0011701,E0060,2025-08-10 01:01:00,Shipping Delay,Low,Open,,,2025-08-10T01:40:13
T001996,C001622,O0011750,E0019,2025-12-12 12:28:00,Return Request,Low,Open,,,2025-12-12T15:03:04
T001997,C001250,O0014918,E0060,2025-04-23 17:42:00,Return Request,High,Open,,,2025-04-23T20:05:03
T001998,C002221,O0005177,E0003,2026-01-14 13:11:00,Shipping Delay,Low,Resolved,27.05,2026-01-15T16:14:00,2026-01-14T14:33:19
T001999,C002388,O0004718,E0060,2025-01-23 09:29:00,Account Question,Low,Pending Customer,6.29,2025-01-23T15:46:24,2025-01-23T13:16:02
T002000,C002495,O0009044,E0046,2025-03-10 15:09:00,Return Request,Medium,Pending Customer,16.78,2025-03-11T07:55:48,2025-03-10T16:53:45
T002001,C000224,O0011440,E0003,2025-06-07 20:29:00,Shipping Delay,Medium,Pending Customer,96.58,2025-06-11T21:03:48,2025-06-08T00:20:59
T002002,C000676,O0010065,E0046,2025-07-30 08:21:00,Return Request,Medium,Resolved,18.14,2025-07-31T02:29:24,2025-07-30T11:11:00
T002003,C000861,O0012270,E0039,2026-01-07 16:49:00,Product Sizing,High,Resolved,6.9,2026-01-07T23:43:00,2026-01-07T19:55:12
T002004,C001859,O0003582,E0048,2025-02-19 02:02:00,Damaged Item,Medium,Open,,,2025-02-19T04:26:33
T002005,C000566,O0014020,E0043,2025-10-25 05:21:00,Product Sizing,Medium,Resolved,3.64,2025-10-25T08:59:24,2025-10-25T08:48:28
T002006,C002517,O0006963,E0051,2025-10-22 21:23:00,Damaged Item,Low,Pending Customer,26.83,2025-10-24T00:12:48,2025-10-22T23:18:07
T002007,C000294,O0006020,E0006,2025-11-25 08:49:00,Shipping Delay,Low,Resolved,6.48,2025-11-25T15:17:48,2025-11-25T10:57:29
T002008,C000096,O0001476,E0048,2025-05-13 02:35:00,Product Sizing,Low,Resolved,9.84,2025-05-13T12:25:24,2025-05-13T05:14:05
T002009,C002540,O0006298,E0037,2025-05-05 04:03:00,Damaged Item,Medium,Resolved,76.15,2025-05-08T08:12:00,2025-05-05T05:26:59
T002010,C001026,O0010053,E0024,2025-12-10 19:04:00,Product Sizing,Low,Resolved,5.93,2025-12-11T00:59:48,2025-12-10T21:29:17
T002011,C000357,O0002627,E0058,2025-04-24 13:52:00,Warranty Claim,High,Pending Customer,221.85,2025-05-03T19:43:00,2025-04-24T17:16:32
T002012,C001658,O0008226,E0046,2026-01-20 17:10:00,Order Cancellation,Medium,Open,,,2026-01-20T18:39:13
T002013,C000469,O0005907,E0053,2025-09-01 04:08:00,Product Sizing,Low,Resolved,15.77,2025-09-01T19:54:12,2025-09-01T05:35:35
T002014,C000248,O0000759,E0046,2025-11-30 00:11:00,Product Sizing,Medium,Resolved,14.63,2025-11-30T14:48:48,2025-11-30T02:39:56
T002015,C001770,O0014021,E0024,2025-02-03 08:11:00,Product Sizing,Low,Pending Customer,27.07,2025-02-04T11:15:12,2025-02-03T09:00:51
T002016,C001901,O0000628,E0041,2025-07-24 22:53:00,Product Sizing,Low,Resolved,7.26,2025-07-25T06:08:36,2025-07-25T01:37:19
T002017,C002549,O0003738,E0014,2025-04-07 03:50:00,Damaged Item,Low,Pending Customer,39.62,2025-04-08T19:27:12,2025-04-07T06:23:52
T002018,C001661,O0014724,E0003,2025-11-24 19:56:00,Return Request,Low,Open,,,2025-11-24T21:28:48
T002019,C001304,O0012875,E0009,2025-04-16 18:23:00,Shipping Delay,Low,Escalated,35.7,2025-04-18T06:05:00,2025-04-16T19:19:14
T002020,C000911,O0007852,E0060,2025-06-03 17:46:00,Return Request,Medium,Resolved,117.1,2025-06-08T14:52:00,2025-06-03T18:45:14
T002021,C001073,O0007626,E0019,2025-03-15 18:02:00,Return Request,Low,Resolved,12.12,2025-03-16T06:09:12,2025-03-15T19:33:49
T002022,C000942,O0007333,E0003,2025-02-28 20:20:00,Return Request,High,Resolved,11.23,2025-03-01T07:33:48,2025-02-28T23:37:28
T002023,C001432,O0002227,E0008,2025-05-08 15:38:00,Product Sizing,High,Resolved,3.67,2025-05-08T19:18:12,2025-05-08T16:17:28
T002024,C000497,O0004298,E0022,2025-04-07 06:33:00,Account Question,Low,Resolved,15.4,2025-04-07T21:57:00,2025-04-07T10:29:40
T002025,C000696,O0008458,E0051,2025-07-11 16:43:00,Shipping Delay,High,Open,,,2025-07-11T18:14:58
T002026,C002280,O0003602,E0006,2026-01-29 08:57:00,Product Sizing,Medium,Resolved,8.03,2026-01-29T16:58:48,2026-01-29T09:27:08
T002027,C002210,O0005972,E0006,2025-10-06 03:04:00,Return Request,Medium,Resolved,17.24,2025-10-06T20:18:24,2025-10-06T03:39:13
T002028,C002532,O0003643,E0060,2025-06-17 08:39:00,Shipping Delay,Low,Pending Customer,27.96,2025-06-18T12:36:36,2025-06-17T10:07:33
T002029,C000942,O0000300,E0040,2025-06-02 18:14:00,Shipping Delay,High,Resolved,55.78,2025-06-05T02:00:48,2025-06-02T20:36:02
T002030,C001896,O0010209,E0024,2025-06-06 19:02:00,Damaged Item,Medium,Resolved,165.79,2025-06-13T16:49:24,2025-06-06T21:43:06
T002031,C001034,O0003484,E0003,2025-04-14 19:51:00,Warranty Claim,Low,Resolved,75.75,2025-04-17T23:36:00,2025-04-14T23:19:01
T002032,C000467,O0008395,E0051,2025-09-20 02:08:00,Product Sizing,High,Resolved,4.21,2025-09-20T06:20:36,2025-09-20T04:33:44
T002033,C000562,O0004178,E0042,2025-07-12 14:14:00,Shipping Delay,Medium,Pending Customer,62.93,2025-07-15T05:09:48,2025-07-12T14:54:14
T002034,C001088,O0008904,E0006,2025-06-23 17:03:00,Order Cancellation,Low,Pending Customer,8.43,2025-06-24T01:28:48,2025-06-23T17:50:48
T002035,C000582,O0005524,E0037,2025-08-29 19:26:00,Order Cancellation,Medium,Resolved,3.41,2025-08-29T22:50:36,2025-08-29T21:51:45
T002036,C000608,O0006924,E0043,2026-01-11 05:23:00,Shipping Delay,Low,Resolved,43.68,2026-01-13T01:03:48,2026-01-11T08:26:01
T002037,C002460,O0001099,E0007,2025-03-12 07:35:00,Bulk Order Quote,Medium,Pending Customer,45.07,2025-03-14T04:39:12,2025-03-12T09:52:37
T002038,C000995,O0014528,E0046,2025-10-18 20:13:00,Shipping Delay,High,Resolved,21.44,2025-10-19T17:39:24,2025-10-18T21:29:02
T002039,C000649,O0005031,E0048,2025-07-16 07:59:00,Order Cancellation,Medium,Resolved,5.6,2025-07-16T13:35:00,2025-07-16T11:00:55
T002040,C000803,O0006187,E0051,2025-02-19 06:16:00,Account Question,Urgent,Resolved,13.82,2025-02-19T20:05:12,2025-02-19T09:05:09
T002041,C000323,O0012662,E0043,2025-12-18 22:47:00,Warranty Claim,Low,Resolved,211.35,2025-12-27T18:08:00,2025-12-19T00:48:11
T002042,C001012,O0005010,E0001,2025-04-01 22:19:00,Product Sizing,Medium,Resolved,3.81,2025-04-02T02:07:36,2025-04-01T23:52:44
T002043,C000299,O0006703,E0006,2025-02-19 03:07:00,Shipping Delay,High,Resolved,28.1,2025-02-20T07:13:00,2025-02-19T04:01:33
T002044,C001039,O0011200,E0036,2025-03-31 07:30:00,Shipping Delay,Low,Resolved,66.62,2025-04-03T02:07:12,2025-03-31T10:36:16
T002045,C001100,O0001136,E0024,2025-11-06 19:32:00,Bulk Order Quote,Medium,Pending Customer,52.73,2025-11-09T00:15:48,2025-11-06T21:20:50
T002046,C001435,O0003719,E0035,2025-04-25 21:39:00,Product Sizing,Low,Resolved,26.99,2025-04-27T00:38:24,2025-04-26T00:18:36
T002047,C000767,O0006031,E0037,2025-12-21 14:45:00,Shipping Delay,Low,Resolved,11.94,2025-12-22T02:41:24,2025-12-21T16:23:34
T002048,C001107,O0013295,E0042,2025-04-01 13:55:00,Order Cancellation,Medium,Open,,,2025-04-01T16:48:51
T002049,C002269,O0005142,E0014,2025-03-09 20:16:00,Account Question,Low,Resolved,12.68,2025-03-10T08:56:48,2025-03-10T00:01:18
T002050,C002165,O0000534,E0004,2025-08-21 21:07:00,Damaged Item,Medium,Resolved,29.79,2025-08-23T02:54:24,2025-08-22T00:21:17
T002051,C000848,O0012966,E0003,2025-05-11 13:34:00,Account Question,Low,Resolved,8.48,2025-05-11T22:02:48,2025-05-11T17:26:23
T002052,C001888,O0012383,E0046,2025-10-21 22:16:00,Bulk Order Quote,Urgent,Escalated,51.91,2025-10-24T02:10:36,2025-10-21T23:18:35
T002053,C002050,O0010528,E0060,2025-01-23 22:40:00,Product Sizing,Low,Resolved,7.9,2025-01-24T06:34:00,2025-01-24T00:23:37
T002054,C001406,O0007215,E0030,2025-04-05 19:50:00,Shipping Delay,High,Resolved,4.95,2025-04-06T00:47:00,2025-04-05T23:43:04
T002055,C000458,O0014362,E0039,2025-07-03 01:01:00,Order Cancellation,Low,Resolved,2.27,2025-07-03T03:17:12,2025-07-03T03:36:39
T002056,C001085,O0013590,E0058,2025-08-22 19:28:00,Product Sizing,Low,Resolved,4.94,2025-08-23T00:24:24,2025-08-22T20:26:26
T002057,C001819,O0002237,E0051,2025-08-26 03:46:00,Order Cancellation,Low,Resolved,4.48,2025-08-26T08:14:48,2025-08-26T07:00:29
T002058,C001777,O0001580,E0003,2025-05-15 11:44:00,Return Request,Medium,Escalated,19.9,2025-05-16T07:38:00,2025-05-15T12:42:36
T002059,C002381,O0005762,E0048,2025-09-04 23:28:00,Shipping Delay,Low,Resolved,19.12,2025-09-05T18:35:12,2025-09-05T00:40:08
T002060,C001840,O0006131,E0024,2025-07-09 06:57:00,Product Sizing,Medium,Resolved,9.72,2025-07-09T16:40:12,2025-07-09T09:04:39
T002061,C001053,O0003285,E0036,2025-08-13 14:20:00,Bulk Order Quote,Medium,Resolved,57.11,2025-08-15T23:26:36,2025-08-13T16:07:18
T002062,C001648,O0013173,E0036,2025-05-06 14:40:00,Return Request,Medium,Resolved,65.46,2025-05-09T08:07:36,2025-05-06T16:25:25
T002063,C001797,O0003479,E0056,2025-12-06 17:20:00,Bulk Order Quote,Low,Resolved,23.74,2025-12-07T17:04:24,2025-12-06T20:22:02
T002064,C001537,O0005631,E0045,2025-02-22 08:34:00,Order Cancellation,Medium,Pending Customer,11.42,2025-02-22T19:59:12,2025-02-22T10:57:23
T002065,C002513,O0014192,E0042,2025-11-23 05:28:00,Order Cancellation,Medium,Pending Customer,1.97,2025-11-23T07:26:12,2025-11-23T09:09:33
T002066,C001775,O0007176,E0019,2025-11-15 12:04:00,Return Request,Low,Resolved,37.18,2025-11-17T01:14:48,2025-11-15T14:33:27
T002067,C000252,O0000008,E0036,2025-09-16 01:45:00,Damaged Item,Low,Resolved,31.97,2025-09-17T09:43:12,2025-09-16T04:40:10
T002068,C002299,O0001744,E0040,2025-03-23 02:56:00,Order Cancellation,Low,Resolved,2.84,2025-03-23T05:46:24,2025-03-23T03:27:43
T002069,C001761,O0007493,E0036,2025-04-07 15:41:00,Damaged Item,Low,Resolved,33.88,2025-04-09T01:33:48,2025-04-07T18:46:58
T002070,C001712,O0008774,E0060,2025-09-28 19:46:00,Return Request,Medium,Open,,,2025-09-28T21:55:59
T002071,C001125,O0012926,E0034,2025-11-12 05:08:00,Bulk Order Quote,Medium,Resolved,78.69,2025-11-15T11:49:24,2025-11-12T06:52:42
T002072,C001964,O0002791,E0046,2025-06-16 20:10:00,Return Request,Low,Resolved,33.76,2025-06-18T05:55:36,2025-06-16T21:12:17
T002073,C001735,O0007398,E0053,2025-12-29 18:56:00,Damaged Item,Low,Resolved,16.44,2025-12-30T11:22:24,2025-12-29T19:44:24
T002074,C002269,O0014450,E0051,2025-07-19 06:31:00,Warranty Claim,Medium,Open,,,2025-07-19T09:04:35
T002075,C000240,O0011834,E0036,2025-03-06 09:18:00,Warranty Claim,Low,Pending Customer,92.42,2025-03-10T05:43:12,2025-03-06T12:38:44
T002076,C000896,O0010158,E0057,2025-06-27 07:58:00,Shipping Delay,Medium,Resolved,9.59,2025-06-27T17:33:24,2025-06-27T11:19:08
T002077,C002065,O0000121,E0060,2025-09-13 00:46:00,Damaged Item,Low,Resolved,21.47,2025-09-13T22:14:12,2025-09-13T02:45:16
T002078,C002342,O0006762,E0053,2025-09-05 09:05:00,Shipping Delay,Low,Resolved,46.87,2025-09-07T07:57:12,2025-09-05T10:36:41
T002079,C001553,O0014769,E0053,2025-04-23 01:02:00,Bulk Order Quote,Urgent,Resolved,31.12,2025-04-24T08:09:12,2025-04-23T03:06:59
T002080,C000305,O0010818,E0042,2025-09-15 20:37:00,Return Request,Urgent,Resolved,10.55,2025-09-16T07:10:00,2025-09-15T23:42:55
T002081,C000010,O0001235,E0024,2025-02-22 22:53:00,Bulk Order Quote,Low,Pending Customer,53.6,2025-02-25T04:29:00,2025-02-23T02:01:23
T002082,C000788,O0002130,E0046,2025-03-10 16:54:00,Warranty Claim,Medium,Pending Customer,146.58,2025-03-16T19:28:48,2025-03-10T19:32:33
T002083,C002085,O0003200,E0051,2025-07-24 01:02:00,Return Request,Urgent,Resolved,13.72,2025-07-24T14:45:12,2025-07-24T02:11:04
T002084,C002547,O0001546,E0018,2025-06-09 20:54:00,Bulk Order Quote,Medium,Resolved,108.56,2025-06-14T09:27:36,2025-06-09T22:31:36
T002085,C000348,O0010380,E0030,2025-04-10 18:58:00,Order Cancellation,Medium,Open,,,2025-04-10T20:53:56
T002086,C001706,O0004690,E0046,2025-11-04 05:06:00,Return Request,Low,Resolved,41.93,2025-11-05T23:01:48,2025-11-04T08:45:53
T002087,C002404,O0009425,E0003,2025-02-18 01:41:00,Order Cancellation,Low,Resolved,5.87,2025-02-18T07:33:12,2025-02-18T03:00:05
T002088,C000910,O0010089,E0051,2025-05-12 08:49:00,Order Cancellation,Medium,Open,,,2025-05-12T11:08:19
T002089,C001541,O0000538,E0043,2025-09-12 19:33:00,Product Sizing,High,Resolved,8.7,2025-09-13T04:15:00,2025-09-12T21:57:59
T002090,C000357,O0002627,E0003,2025-03-30 04:52:00,Return Request,Medium,Open,,,2025-03-30T05:32:59
T002091,C000378,O0013092,E0006,2025-07-05 03:17:00,Account Question,High,Resolved,7.32,2025-07-05T10:36:12,2025-07-05T07:08:05
T002092,C000454,O0011977,E0043,2025-09-11 16:12:00,Product Sizing,Medium,Resolved,5.56,2025-09-11T21:45:36,2025-09-11T18:50:23
T002093,C002422,O0006665,E0019,2025-07-12 13:26:00,Return Request,Low,Resolved,50.62,2025-07-14T16:03:12,2025-07-12T15:39:28
T002094,C001030,O0008644,E0051,2025-12-23 07:09:00,Shipping Delay,Low,Resolved,36.28,2025-12-24T19:25:48,2025-12-23T09:23:03
T002095,C002142,O0008498,E0007,2025-06-20 06:41:00,Order Cancellation,Medium,Pending Customer,5.38,2025-06-20T12:03:48,2025-06-20T08:08:28
T002096,C001486,O0010752,E0014,2025-04-03 17:22:00,Product Sizing,Low,Resolved,16.04,2025-04-04T09:24:24,2025-04-03T19:05:41
T002097,C001573,O0000900,E0006,2025-06-03 23:32:00,Return Request,Medium,Open,,,2025-06-04T03:10:53
T002098,C000559,O0003313,E0026,2025-06-11 14:01:00,Bulk Order Quote,Medium,Resolved,116.48,2025-06-16T10:29:48,2025-06-11T15:16:34
T002099,C000761,O0005899,E0019,2025-09-22 00:47:00,Account Question,Low,Open,,,2025-09-22T04:38:37
T002100,C000701,O0007922,E0053,2025-03-15 00:14:00,Account Question,Low,Open,,,2025-03-15T00:56:59
T002101,C001133,O0000448,E0043,2025-10-28 16:48:00,Product Sizing,Low,Pending Customer,12.42,2025-10-29T05:13:12,2025-10-28T20:09:32
T002102,C002451,O0000390,E0024,2025-09-19 18:52:00,Shipping Delay,Low,Pending Customer,31.69,2025-09-21T02:33:24,2025-09-19T21:13:19
T002103,C001831,O0007044,E0042,2025-08-04 12:31:00,Product Sizing,Low,Resolved,8.61,2025-08-04T21:07:36,2025-08-04T15:59:29
T002104,C000968,O0001790,E0034,2025-01-24 08:25:00,Product Sizing,Low,Resolved,10.84,2025-01-24T19:15:24,2025-01-24T09:33:34
T002105,C002171,O0011048,E0051,2025-11-12 10:43:00,Order Cancellation,Low,Resolved,7.59,2025-11-12T18:18:24,2025-11-12T12:30:40
T002106,C001520,O0013901,E0057,2025-03-11 14:27:00,Account Question,Low,Resolved,14.76,2025-03-12T05:12:36,2025-03-11T17:29:25
T002107,C002111,O0000865,E0043,2025-05-06 03:30:00,Return Request,Low,Resolved,19.0,2025-05-06T22:30:00,2025-05-06T07:00:19
T002108,C000024,O0001044,E0054,2026-02-05 23:37:00,Damaged Item,High,Resolved,110.91,2026-02-10T14:31:36,2026-02-06T01:09:01
T002109,C001791,O0013711,E0042,2025-11-30 00:32:00,Product Sizing,Low,Resolved,24.21,2025-12-01T00:44:36,2025-11-30T03:39:49
T002110,C001453,O0012594,E0043,2025-02-14 16:37:00,Warranty Claim,Low,Pending Customer,81.09,2025-02-18T01:42:24,2025-02-14T17:39:48
T002111,C001498,O0011557,E0043,2025-10-05 13:46:00,Return Request,Medium,Resolved,17.32,2025-10-06T07:05:12,2025-10-05T16:02:29
T002112,C001831,O0000550,E0039,2025-10-26 00:59:00,Damaged Item,Low,Resolved,86.51,2025-10-29T15:29:36,2025-10-26T03:11:16
T002113,C002046,O0002970,E0057,2025-07-28 04:46:00,Order Cancellation,Low,Resolved,2.45,2025-07-28T07:13:00,2025-07-28T08:25:09
T002114,C002468,O0006193,E0024,2025-11-12 20:24:00,Order Cancellation,Medium,Pending Customer,2.53,2025-11-12T22:55:48,2025-11-13T00:05:19
T002115,C000307,O0010431,E0043,2025-07-24 16:39:00,Shipping Delay,Low,Resolved,17.03,2025-07-25T09:40:48,2025-07-24T19:51:35
T002116,C001932,O0011670,E0042,2025-11-12 10:02:00,Order Cancellation,Low,Resolved,2.42,2025-11-12T12:27:12,2025-11-12T11:24:53
T002117,C001247,O0003239,E0036,2025-02-14 23:25:00,Warranty Claim,Low,Pending Customer,95.82,2025-02-18T23:14:12,2025-02-15T02:50:08
T002118,C000314,O0012357,E0045,2025-05-02 03:33:00,Shipping Delay,Low,Resolved,18.16,2025-05-02T21:42:36,2025-05-02T04:18:39
T002119,C000517,O0002073,E0056,2026-01-20 06:01:00,Shipping Delay,Low,Resolved,17.29,2026-01-20T23:18:24,2026-01-20T07:43:35
T002120,C000558,O0011772,E0048,2025-03-01 22:22:00,Return Request,High,Resolved,24.37,2025-03-02T22:44:12,2025-03-01T23:21:09
T002121,C001125,O0012926,E0043,2025-11-22 02:08:00,Return Request,Urgent,Resolved,36.87,2025-11-23T15:00:12,2025-11-22T05:00:41
T002122,C001266,O0010579,E0045,2025-09-02 03:58:00,Shipping Delay,Medium,Resolved,33.57,2025-09-03T13:32:12,2025-09-02T06:54:46
T002123,C001430,O0006378,E0024,2025-11-16 01:36:00,Return Request,Low,Resolved,24.22,2025-11-17T01:49:12,2025-11-16T02:55:33
T002124,C001002,O0014995,E0051,2026-01-06 06:49:00,Shipping Delay,Medium,Resolved,31.96,2026-01-07T14:46:36,2026-01-06T08:29:50
T002125,C001352,O0013632,E0036,2025-07-07 20:59:00,Order Cancellation,Medium,Resolved,6.01,2025-07-08T02:59:36,2025-07-08T00:57:26
T002126,C002514,O0013000,E0040,2025-05-22 18:23:00,Order Cancellation,High,Resolved,3.07,2025-05-22T21:27:12,2025-05-22T21:05:58
T002127,C000295,O0010575,E0019,2025-06-08 07:57:00,Account Question,Medium,Resolved,18.7,2025-06-09T02:39:00,2025-06-08T10:28:55
T002128,C001877,O0012942,E0046,2025-09-03 15:46:00,Product Sizing,Low,Resolved,7.04,2025-09-03T22:48:24,2025-09-03T19:18:30
T002129,C000702,O0007815,E0051,2025-12-08 00:56:00,Product Sizing,Urgent,Resolved,3.82,2025-12-08T04:45:12,2025-12-08T04:25:30
T002130,C000861,O0009048,E0057,2025-04-16 04:40:00,Product Sizing,Medium,Resolved,6.53,2025-04-16T11:11:48,2025-04-16T05:35:40
T002131,C000888,O0012574,E0051,2026-02-08 11:22:00,Shipping Delay,Medium,Resolved,131.68,2026-02-13T23:02:48,2026-02-08T12:10:24
T002132,C001948,O0000877,E0048,2025-09-11 16:24:00,Product Sizing,Low,Resolved,5.67,2025-09-11T22:04:12,2025-09-11T19:53:15
T002133,C001305,O0009697,E0039,2025-11-09 00:29:00,Return Request,Low,Resolved,16.72,2025-11-09T17:12:12,2025-11-09T02:59:46
T002134,C002554,O0004554,E0036,2025-02-19 20:55:00,Shipping Delay,Low,Resolved,55.62,2025-02-22T04:32:12,2025-02-19T21:40:14
T002135,C002079,O0008854,E0003,2025-07-25 10:55:00,Shipping Delay,High,Resolved,22.23,2025-07-26T09:08:48,2025-07-25T11:42:23
T002136,C000834,O0007988,E0048,2025-06-03 22:06:00,Shipping Delay,Urgent,Resolved,21.96,2025-06-04T20:03:36,2025-06-04T00:20:45
T002137,C002529,O0008895,E0024,2025-05-14 15:03:00,Bulk Order Quote,Low,Resolved,41.82,2025-05-16T08:52:12,2025-05-14T17:00:18
T002138,C000573,O0008825,E0036,2025-10-24 13:16:00,Return Request,Medium,Resolved,48.36,2025-10-26T13:37:36,2025-10-24T16:24:34
T002139,C002171,O0007023,E0046,2025-04-15 11:11:00,Product Sizing,Medium,Resolved,3.15,2025-04-15T14:20:00,2025-04-15T14:42:44
T002140,C000778,O0006792,E0059,2025-03-10 22:43:00,Return Request,Low,Resolved,18.82,2025-03-11T17:32:12,2025-03-11T00:53:43
T002141,C002137,O0009822,E0030,2026-01-16 04:10:00,Return Request,Urgent,Resolved,38.47,2026-01-17T18:38:12,2026-01-16T05:09:34
T002142,C000760,O0013620,E0039,2025-05-20 16:09:00,Warranty Claim,Low,Pending Customer,80.16,2025-05-24T00:18:36,2025-05-20T20:07:25
T002143,C000123,O0002031,E0043,2025-06-17 02:29:00,Damaged Item,Low,Pending Customer,27.16,2025-06-18T05:38:36,2025-06-17T03:42:03
T002144,C001517,O0000860,E0003,2025-01-24 19:22:00,Order Cancellation,Medium,Resolved,1.96,2025-01-24T21:19:36,2025-01-24T21:00:04
T002145,C001226,O0012991,E0039,2025-05-30 05:55:00,Return Request,Low,Resolved,33.66,2025-05-31T15:34:36,2025-05-30T07:56:26
T002146,C000208,O0005396,E0006,2025-02-03 09:08:00,Account Question,Medium,Resolved,3.96,2025-02-03T13:05:36,2025-02-03T12:25:50
T002147,C001333,O0001792,E0036,2025-05-12 02:39:00,Shipping Delay,Medium,Resolved,27.06,2025-05-13T05:42:36,2025-05-12T05:13:43
T002148,C002148,O0013445,E0043,2025-12-27 17:06:00,Bulk Order Quote,Low,Resolved,76.71,2025-12-30T21:48:36,2025-12-27T18:35:52
T002149,C001143,O0006450,E0036,2025-09-09 03:28:00,Damaged Item,Medium,Resolved,21.67,2025-09-10T01:08:12,2025-09-09T06:04:06
T002150,C001785,O0011730,E0006,2025-12-07 17:21:00,Return Request,High,Open,,,2025-12-07T19:41:13
T002151,C001948,O0002081,E0036,2025-06-18 01:45:00,Warranty Claim,Low,Pending Customer,109.75,2025-06-22T15:30:00,2025-06-18T03:00:03
T002152,C002526,O0008275,E0043,2025-08-29 18:35:00,Order Cancellation,Medium,Resolved,5.43,2025-08-30T00:00:48,2025-08-29T21:54:58
T002153,C002053,O0000975,E0026,2025-02-09 04:24:00,Damaged Item,Low,Resolved,72.15,2025-02-12T04:33:00,2025-02-09T04:56:23
T002154,C001871,O0012391,E0008,2025-07-16 00:40:00,Return Request,High,Pending Customer,31.23,2025-07-17T07:53:48,2025-07-16T04:09:45
T002155,C002348,O0013986,E0043,2025-03-16 17:35:00,Account Question,Medium,Resolved,9.02,2025-03-17T02:36:12,2025-03-16T18:12:10
T002156,C001786,O0010411,E0060,2025-07-18 04:29:00,Shipping Delay,Medium,Resolved,19.29,2025-07-18T23:46:24,2025-07-18T06:28:16
T002157,C001209,O0007420,E0039,2025-03-10 19:58:00,Product Sizing,Low,Resolved,4.03,2025-03-10T23:59:48,2025-03-10T21:44:17
T002158,C001718,O0004456,E0039,2025-04-24 01:17:00,Return Request,Urgent,Escalated,32.54,2025-04-25T09:49:24,2025-04-24T03:44:48
T002159,C001135,O0003238,E0060,2025-07-17 00:11:00,Return Request,High,Resolved,35.78,2025-07-18T11:57:48,2025-07-17T03:33:21
T002160,C001720,O0001562,E0039,2025-05-20 03:57:00,Account Question,Medium,Pending Customer,7.74,2025-05-20T11:41:24,2025-05-20T06:49:40
T002161,C001762,O0007701,E0051,2025-03-12 21:55:00,Shipping Delay,Low,Resolved,9.68,2025-03-13T07:35:48,2025-03-12T23:40:37
T002162,C002384,O0012663,E0060,2025-06-06 18:42:00,Product Sizing,Medium,Resolved,5.69,2025-06-07T00:23:24,2025-06-06T21:56:39
T002163,C001427,O0007273,E0053,2025-10-11 13:46:00,Bulk Order Quote,High,Open,,,2025-10-11T17:13:04
T002164,C000438,O0010117,E0051,2025-05-14 12:05:00,Damaged Item,Low,Resolved,17.6,2025-05-15T05:41:00,2025-05-14T15:22:14
T002165,C001835,O0000765,E0048,2025-04-09 01:00:00,Shipping Delay,Low,Open,,,2025-04-09T03:03:28
T002166,C001741,O0007402,E0006,2025-04-27 16:43:00,Shipping Delay,Low,Pending Customer,13.12,2025-04-28T05:50:12,2025-04-27T20:32:29
T002167,C001550,O0014925,E0026,2025-08-03 19:03:00,Return Request,Medium,Resolved,26.71,2025-08-04T21:45:36,2025-08-03T20:25:39
T002168,C001516,O0006568,E0039,2025-03-14 05:50:00,Damaged Item,Low,Resolved,34.02,2025-03-15T15:51:12,2025-03-14T06:30:24
T002169,C000771,O0006543,E0003,2025-12-13 10:24:00,Damaged Item,Low,Resolved,10.71,2025-12-13T21:06:36,2025-12-13T14:08:14
T002170,C000767,O0004069,E0048,2025-06-28 04:46:00,Account Question,Medium,Resolved,3.5,2025-06-28T08:16:00,2025-06-28T06:41:28
T002171,C001128,O0008754,E0042,2025-05-14 23:03:00,Account Question,Low,Resolved,4.45,2025-05-15T03:30:00,2025-05-15T02:06:52
T002172,C002507,O0007674,E0057,2025-09-26 18:42:00,Return Request,Low,Resolved,49.73,2025-09-28T20:25:48,2025-09-26T20:32:07
T002173,C001931,O0009292,E0014,2025-06-30 20:30:00,Warranty Claim,Low,Resolved,295.22,2025-07-13T03:43:12,2025-06-30T22:53:42
T002174,C000663,O0014545,E0003,2025-12-08 10:49:00,Bulk Order Quote,Medium,Resolved,72.16,2025-12-11T10:58:36,2025-12-08T14:41:47
T002175,C002049,O0010042,E0006,2025-05-05 16:16:00,Damaged Item,Low,Resolved,37.99,2025-05-07T06:15:24,2025-05-05T17:13:30
T002176,C001773,O0010371,E0043,2025-05-24 13:57:00,Order Cancellation,Medium,Open,,,2025-05-24T17:01:50
T002177,C001019,O0009869,E0014,2025-03-31 08:05:00,Product Sizing,Low,Resolved,9.31,2025-03-31T17:23:36,2025-03-31T11:44:36
T002178,C001182,O0000459,E0003,2025-10-13 19:20:00,Return Request,Low,Pending Customer,32.57,2025-10-15T03:54:12,2025-10-13T23:09:27
T002179,C000861,O0012270,E0046,2026-01-07 20:49:00,Shipping Delay,Low,Escalated,57.74,2026-01-10T06:33:24,2026-01-07T21:40:19
T002180,C000721,O0003357,E0026,2025-12-10 00:03:00,Product Sizing,Low,Pending Customer,12.09,2025-12-10T12:08:24,2025-12-10T02:05:18
T002181,C001511,O0005837,E0017,2025-05-30 14:25:00,Shipping Delay,Low,Resolved,57.37,2025-06-01T23:47:12,2025-05-30T16:55:26
T002182,C000721,O0013638,E0009,2025-01-09 19:22:00,Damaged Item,Medium,Open,,,2025-01-09T20:17:55
T002183,C001212,O0012444,E0014,2025-10-04 00:37:00,Product Sizing,Medium,Pending Customer,15.9,2025-10-04T16:31:00,2025-10-04T02:38:11
T002184,C000706,O0000757,E0009,2026-01-14 11:10:00,Return Request,Medium,Resolved,35.45,2026-01-15T22:37:00,2026-01-14T14:06:32
T002185,C000047,O0013825,E0051,2025-10-11 03:37:00,Shipping Delay,Low,Resolved,31.64,2025-10-12T11:15:24,2025-10-11T07:03:08
T002186,C001213,O0013689,E0043,2025-05-17 21:16:00,Damaged Item,Low,Resolved,19.96,2025-05-18T17:13:36,2025-05-18T00:47:36
T002187,C000732,O0010355,E0026,2025-09-17 20:09:00,Damaged Item,Low,Escalated,40.75,2025-09-19T12:54:00,2025-09-17T22:29:30
T002188,C001014,O0011439,E0043,2025-08-17 09:40:00,Product Sizing,Low,Escalated,16.96,2025-08-18T02:37:36,2025-08-17T11:57:26
T002189,C001001,O0011892,E0057,2025-12-01 06:44:00,Shipping Delay,Low,Open,,,2025-12-01T09:14:51
T002190,C000048,O0009411,E0046,2025-10-15 09:26:00,Bulk Order Quote,Low,Pending Customer,44.98,2025-10-17T06:24:48,2025-10-15T12:00:12
T002191,C000788,O0012683,E0026,2025-06-25 08:44:00,Shipping Delay,Medium,Resolved,19.43,2025-06-26T04:09:48,2025-06-25T12:21:28
T002192,C000406,O0010591,E0022,2025-07-08 08:22:00,Order Cancellation,Medium,Resolved,4.93,2025-07-08T13:17:48,2025-07-08T10:25:23
T002193,C001907,O0014089,E0036,2025-09-25 21:37:00,Product Sizing,Medium,Resolved,3.35,2025-09-26T00:58:00,2025-09-26T01:05:21
T002194,C000686,O0003788,E0003,2025-04-28 04:12:00,Damaged Item,High,Escalated,70.1,2025-05-01T02:18:00,2025-04-28T06:39:31
T002195,C001231,O0009714,E0040,2025-12-19 06:20:00,Product Sizing,Medium,Resolved,2.51,2025-12-19T08:50:36,2025-12-19T06:51:47
T002196,C000313,O0009690,E0018,2025-05-14 01:05:00,Shipping Delay,Medium,Resolved,14.68,2025-05-14T15:45:48,2025-05-14T04:24:39
T002197,C001747,O0013187,E0042,2025-08-15 08:35:00,Warranty Claim,Low,Resolved,91.85,2025-08-19T04:26:00,2025-08-15T10:22:12
T002198,C001193,O0004447,E0019,2025-11-14 20:13:00,Shipping Delay,Medium,Resolved,14.01,2025-11-15T10:13:36,2025-11-15T00:08:58
T002199,C002367,O0013701,E0057,2025-07-18 21:00:00,Warranty Claim,Low,Open,,,2025-07-18T22:53:52
T002200,C000071,O0005909,E0045,2025-12-18 06:26:00,Product Sizing,Medium,Resolved,7.66,2025-12-18T14:05:36,2025-12-18T07:24:33
T002201,C002363,O0010366,E0043,2025-04-20 00:00:00,Shipping Delay,Low,Resolved,28.47,2025-04-21T04:28:12,2025-04-20T03:11:59
T002202,C000428,O0004284,E0043,2025-11-19 12:47:00,Account Question,Low,Escalated,3.04,2025-11-19T15:49:24,2025-11-19T16:07:05
T002203,C001783,O0003776,E0040,2026-01-23 00:06:00,Product Sizing,Low,Resolved,4.47,2026-01-23T04:34:12,2026-01-23T01:44:51
T002204,C000521,O0001199,E0026,2025-04-17 12:06:00,Return Request,Medium,Open,,,2025-04-17T14:20:30
T002205,C000635,O0006296,E0051,2025-11-02 09:18:00,Product Sizing,Medium,Resolved,21.1,2025-11-03T06:24:00,2025-11-02T12:45:41
T002206,C000408,O0002378,E0060,2025-04-01 09:38:00,Return Request,Low,Resolved,39.23,2025-04-03T00:51:48,2025-04-01T11:22:48
T002207,C001505,O0000587,E0051,2025-05-11 23:08:00,Damaged Item,Medium,Open,,,2025-05-12T02:25:54
T002208,C001811,O0014490,E0048,2025-03-14 00:36:00,Shipping Delay,Medium,Escalated,28.21,2025-03-15T04:48:36,2025-03-14T03:04:08
T002209,C001237,O0007039,E0043,2025-02-11 11:27:00,Damaged Item,High,Resolved,55.57,2025-02-13T19:01:12,2025-02-11T12:58:32
T002210,C000782,O0010826,E0060,2026-01-02 03:56:00,Damaged Item,Medium,Open,,,2026-01-02T04:36:08
T002211,C002351,O0010304,E0046,2025-07-22 19:40:00,Order Cancellation,High,Escalated,3.25,2025-07-22T22:55:00,2025-07-22T20:18:49
T002212,C000916,O0006780,E0026,2025-03-24 14:06:00,Shipping Delay,Medium,Resolved,8.45,2025-03-24T22:33:00,2025-03-24T15:56:58
T002213,C001833,O0009948,E0019,2025-12-24 22:55:00,Product Sizing,Low,Resolved,3.56,2025-12-25T02:28:36,2025-12-25T02:00:27
T002214,C002031,O0012350,E0034,2025-05-30 02:26:00,Warranty Claim,Medium,Open,,,2025-05-30T05:55:12
T002215,C001473,O0006895,E0034,2026-01-22 17:09:00,Account Question,High,Resolved,8.42,2026-01-23T01:34:12,2026-01-22T18:58:20
T002216,C000160,O0007601,E0019,2025-06-13 05:38:00,Product Sizing,Medium,Resolved,15.2,2025-06-13T20:50:00,2025-06-13T07:48:47
T002217,C002538,O0000467,E0007,2025-02-05 01:30:00,Warranty Claim,Medium,Escalated,102.6,2025-02-09T08:06:00,2025-02-05T05:13:14
T002218,C001526,O0006305,E0045,2025-06-18 04:28:00,Damaged Item,Low,Resolved,175.4,2025-06-25T11:52:00,2025-06-18T05:48:57
T002219,C001727,O0013261,E0042,2025-02-27 03:59:00,Damaged Item,Urgent,Resolved,151.29,2025-03-05T11:16:24,2025-02-27T07:17:46
T002220,C001804,O0004645,E0026,2026-01-02 08:08:00,Damaged Item,Low,Resolved,15.48,2026-01-02T23:36:48,2026-01-02T10:01:43
T002221,C001323,O0013015,E0039,2025-11-16 09:07:00,Account Question,Medium,Resolved,9.92,2025-11-16T19:02:12,2025-11-16T12:13:24
T002222,C001288,O0004733,E0042,2025-05-06 13:17:00,Shipping Delay,Low,Resolved,35.54,2025-05-08T00:49:24,2025-05-06T14:39:22
T002223,C000444,O0000611,E0039,2025-10-14 18:25:00,Product Sizing,High,Resolved,8.95,2025-10-15T03:22:00,2025-10-14T20:27:30
T002224,C000305,O0006642,E0043,2025-05-14 06:56:00,Return Request,Low,Resolved,24.38,2025-05-15T07:18:48,2025-05-14T07:54:56
T002225,C000149,O0012174,E0046,2025-04-01 03:16:00,Order Cancellation,Medium,Resolved,4.76,2025-04-01T08:01:36,2025-04-01T04:51:32
T002226,C002246,O0011036,E0003,2025-10-25 01:46:00,Return Request,Medium,Resolved,23.5,2025-10-26T01:16:00,2025-10-25T03:51:22
T002227,C002301,O0013291,E0014,2025-11-13 11:38:00,Warranty Claim,Medium,Resolved,73.63,2025-11-16T13:15:48,2025-11-13T12:39:59
T002228,C000311,O0010812,E0014,2025-07-24 10:40:00,Bulk Order Quote,High,Resolved,105.62,2025-07-28T20:17:12,2025-07-24T12:55:53
T002229,C002114,O0010156,E0051,2025-01-26 04:03:00,Return Request,Low,Resolved,63.99,2025-01-28T20:02:24,2025-01-26T06:33:15
T002230,C001553,O0014755,E0030,2025-01-22 18:32:00,Warranty Claim,Low,Resolved,119.58,2025-01-27T18:06:48,2025-01-22T22:12:12
T002231,C000601,O0003070,E0014,2025-03-17 12:27:00,Bulk Order Quote,Medium,Resolved,38.57,2025-03-19T03:01:12,2025-03-17T13:15:22
T002232,C000068,O0000325,E0040,2025-10-16 00:30:00,Shipping Delay,Medium,Escalated,35.93,2025-10-17T12:25:48,2025-10-16T02:38:38
T002233,C000594,O0002756,E0026,2025-10-25 17:17:00,Product Sizing,Medium,Resolved,5.79,2025-10-25T23:04:24,2025-10-25T18:02:05
T002234,C002445,O0013563,E0019,2025-02-22 06:13:00,Order Cancellation,Low,Escalated,4.09,2025-02-22T10:18:24,2025-02-22T10:05:47
T002235,C001658,O0002481,E0022,2025-11-18 09:40:00,Product Sizing,Low,Open,,,2025-11-18T12:46:40
T002236,C000241,O0007002,E0057,2025-07-22 18:15:00,Account Question,Medium,Pending Customer,6.12,2025-07-23T00:22:12,2025-07-22T19:43:23
T002237,C000061,O0004929,E0053,2025-08-26 15:11:00,Shipping Delay,High,Resolved,24.8,2025-08-27T15:59:00,2025-08-26T17:45:06
T002238,C002515,O0014569,E0046,2025-11-05 09:34:00,Product Sizing,Medium,Resolved,12.71,2025-11-05T22:16:36,2025-11-05T11:55:40
T002239,C001514,O0011273,E0006,2025-08-25 14:59:00,Return Request,Low,Resolved,120.4,2025-08-30T15:23:00,2025-08-25T17:11:48
T002240,C002593,O0003721,E0026,2025-07-05 15:43:00,Order Cancellation,High,Resolved,3.22,2025-07-05T18:56:12,2025-07-05T19:35:04
T002241,C000611,O0008841,E0051,2025-01-19 18:40:00,Return Request,Low,Resolved,40.24,2025-01-21T10:54:24,2025-01-19T22:02:35
T002242,C001706,O0004690,E0053,2025-10-14 17:06:00,Shipping Delay,Medium,Resolved,22.39,2025-10-15T15:29:24,2025-10-14T18:14:27
T002243,C000940,O0008245,E0060,2025-07-14 20:34:00,Bulk Order Quote,Low,Resolved,40.08,2025-07-16T12:38:48,2025-07-14T22:42:43
T002244,C001164,O0007380,E0003,2025-11-24 19:48:00,Product Sizing,Low,Resolved,8.38,2025-11-25T04:10:48,2025-11-24T22:25:56
T002245,C001293,O0011189,E0045,2025-05-22 10:35:00,Product Sizing,Low,Open,,,2025-05-22T14:02:29
T002246,C001218,O0013657,E0006,2025-03-19 09:34:00,Shipping Delay,High,Resolved,55.61,2025-03-21T17:10:36,2025-03-19T12:50:21
T002247,C000084,O0013430,E0028,2025-06-24 02:39:00,Product Sizing,Medium,Resolved,2.39,2025-06-24T05:02:24,2025-06-24T05:37:49
T002248,C001346,O0006357,E0060,2025-01-25 09:04:00,Order Cancellation,Urgent,Escalated,2.87,2025-01-25T11:56:12,2025-01-25T10:46:40
T002249,C000874,O0012346,E0019,2025-06-01 20:45:00,Damaged Item,Medium,Resolved,32.33,2025-06-03T05:04:48,2025-06-01T21:37:25
T002250,C001681,O0007680,E0022,2025-06-30 03:37:00,Shipping Delay,Medium,Resolved,19.82,2025-06-30T23:26:12,2025-06-30T06:13:45
T002251,C001890,O0008421,E0040,2025-12-23 11:49:00,Account Question,High,Resolved,1.48,2025-12-23T13:17:48,2025-12-23T12:53:17
T002252,C000478,O0002150,E0040,2025-02-22 12:05:00,Return Request,High,Resolved,66.3,2025-02-25T06:23:00,2025-02-22T13:09:59
T002253,C000803,O0005849,E0043,2025-05-22 07:22:00,Shipping Delay,Medium,Pending Customer,42.77,2025-05-24T02:08:12,2025-05-22T08:49:39
T002254,C000608,O0006677,E0008,2025-03-23 02:05:00,Bulk Order Quote,Low,Pending Customer,66.03,2025-03-25T20:06:48,2025-03-23T04:03:40
T002255,C000226,O0002942,E0026,2026-02-05 13:34:00,Damaged Item,Low,Resolved,42.58,2026-02-07T08:08:48,2026-02-05T14:19:19
T002256,C000405,O0002494,E0057,2025-02-08 01:02:00,Account Question,Medium,Resolved,2.8,2025-02-08T03:50:00,2025-02-08T01:59:21
T002257,C002056,O0001428,E0019,2025-05-30 21:09:00,Bulk Order Quote,High,Pending Customer,60.57,2025-06-02T09:43:12,2025-05-30T22:58:24
T002258,C001105,O0001679,E0042,2025-08-19 05:39:00,Warranty Claim,Medium,Resolved,98.14,2025-08-23T07:47:24,2025-08-19T06:34:19
T002259,C002237,O0010924,E0024,2025-02-16 02:36:00,Bulk Order Quote,Medium,Resolved,65.41,2025-02-18T20:00:36,2025-02-16T06:02:59
T002260,C001910,O0013064,E0039,2025-08-12 05:17:00,Shipping Delay,Low,Resolved,84.97,2025-08-15T18:15:12,2025-08-12T07:17:41
T002261,C001702,O0004709,E0020,2025-09-05 17:50:00,Warranty Claim,Medium,Pending Customer,97.23,2025-09-09T19:03:48,2025-09-05T21:41:10
T002262,C000550,O0008707,E0046,2025-10-12 05:57:00,Account Question,High,Open,,,2025-10-12T07:26:26
T002263,C001155,O0005543,E0006,2025-10-09 03:29:00,Damaged Item,Medium,Open,,,2025-10-09T07:26:01
T002264,C001919,O0007102,E0030,2025-05-02 02:05:00,Order Cancellation,Low,Resolved,3.98,2025-05-02T06:03:48,2025-05-02T04:17:22
T002265,C002373,O0008449,E0019,2025-10-14 10:08:00,Product Sizing,High,Pending Customer,16.05,2025-10-15T02:11:00,2025-10-14T11:30:01
T002266,C002356,O0013735,E0042,2025-07-25 13:25:00,Damaged Item,Low,Pending Customer,50.56,2025-07-27T15:58:36,2025-07-25T14:57:29
T002267,C000265,O0006576,E0014,2025-03-29 03:42:00,Damaged Item,High,Resolved,43.2,2025-03-30T22:54:00,2025-03-29T07:24:46
T002268,C002149,O0009775,E0026,2025-06-29 14:18:00,Warranty Claim,Low,Resolved,111.1,2025-07-04T05:24:00,2025-06-29T16:07:08
T002269,C000040,O0003518,E0009,2025-03-23 09:46:00,Account Question,High,Escalated,4.74,2025-03-23T14:30:24,2025-03-23T10:39:57
T002270,C000595,O0000699,E0041,2025-11-20 04:55:00,Account Question,High,Pending Customer,2.76,2025-11-20T07:40:36,2025-11-20T06:08:21
T002271,C001572,O0006957,E0057,2025-07-11 13:40:00,Return Request,Low,Resolved,47.61,2025-07-13T13:16:36,2025-07-11T16:11:36
T002272,C001351,O0001998,E0019,2025-12-17 16:28:00,Damaged Item,Medium,Resolved,87.93,2025-12-21T08:23:48,2025-12-17T17:54:41
T002273,C002585,O0000073,E0019,2025-04-25 19:16:00,Account Question,Medium,Open,,,2025-04-25T22:49:56
T002274,C001128,O0005059,E0007,2025-11-26 23:57:00,Warranty Claim,Low,Resolved,129.47,2025-12-02T09:25:12,2025-11-27T01:30:06
T002275,C000669,O0005920,E0057,2025-09-20 07:21:00,Return Request,Low,Resolved,49.94,2025-09-22T09:17:24,2025-09-20T09:30:50
T002276,C001200,O0006612,E0003,2025-07-12 11:35:00,Damaged Item,Medium,Resolved,33.54,2025-07-13T21:07:24,2025-07-12T14:22:04
T002277,C002492,O0008517,E0042,2025-08-30 07:15:00,Shipping Delay,Low,Resolved,24.44,2025-08-31T07:41:24,2025-08-30T10:11:18
T002278,C000142,O0007709,E0017,2025-02-24 00:32:00,Damaged Item,Medium,Resolved,28.33,2025-02-25T04:51:48,2025-02-24T02:06:29
T002279,C000902,O0002138,E0046,2025-12-29 19:47:00,Damaged Item,High,Pending Customer,36.04,2025-12-31T07:49:24,2025-12-29T23:32:13
T002280,C000155,O0012189,E0014,2025-02-26 05:25:00,Shipping Delay,Low,Resolved,30.15,2025-02-27T11:34:00,2025-02-26T06:48:43
T002281,C001533,O0012816,E0040,2025-08-20 09:40:00,Order Cancellation,Medium,Resolved,3.85,2025-08-20T13:31:00,2025-08-20T12:25:47
T002282,C001850,O0012251,E0019,2025-04-07 21:11:00,Return Request,Medium,Resolved,48.39,2025-04-09T21:34:24,2025-04-07T22:30:01
T002283,C000341,O0000255,E0014,2025-08-18 07:56:00,Damaged Item,Low,Resolved,31.59,2025-08-19T15:31:24,2025-08-18T10:52:02
T002284,C001481,O0001182,E0006,2025-05-20 07:35:00,Warranty Claim,Medium,Resolved,83.36,2025-05-23T18:56:36,2025-05-20T09:16:55
T002285,C000182,O0008772,E0042,2025-09-25 04:31:00,Account Question,Medium,Resolved,3.63,2025-09-25T08:08:48,2025-09-25T06:24:26
T002286,C001201,O0000371,E0009,2025-03-31 19:22:00,Shipping Delay,Medium,Resolved,25.67,2025-04-01T21:02:12,2025-03-31T21:09:20
T002287,C001393,O0012370,E0040,2025-10-23 20:40:00,Damaged Item,Medium,Open,,,2025-10-23T23:00:39
T002288,C001412,O0002313,E0039,2025-12-23 01:03:00,Shipping Delay,Low,Resolved,75.3,2025-12-26T04:21:00,2025-12-23T02:31:32
T002289,C001311,O0006487,E0045,2025-02-23 04:31:00,Return Request,Medium,Resolved,41.11,2025-02-24T21:37:36,2025-02-23T05:39:32
T002290,C001444,O0006380,E0051,2025-11-01 09:59:00,Product Sizing,Medium,Escalated,4.91,2025-11-01T14:53:36,2025-11-01T13:18:34
T002291,C000900,O0014007,E0042,2025-04-01 16:05:00,Damaged Item,Medium,Resolved,104.16,2025-04-06T00:14:36,2025-04-01T16:56:34
T002292,C000321,O0009333,E0040,2025-10-10 08:44:00,Warranty Claim,Medium,Escalated,62.64,2025-10-12T23:22:24,2025-10-10T10:09:14
T002293,C000893,O0002417,E0046,2025-07-25 23:05:00,Warranty Claim,Low,Pending Customer,113.6,2025-07-30T16:41:00,2025-07-26T01:42:09
T002294,C001288,O0014295,E0048,2025-12-28 11:03:00,Shipping Delay,Urgent,Pending Customer,8.22,2025-12-28T19:16:12,2025-12-28T14:45:04
T002295,C001241,O0001551,E0036,2025-07-01 07:29:00,Account Question,Low,Escalated,2.61,2025-07-01T10:05:36,2025-07-01T11:19:22
T002296,C000430,O0004325,E0046,2025-08-11 02:20:00,Return Request,Medium,Resolved,17.75,2025-08-11T20:05:00,2025-08-11T04:38:30
T002297,C001145,O0008909,E0051,2025-11-10 08:55:00,Account Question,Medium,Resolved,3.02,2025-11-10T11:56:12,2025-11-10T12:07:38
T002298,C002055,O0014911,E0019,2025-05-02 15:14:00,Damaged Item,Low,Resolved,84.31,2025-05-06T03:32:36,2025-05-02T17:58:01
T002299,C001464,O0013497,E0043,2025-03-30 01:15:00,Account Question,Low,Resolved,5.12,2025-03-30T06:22:12,2025-03-30T02:25:36
T002300,C002564,O0011161,E0018,2025-01-16 19:59:00,Shipping Delay,High,Resolved,14.36,2025-01-17T10:20:36,2025-01-16T23:32:30
T002301,C000548,O0014604,E0026,2025-12-25 22:15:00,Account Question,Low,Pending Customer,3.69,2025-12-26T01:56:24,2025-12-26T00:02:52
T002302,C001766,O0014211,E0042,2025-07-19 22:38:00,Return Request,Medium,Resolved,30.06,2025-07-21T04:41:36,2025-07-20T00:42:57
T002303,C000990,O0000579,E0042,2025-07-07 22:34:00,Order Cancellation,Medium,Escalated,3.62,2025-07-08T02:11:12,2025-07-08T01:21:25
T002304,C001987,O0008784,E0048,2025-05-29 22:55:00,Bulk Order Quote,Low,Resolved,65.29,2025-06-01T16:12:24,2025-05-30T01:30:53
T002305,C001616,O0001745,E0040,2025-10-31 00:46:00,Account Question,Medium,Resolved,7.78,2025-10-31T08:32:48,2025-10-31T04:44:13
T002306,C000820,O0012872,E0003,2025-02-09 13:22:00,Warranty Claim,Medium,Pending Customer,121.68,2025-02-14T15:02:48,2025-02-09T17:18:46
T002307,C000711,O0007233,E0060,2025-09-28 03:13:00,Damaged Item,Low,Resolved,36.96,2025-09-29T16:10:36,2025-09-28T06:39:10
T002308,C002600,O0010109,E0014,2025-01-08 19:55:00,Product Sizing,Medium,Resolved,2.54,2025-01-08T22:27:24,2025-01-08T22:23:22
T002309,C000364,O0000856,E0051,2025-03-31 17:40:00,Bulk Order Quote,Medium,Resolved,197.06,2025-04-08T22:43:36,2025-03-31T18:47:33
T002310,C000392,O0008152,E0037,2025-12-20 01:22:00,Damaged Item,Low,Escalated,140.34,2025-12-25T21:42:24,2025-12-20T05:01:30
T002311,C002102,O0013820,E0014,2025-04-28 04:34:00,Order Cancellation,Medium,Open,,,2025-04-28T07:17:15
T002312,C000142,O0004128,E0028,2026-01-07 16:30:00,Return Request,Low,Escalated,87.24,2026-01-11T07:44:24,2026-01-07T18:40:11
T002313,C000961,O0001254,E0060,2025-11-01 19:29:00,Bulk Order Quote,High,Pending Customer,126.64,2025-11-07T02:07:24,2025-11-01T21:10:39
T002314,C001314,O0011884,E0042,2025-08-29 09:14:00,Warranty Claim,Medium,Resolved,94.27,2025-09-02T07:30:12,2025-08-29T10:18:25
T002315,C001273,O0002642,E0036,2025-08-11 14:03:00,Order Cancellation,Low,Resolved,1.99,2025-08-11T16:02:24,2025-08-11T16:25:32
T002316,C001953,O0014026,E0060,2025-11-24 13:17:00,Damaged Item,Low,Resolved,116.28,2025-11-29T09:33:48,2025-11-24T14:28:34
T002317,C001932,O0009077,E0003,2025-12-29 06:01:00,Warranty Claim,High,Escalated,108.74,2026-01-02T18:45:24,2025-12-29T09:09:24
T002318,C002571,O0005871,E0042,2025-05-28 09:30:00,Product Sizing,Low,Open,,,2025-05-28T13:08:20
T002319,C001667,O0006844,E0048,2026-01-12 16:11:00,Damaged Item,Medium,Pending Customer,57.49,2026-01-15T01:40:24,2026-01-12T19:16:23
T002320,C000758,O0011649,E0035,2025-05-26 13:57:00,Shipping Delay,Medium,Resolved,12.74,2025-05-27T02:41:24,2025-05-26T16:51:57
T002321,C000991,O0008997,E0040,2025-02-22 18:27:00,Shipping Delay,Medium,Resolved,9.58,2025-02-23T04:01:48,2025-02-22T20:38:56
T002322,C001870,O0000678,E0003,2025-03-24 05:09:00,Warranty Claim,Urgent,Pending Customer,112.84,2025-03-28T21:59:24,2025-03-24T06:53:56
T002323,C001187,O0006878,E0024,2025-10-18 17:46:00,Product Sizing,Low,Resolved,8.02,2025-10-19T01:47:12,2025-10-18T21:04:06
T002324,C002122,O0010081,E0024,2025-06-20 03:51:00,Return Request,Medium,Resolved,30.05,2025-06-21T09:54:00,2025-06-20T06:57:17
T002325,C002600,O0005404,E0030,2025-02-22 01:16:00,Shipping Delay,High,Open,,,2025-02-22T04:32:03
T002326,C002304,O0000354,E0057,2025-10-13 17:56:00,Product Sizing,Low,Resolved,11.94,2025-10-14T05:52:24,2025-10-13T19:32:55
T002327,C001056,O0010455,E0024,2025-07-27 05:42:00,Product Sizing,Low,Resolved,5.61,2025-07-27T11:18:36,2025-07-27T06:34:16
T002328,C000957,O0007807,E0056,2025-03-20 03:38:00,Product Sizing,Low,Resolved,6.89,2025-03-20T10:31:24,2025-03-20T06:05:23
T002329,C000214,O0009457,E0001,2025-07-21 13:24:00,Bulk Order Quote,Low,Resolved,34.72,2025-07-23T00:07:12,2025-07-21T14:06:30
T002330,C000645,O0005287,E0036,2025-11-16 17:55:00,Shipping Delay,Medium,Resolved,24.55,2025-11-17T18:28:00,2025-11-16T21:19:18
T002331,C001859,O0009231,E0001,2025-09-25 03:36:00,Return Request,Low,Resolved,40.94,2025-09-26T20:32:24,2025-09-25T05:34:37
T002332,C000729,O0010689,E0039,2025-08-02 17:02:00,Damaged Item,Medium,Pending Customer,38.8,2025-08-04T07:50:00,2025-08-02T20:00:31
T002333,C002384,O0003060,E0051,2025-07-23 17:26:00,Return Request,Medium,Resolved,35.53,2025-07-25T04:57:48,2025-07-23T20:32:24
T002334,C000465,O0003615,E0059,2025-05-11 02:29:00,Shipping Delay,High,Resolved,25.94,2025-05-12T04:25:24,2025-05-11T05:30:19
T002335,C001727,O0010933,E0048,2026-01-05 12:17:00,Warranty Claim,Medium,Resolved,165.32,2026-01-12T09:36:12,2026-01-05T15:42:14
T002336,C002473,O0003610,E0048,2025-02-28 12:20:00,Order Cancellation,Low,Resolved,13.76,2025-03-01T02:05:36,2025-02-28T13:00:24
T002337,C001505,O0007786,E0046,2025-08-25 01:14:00,Return Request,High,Resolved,18.64,2025-08-25T19:52:24,2025-08-25T04:23:07
T002338,C001615,O0009934,E0051,2025-11-21 23:26:00,Return Request,Low,Escalated,55.34,2025-11-24T06:46:24,2025-11-22T02:53:43
T002339,C001885,O0007797,E0043,2026-01-25 13:22:00,Return Request,High,Escalated,20.26,2026-01-26T09:37:36,2026-01-25T15:54:41
T002340,C001204,O0000385,E0043,2025-04-13 19:44:00,Return Request,Medium,Resolved,16.78,2025-04-14T12:30:48,2025-04-13T23:07:38
T002341,C000184,O0006145,E0001,2025-08-03 20:54:00,Account Question,Urgent,Resolved,11.44,2025-08-04T08:20:24,2025-08-04T00:20:12
T002342,C001460,O0006044,E0034,2025-12-15 13:17:00,Order Cancellation,Medium,Open,,,2025-12-15T15:58:12
T002343,C001754,O0014352,E0014,2025-12-23 14:34:00,Product Sizing,Low,Resolved,10.94,2025-12-24T01:30:24,2025-12-23T16:37:57
T002344,C001060,O0002998,E0053,2025-09-11 22:04:00,Return Request,Low,Resolved,29.22,2025-09-13T03:17:12,2025-09-12T00:14:21
T002345,C000262,O0006730,E0019,2025-02-10 06:43:00,Bulk Order Quote,Medium,Resolved,67.81,2025-02-13T02:31:36,2025-02-10T09:14:57
T002346,C002359,O0004020,E0045,2025-06-29 19:43:00,Order Cancellation,Medium,Resolved,2.16,2025-06-29T21:52:36,2025-06-29T22:33:59
T002347,C000799,O0001133,E0040,2025-02-01 04:25:00,Product Sizing,Low,Resolved,7.04,2025-02-01T11:27:24,2025-02-01T06:08:32
T002348,C002135,O0001966,E0046,2025-05-28 16:18:00,Product Sizing,Low,Resolved,14.92,2025-05-29T07:13:12,2025-05-28T18:50:16
T002349,C001832,O0006987,E0036,2025-08-25 01:34:00,Return Request,Medium,Resolved,44.25,2025-08-26T21:49:00,2025-08-25T04:50:59
T002350,C001795,O0005110,E0058,2025-06-01 04:52:00,Account Question,Low,Resolved,10.59,2025-06-01T15:27:24,2025-06-01T07:46:55
T002351,C000521,O0014317,E0020,2025-10-30 22:21:00,Shipping Delay,Medium,Open,,,2025-10-30T23:33:28
T002352,C001484,O0000964,E0019,2025-05-06 02:59:00,Shipping Delay,Medium,Resolved,58.16,2025-05-08T13:08:36,2025-05-06T06:58:09
T002353,C001327,O0003568,E0040,2025-02-20 00:07:00,Product Sizing,Medium,Resolved,13.64,2025-02-20T13:45:24,2025-02-20T02:56:35
T002354,C000227,O0003627,E0057,2025-11-08 11:52:00,Warranty Claim,Low,Resolved,154.74,2025-11-14T22:36:24,2025-11-08T14:06:27
T002355,C002523,O0001305,E0040,2025-11-18 01:03:00,Product Sizing,Medium,Pending Customer,9.52,2025-11-18T10:34:12,2025-11-18T03:49:25
T002356,C002385,O0011855,E0056,2025-03-19 18:38:00,Bulk Order Quote,Low,Pending Customer,153.91,2025-03-26T04:32:36,2025-03-19T21:24:23
T002357,C000166,O0007763,E0043,2025-06-29 00:03:00,Damaged Item,Low,Open,,,2025-06-29T03:20:45
T002358,C001553,O0014769,E0037,2025-04-23 01:02:00,Shipping Delay,Low,Resolved,16.28,2025-04-23T17:18:48,2025-04-23T03:16:36
T002359,C000412,O0014374,E0036,2025-04-01 03:03:00,Product Sizing,Low,Escalated,5.24,2025-04-01T08:17:24,2025-04-01T03:59:22
T002360,C000422,O0002883,E0042,2025-07-27 21:20:00,Bulk Order Quote,Low,Resolved,95.38,2025-07-31T20:42:48,2025-07-27T22:11:35
T002361,C000873,O0003348,E0026,2025-01-26 08:48:00,Order Cancellation,Low,Resolved,4.98,2025-01-26T13:46:48,2025-01-26T11:25:58
T002362,C001234,O0003288,E0003,2025-09-19 10:22:00,Warranty Claim,Low,Open,,,2025-09-19T12:26:27
T002363,C000519,O0010218,E0046,2025-08-23 09:31:00,Order Cancellation,Low,Resolved,2.83,2025-08-23T12:20:48,2025-08-23T10:42:34
T002364,C002575,O0013172,E0051,2025-05-04 12:20:00,Bulk Order Quote,Medium,Resolved,27.57,2025-05-05T15:54:12,2025-05-04T13:48:15
T002365,C000340,O0000269,E0048,2025-05-20 16:58:00,Bulk Order Quote,Low,Resolved,69.06,2025-05-23T14:01:36,2025-05-20T18:22:26
T002366,C001485,O0001034,E0017,2025-06-26 08:12:00,Product Sizing,Low,Resolved,8.55,2025-06-26T16:45:00,2025-06-26T09:13:33
T002367,C002591,O0003737,E0014,2025-08-27 09:52:00,Shipping Delay,Urgent,Escalated,47.87,2025-08-29T09:44:12,2025-08-27T11:30:24
T002368,C000921,O0012859,E0060,2025-11-11 16:45:00,Return Request,Low,Resolved,34.65,2025-11-13T03:24:00,2025-11-11T19:00:03
T002369,C000387,O0008839,E0036,2025-12-01 05:11:00,Order Cancellation,High,Resolved,6.57,2025-12-01T11:45:12,2025-12-01T07:20:40
T002370,C001534,O0005751,E0026,2025-08-28 09:30:00,Product Sizing,High,Resolved,15.92,2025-08-29T01:25:12,2025-08-28T10:58:46
T002371,C002440,O0000531,E0006,2025-09-05 03:38:00,Warranty Claim,High,Pending Customer,217.62,2025-09-14T05:15:12,2025-09-05T07:19:24
T002372,C002330,O0014198,E0006,2025-07-29 20:35:00,Return Request,Low,Resolved,18.73,2025-07-30T15:18:48,2025-07-30T00:05:34
T002373,C001677,O0004228,E0026,2025-05-11 14:13:00,Product Sizing,Low,Resolved,12.43,2025-05-12T02:38:48,2025-05-11T16:18:42
T002374,C001726,O0001323,E0019,2025-08-10 20:14:00,Warranty Claim,Low,Resolved,51.6,2025-08-12T23:50:00,2025-08-10T21:45:13
T002375,C000024,O0004452,E0019,2025-06-30 08:36:00,Order Cancellation,Medium,Escalated,2.15,2025-06-30T10:45:00,2025-06-30T09:31:09
T002376,C000218,O0005298,E0042,2025-02-20 01:31:00,Order Cancellation,High,Resolved,8.47,2025-02-20T09:59:12,2025-02-20T04:19:55
T002377,C000421,O0012937,E0041,2025-08-22 21:33:00,Product Sizing,Low,Pending Customer,13.08,2025-08-23T10:37:48,2025-08-23T00:14:29
T002378,C000727,O0014574,E0060,2025-06-16 17:57:00,Shipping Delay,High,Pending Customer,26.95,2025-06-17T20:54:00,2025-06-16T20:53:32
T002379,C000373,O0010709,E0009,2025-04-07 23:40:00,Damaged Item,Low,Resolved,63.2,2025-04-10T14:52:00,2025-04-08T00:19:06
T002380,C002422,O0008419,E0006,2025-06-21 15:03:00,Return Request,Low,Resolved,51.69,2025-06-23T18:44:24,2025-06-21T17:32:16
T002381,C001643,O0009394,E0026,2025-05-22 15:16:00,Bulk Order Quote,Low,Resolved,65.07,2025-05-25T08:20:12,2025-05-22T18:20:28
T002382,C000287,O0006330,E0042,2025-07-04 21:23:00,Product Sizing,Medium,Escalated,13.41,2025-07-05T10:47:36,2025-07-04T22:28:18
T002383,C001795,O0011810,E0014,2025-08-14 17:04:00,Warranty Claim,Medium,Resolved,64.94,2025-08-17T10:00:24,2025-08-14T18:04:31
T002384,C002313,O0014794,E0045,2025-03-17 23:51:00,Account Question,Low,Resolved,7.29,2025-03-18T07:08:24,2025-03-18T03:10:22
T002385,C000322,O0001457,E0026,2025-08-18 13:17:00,Order Cancellation,Medium,Resolved,4.41,2025-08-18T17:41:36,2025-08-18T14:28:43
T002386,C002301,O0009878,E0036,2026-01-20 22:46:00,Bulk Order Quote,Low,Resolved,83.87,2026-01-24T10:38:12,2026-01-20T23:41:16
T002387,C000623,O0013562,E0040,2025-10-07 23:06:00,Damaged Item,Low,Open,,,2025-10-08T00:59:49
T002388,C001216,O0007684,E0048,2025-08-14 07:05:00,Warranty Claim,Low,Resolved,153.55,2025-08-20T16:38:00,2025-08-14T10:46:33
T002389,C002015,O0014378,E0041,2025-04-05 03:10:00,Warranty Claim,Low,Pending Customer,91.42,2025-04-08T22:35:12,2025-04-05T03:56:25
T002390,C001595,O0007167,E0006,2025-07-26 18:26:00,Return Request,Low,Resolved,12.61,2025-07-27T07:02:36,2025-07-26T19:36:46
T002391,C001414,O0013500,E0040,2025-04-14 05:30:00,Product Sizing,Low,Open,,,2025-04-14T07:21:00
T002392,C000500,O0007459,E0040,2025-11-19 22:11:00,Product Sizing,Low,Resolved,12.71,2025-11-20T10:53:36,2025-11-20T00:01:06
T002393,C001881,O0005204,E0060,2025-11-21 02:01:00,Return Request,High,Resolved,6.92,2025-11-21T08:56:12,2025-11-21T04:07:06
T002394,C002042,O0000769,E0003,2025-08-24 21:23:00,Warranty Claim,Medium,Pending Customer,61.77,2025-08-27T11:09:12,2025-08-24T22:45:59
T002395,C000148,O0003490,E0019,2025-11-10 23:02:00,Warranty Claim,Urgent,Resolved,212.82,2025-11-19T19:51:12,2025-11-10T23:42:40
T002396,C001536,O0014032,E0020,2025-01-21 01:40:00,Warranty Claim,High,Resolved,117.32,2025-01-25T22:59:12,2025-01-21T05:01:30
T002397,C000850,O0009207,E0056,2025-08-17 01:14:00,Return Request,Low,Pending Customer,27.49,2025-08-18T04:43:24,2025-08-17T02:36:44
T002398,C001272,O0000273,E0042,2025-10-21 05:04:00,Return Request,Low,Resolved,13.44,2025-10-21T18:30:24,2025-10-21T07:54:48
T002399,C002144,O0012467,E0046,2026-01-23 10:24:00,Order Cancellation,High,Pending Customer,1.73,2026-01-23T12:07:48,2026-01-23T12:37:16
T002400,C001183,O0000535,E0043,2025-07-08 05:30:00,Shipping Delay,Low,Resolved,38.41,2025-07-09T19:54:36,2025-07-08T07:51:31
T002401,C002079,O0000475,E0026,2025-09-13 12:56:00,Order Cancellation,Low,Pending Customer,3.96,2025-09-13T16:53:36,2025-09-13T16:28:53
T002402,C001858,O0006307,E0014,2025-07-13 02:15:00,Bulk Order Quote,Low,Resolved,75.82,2025-07-16T06:04:12,2025-07-13T05:36:58
T002403,C001344,O0006292,E0024,2025-10-07 06:17:00,Order Cancellation,Low,Resolved,1.74,2025-10-07T08:01:24,2025-10-07T07:33:42
T002404,C000392,O0010609,E0003,2026-01-19 09:59:00,Shipping Delay,Low,Resolved,13.17,2026-01-19T23:09:12,2026-01-19T13:18:44
T002405,C001071,O0010124,E0034,2025-03-30 22:59:00,Product Sizing,Medium,Resolved,13.34,2025-03-31T12:19:24,2025-03-30T23:54:09
T002406,C002312,O0009013,E0034,2025-08-27 11:16:00,Order Cancellation,Low,Resolved,4.5,2025-08-27T15:46:00,2025-08-27T13:56:07
T002407,C000789,O0007805,E0039,2025-10-15 21:25:00,Damaged Item,Medium,Resolved,61.95,2025-10-18T11:22:00,2025-10-15T23:37:09
T002408,C000884,O0009476,E0036,2025-06-04 18:11:00,Shipping Delay,Low,Resolved,18.21,2025-06-05T12:23:36,2025-06-04T20:37:40
T002409,C001986,O0009327,E0014,2025-07-30 19:33:00,Product Sizing,Medium,Resolved,3.93,2025-07-30T23:28:48,2025-07-30T23:00:22
T002410,C000337,O0012069,E0034,2025-03-31 18:58:00,Return Request,Low,Resolved,34.59,2025-04-02T05:33:24,2025-03-31T21:20:14
T002411,C000730,O0012309,E0026,2025-06-17 14:14:00,Return Request,Low,Pending Customer,88.97,2025-06-21T07:12:12,2025-06-17T15:14:55
T002412,C001143,O0003020,E0003,2025-11-28 10:47:00,Bulk Order Quote,Medium,Resolved,30.99,2025-11-29T17:46:24,2025-11-28T11:25:52
T002413,C000303,O0013208,E0001,2025-11-19 08:04:00,Shipping Delay,Medium,Resolved,9.36,2025-11-19T17:25:36,2025-11-19T09:23:04
T002414,C002029,O0013041,E0045,2025-05-03 09:48:00,Order Cancellation,Low,Resolved,2.6,2025-05-03T12:24:00,2025-05-03T12:18:55
T002415,C002042,O0011690,E0054,2025-03-26 19:57:00,Return Request,Low,Resolved,26.69,2025-03-27T22:38:24,2025-03-26T21:09:03
T002416,C001784,O0000935,E0035,2026-01-05 05:02:00,Return Request,High,Resolved,32.96,2026-01-06T13:59:36,2026-01-05T07:25:11
T002417,C001108,O0012073,E0036,2025-06-15 11:43:00,Order Cancellation,Medium,Resolved,7.21,2025-06-15T18:55:36,2025-06-15T15:38:52
T002418,C002249,O0007408,E0018,2025-07-15 16:26:00,Order Cancellation,Low,Resolved,14.52,2025-07-16T06:57:12,2025-07-15T17:47:33
T002419,C001917,O0010713,E0019,2025-12-19 08:10:00,Order Cancellation,Low,Resolved,4.0,2025-12-19T12:10:00,2025-12-19T09:15:12
T002420,C002410,O0003122,E0060,2025-08-15 18:37:00,Order Cancellation,Low,Pending Customer,3.47,2025-08-15T22:05:12,2025-08-15T21:03:02
T002421,C002175,O0008409,E0048,2025-03-23 14:33:00,Shipping Delay,Medium,Resolved,17.0,2025-03-24T07:33:00,2025-03-23T16:09:35
T002422,C002023,O0010330,E0060,2025-12-25 15:03:00,Product Sizing,Medium,Pending Customer,15.77,2025-12-26T06:49:12,2025-12-25T15:58:50
T002423,C000408,O0011915,E0046,2025-02-14 14:01:00,Account Question,Low,Resolved,9.08,2025-02-14T23:05:48,2025-02-14T14:48:10
T002424,C000120,O0003895,E0036,2025-04-03 14:13:00,Product Sizing,High,Escalated,8.32,2025-04-03T22:32:12,2025-04-03T15:32:13
T002425,C000555,O0014841,E0034,2025-08-26 07:06:00,Product Sizing,Low,Resolved,2.83,2025-08-26T09:55:48,2025-08-26T08:02:05
T002426,C001433,O0014229,E0017,2025-10-26 10:32:00,Return Request,Low,Resolved,48.05,2025-10-28T10:35:00,2025-10-26T12:42:32
T002427,C002303,O0004629,E0019,2025-12-04 18:28:00,Shipping Delay,High,Resolved,22.2,2025-12-05T16:40:00,2025-12-04T20:38:45
T002428,C001334,O0005555,E0014,2025-07-27 15:42:00,Shipping Delay,Low,Resolved,55.4,2025-07-29T23:06:00,2025-07-27T17:48:21
T002429,C001680,O0008629,E0051,2025-12-17 15:16:00,Product Sizing,Low,Resolved,10.18,2025-12-18T01:26:48,2025-12-17T16:11:48
T002430,C001176,O0009965,E0040,2025-09-05 04:15:00,Shipping Delay,Low,Resolved,12.4,2025-09-05T16:39:00,2025-09-05T05:16:14
T002431,C001816,O0006754,E0004,2025-08-08 03:57:00,Warranty Claim,Low,Escalated,169.62,2025-08-15T05:34:12,2025-08-08T07:22:52
T002432,C002110,O0014516,E0006,2025-06-23 20:04:00,Warranty Claim,Medium,Resolved,64.11,2025-06-26T12:10:36,2025-06-23T23:32:11
T002433,C000078,O0006183,E0020,2025-04-14 17:06:00,Return Request,High,Resolved,30.11,2025-04-15T23:12:36,2025-04-14T17:54:41
T002434,C000966,O0002862,E0004,2025-08-26 01:08:00,Order Cancellation,High,Resolved,5.16,2025-08-26T06:17:36,2025-08-26T01:46:41
T002435,C001304,O0013013,E0018,2025-07-15 02:31:00,Warranty Claim,High,Resolved,126.63,2025-07-20T09:08:48,2025-07-15T04:43:30
T002436,C001920,O0004305,E0039,2025-10-23 10:34:00,Order Cancellation,Medium,Resolved,2.78,2025-10-23T13:20:48,2025-10-23T13:09:05
T002437,C002399,O0006058,E0039,2025-03-30 15:04:00,Return Request,Medium,Resolved,61.02,2025-04-02T04:05:12,2025-03-30T17:07:33
T002438,C000140,O0005765,E0026,2026-01-24 23:37:00,Return Request,Low,Resolved,16.03,2026-01-25T15:38:48,2026-01-25T00:29:26
T002439,C001878,O0000075,E0026,2026-01-31 07:21:00,Account Question,Low,Resolved,2.36,2026-01-31T09:42:36,2026-01-31T10:43:16
T002440,C002166,O0000560,E0051,2025-03-09 03:24:00,Shipping Delay,Medium,Resolved,109.71,2025-03-13T17:06:36,2025-03-09T07:01:54
T002441,C000298,O0008143,E0019,2025-08-20 03:29:00,Damaged Item,Medium,Resolved,144.4,2025-08-26T03:53:00,2025-08-20T04:04:45
T002442,C001320,O0011348,E0056,2025-10-14 20:23:00,Shipping Delay,Medium,Resolved,21.34,2025-10-15T17:43:24,2025-10-15T00:05:33
T002443,C001167,O0003516,E0018,2025-04-12 01:50:00,Order Cancellation,High,Open,,,2025-04-12T05:24:18
T002444,C001502,O0010577,E0057,2025-03-27 04:59:00,Product Sizing,Urgent,Resolved,8.08,2025-03-27T13:03:48,2025-03-27T08:42:38
T002445,C001693,O0012924,E0014,2025-08-24 10:48:00,Warranty Claim,Medium,Resolved,130.1,2025-08-29T20:54:00,2025-08-24T11:45:23
T002446,C001221,O0007995,E0040,2025-08-11 00:36:00,Damaged Item,Low,Resolved,41.93,2025-08-12T18:31:48,2025-08-11T02:48:14
T002447,C002121,O0013655,E0026,2025-08-26 01:25:00,Damaged Item,Low,Resolved,38.09,2025-08-27T15:30:24,2025-08-26T02:16:42
T002448,C001944,O0012263,E0051,2025-02-27 08:05:00,Shipping Delay,Medium,Pending Customer,8.61,2025-02-27T16:41:36,2025-02-27T09:16:21
T002449,C002510,O0009402,E0035,2025-02-20 10:13:00,Damaged Item,Low,Resolved,42.5,2025-02-22T04:43:00,2025-02-20T11:22:16
T002450,C002385,O0013304,E0051,2025-08-17 21:09:00,Warranty Claim,Medium,Escalated,84.21,2025-08-21T09:21:36,2025-08-17T21:44:10
T002451,C001065,O0010181,E0009,2025-07-27 16:53:00,Return Request,Medium,Open,,,2025-07-27T18:57:54
T002452,C002404,O0003926,E0057,2025-11-15 22:08:00,Product Sizing,Low,Resolved,15.79,2025-11-16T13:55:24,2025-11-15T23:33:33
T002453,C001240,O0014600,E0022,2025-11-03 21:39:00,Damaged Item,Urgent,Resolved,74.16,2025-11-06T23:48:36,2025-11-04T01:37:37
T002454,C000108,O0012074,E0040,2025-09-26 07:22:00,Shipping Delay,Medium,Resolved,27.54,2025-09-27T10:54:24,2025-09-26T09:06:51
T002455,C001304,O0005451,E0003,2025-10-18 10:04:00,Shipping Delay,High,Resolved,13.55,2025-10-18T23:37:00,2025-10-18T12:26:32
T002456,C000101,O0002265,E0039,2025-03-03 19:25:00,Account Question,Low,Resolved,16.54,2025-03-04T11:57:24,2025-03-03T20:48:52
T002457,C001821,O0012804,E0039,2025-10-17 06:58:00,Return Request,Low,Resolved,18.44,2025-10-18T01:24:24,2025-10-17T10:55:07
T002458,C001690,O0006477,E0034,2025-05-20 09:30:00,Account Question,Low,Resolved,7.06,2025-05-20T16:33:36,2025-05-20T11:30:43
T002459,C000001,O0005403,E0042,2025-12-21 05:11:00,Damaged Item,Medium,Resolved,60.39,2025-12-23T17:34:24,2025-12-21T05:45:38
T002460,C001061,O0009842,E0024,2026-01-02 23:54:00,Order Cancellation,Medium,Resolved,2.05,2026-01-03T01:57:00,2026-01-03T00:46:16
T002461,C001520,O0003962,E0019,2025-09-29 00:31:00,Product Sizing,Medium,Escalated,6.76,2025-09-29T07:16:36,2025-09-29T02:25:06
T002462,C000964,O0014015,E0060,2025-05-27 05:58:00,Product Sizing,High,Resolved,12.72,2025-05-27T18:41:12,2025-05-27T09:19:45
T002463,C000790,O0009637,E0040,2025-04-28 00:11:00,Damaged Item,Medium,Resolved,71.28,2025-04-30T23:27:48,2025-04-28T02:37:33
T002464,C001441,O0004053,E0040,2025-02-23 13:50:00,Product Sizing,Low,Resolved,10.28,2025-02-24T00:06:48,2025-02-23T14:35:21
T002465,C001119,O0008879,E0046,2025-10-25 10:36:00,Account Question,Medium,Open,,,2025-10-25T11:59:19
T002466,C002409,O0006864,E0028,2025-08-04 14:54:00,Damaged Item,Medium,Resolved,115.89,2025-08-09T10:47:24,2025-08-04T15:34:01
T002467,C001150,O0012498,E0024,2025-12-04 09:28:00,Return Request,Medium,Resolved,18.48,2025-12-05T03:56:48,2025-12-04T13:02:50
T002468,C001536,O0014032,E0024,2025-01-06 12:40:00,Product Sizing,Low,Resolved,4.1,2025-01-06T16:46:00,2025-01-06T15:43:55
T002469,C001193,O0006619,E0018,2025-07-10 18:28:00,Shipping Delay,Low,Resolved,58.1,2025-07-13T04:34:00,2025-07-10T19:06:50
T002470,C002083,O0005526,E0043,2025-05-28 11:04:00,Shipping Delay,Medium,Resolved,32.35,2025-05-29T19:25:00,2025-05-28T13:29:59
T002471,C001285,O0009646,E0040,2025-08-10 12:41:00,Return Request,Medium,Resolved,24.32,2025-08-11T13:00:12,2025-08-10T16:39:42
T002472,C002388,O0005512,E0040,2025-05-23 21:48:00,Return Request,Low,Pending Customer,43.91,2025-05-25T17:42:36,2025-05-23T23:43:28
T002473,C000417,O0013017,E0026,2025-09-14 14:33:00,Return Request,High,Resolved,16.05,2025-09-15T06:36:00,2025-09-14T15:36:55
T002474,C001785,O0012067,E0042,2025-09-27 15:34:00,Return Request,Low,Resolved,30.76,2025-09-28T22:19:36,2025-09-27T17:19:12
T002475,C002016,O0007199,E0042,2025-10-16 18:50:00,Account Question,Medium,Open,,,2025-10-16T19:50:28
T002476,C001941,O0010105,E0051,2025-08-25 09:45:00,Shipping Delay,Medium,Resolved,18.75,2025-08-26T04:30:00,2025-08-25T13:38:53
T002477,C000345,O0008305,E0035,2025-07-02 14:02:00,Return Request,Low,Resolved,17.93,2025-07-03T07:57:48,2025-07-02T18:00:57
T002478,C001442,O0000295,E0056,2025-09-01 12:01:00,Warranty Claim,Low,Resolved,189.55,2025-09-09T09:34:00,2025-09-01T14:44:46
T002479,C001264,O0010556,E0040,2025-10-31 15:42:00,Shipping Delay,High,Resolved,22.1,2025-11-01T13:48:00,2025-10-31T19:33:17
T002480,C001846,O0013568,E0046,2025-11-23 03:40:00,Order Cancellation,Low,Resolved,3.25,2025-11-23T06:55:00,2025-11-23T04:14:03
T002481,C000801,O0003764,E0026,2025-05-07 02:20:00,Bulk Order Quote,Low,Escalated,122.22,2025-05-12T04:33:12,2025-05-07T03:52:31
T002482,C000961,O0002125,E0060,2025-08-07 08:06:00,Return Request,Low,Resolved,31.56,2025-08-08T15:39:36,2025-08-07T11:19:20
T002483,C001508,O0014641,E0042,2025-06-28 12:44:00,Product Sizing,Medium,Resolved,14.33,2025-06-29T03:03:48,2025-06-28T14:43:05
T002484,C001068,O0010196,E0057,2025-09-01 03:51:00,Shipping Delay,High,Resolved,21.83,2025-09-02T01:40:48,2025-09-01T05:32:40
T002485,C001344,O0005265,E0035,2025-03-13 18:42:00,Warranty Claim,Low,Resolved,36.33,2025-03-15T07:01:48,2025-03-13T20:58:45
T002486,C000465,O0012936,E0026,2025-05-19 17:09:00,Bulk Order Quote,Medium,Resolved,47.45,2025-05-21T16:36:00,2025-05-19T20:17:02
T002487,C001521,O0000988,E0030,2025-05-17 13:08:00,Warranty Claim,Medium,Resolved,124.63,2025-05-22T17:45:48,2025-05-17T16:57:17
T002488,C002059,O0008201,E0060,2025-11-04 20:39:00,Product Sizing,Low,Resolved,7.84,2025-11-05T04:29:24,2025-11-05T00:02:31
T002489,C002593,O0001279,E0054,2025-12-14 15:01:00,Account Question,Low,Resolved,17.82,2025-12-15T08:50:12,2025-12-14T17:13:23
T002490,C002245,O0009618,E0003,2025-11-14 10:21:00,Bulk Order Quote,Medium,Open,,,2025-11-14T13:19:41
T002491,C000912,O0003370,E0046,2025-08-18 17:44:00,Bulk Order Quote,High,Resolved,170.62,2025-08-25T20:21:12,2025-08-18T20:45:25
T002492,C001228,O0003678,E0006,2025-04-02 19:54:00,Order Cancellation,Low,Open,,,2025-04-02T20:39:48
T002493,C001984,O0001832,E0048,2025-05-27 11:13:00,Damaged Item,Medium,Resolved,118.19,2025-06-01T09:24:24,2025-05-27T15:00:54
T002494,C002311,O0013436,E0043,2025-09-12 20:06:00,Product Sizing,Low,Resolved,9.3,2025-09-13T05:24:00,2025-09-12T23:39:51
T002495,C002340,O0013798,E0042,2025-11-10 04:13:00,Shipping Delay,Low,Escalated,23.03,2025-11-11T03:14:48,2025-11-10T07:44:04
T002496,C000878,O0004227,E0024,2025-03-11 01:22:00,Shipping Delay,Low,Resolved,15.56,2025-03-11T16:55:36,2025-03-11T03:27:26
T002497,C000966,O0002862,E0028,2025-09-12 01:08:00,Warranty Claim,Low,Escalated,166.76,2025-09-18T23:53:36,2025-09-12T01:41:23
T002498,C000814,O0004181,E0053,2025-05-20 04:03:00,Bulk Order Quote,Low,Pending Customer,80.94,2025-05-23T12:59:24,2025-05-20T08:01:34
T002499,C000324,O0005992,E0046,2025-04-18 13:23:00,Return Request,Medium,Pending Customer,29.66,2025-04-19T19:02:36,2025-04-18T15:51:25
T002500,C001974,O0013220,E0039,2025-05-09 20:56:00,Product Sizing,Medium,Resolved,9.49,2025-05-10T06:25:24,2025-05-09T23:37:07
T002501,C000408,O0002378,E0042,2025-04-30 11:38:00,Warranty Claim,Medium,Pending Customer,113.21,2025-05-05T04:50:36,2025-04-30T12:09:08
T002502,C002339,O0002294,E0051,2025-04-28 17:34:00,Shipping Delay,Medium,Open,,,2025-04-28T18:27:02
T002503,C002406,O0011300,E0004,2025-10-26 11:38:00,Shipping Delay,Medium,Resolved,14.5,2025-10-27T02:08:00,2025-10-26T12:36:01
T002504,C001287,O0009692,E0042,2025-05-22 18:10:00,Account Question,High,Resolved,5.4,2025-05-22T23:34:00,2025-05-22T20:34:26
T002505,C001397,O0004860,E0040,2025-03-23 07:29:00,Shipping Delay,Medium,Resolved,77.55,2025-03-26T13:02:00,2025-03-23T10:34:39
T002506,C000781,O0014060,E0043,2025-04-27 15:02:00,Account Question,Medium,Pending Customer,4.48,2025-04-27T19:30:48,2025-04-27T18:15:44
T002507,C000735,O0012224,E0043,2025-10-25 16:27:00,Bulk Order Quote,Medium,Resolved,36.88,2025-10-27T05:19:48,2025-10-25T17:25:23
T002508,C000913,O0001231,E0006,2025-06-20 20:02:00,Return Request,Urgent,Resolved,43.51,2025-06-22T15:32:36,2025-06-20T23:34:21
T002509,C001576,O0008924,E0046,2025-07-01 02:00:00,Account Question,Medium,Resolved,7.34,2025-07-01T09:20:24,2025-07-01T04:05:56
T002510,C000262,O0006730,E0014,2025-03-08 21:43:00,Warranty Claim,Medium,Resolved,35.75,2025-03-10T09:28:00,2025-03-09T00:00:03
T002511,C001526,O0005882,E0024,2025-06-26 05:32:00,Shipping Delay,Low,Escalated,15.88,2025-06-26T21:24:48,2025-06-26T07:03:20
T002512,C001401,O0001603,E0040,2025-04-21 15:39:00,Bulk Order Quote,Low,Escalated,131.15,2025-04-27T02:48:00,2025-04-21T16:56:53
T002513,C000523,O0012123,E0039,2025-06-01 12:01:00,Bulk Order Quote,Low,Resolved,67.99,2025-06-04T08:00:24,2025-06-01T13:37:32
T002514,C000128,O0008864,E0001,2025-10-28 15:39:00,Shipping Delay,Low,Pending Customer,20.84,2025-10-29T12:29:24,2025-10-28T17:13:58
T002515,C000940,O0011888,E0039,2025-08-11 15:45:00,Shipping Delay,High,Resolved,19.11,2025-08-12T10:51:36,2025-08-11T16:46:24
T002516,C000989,O0009577,E0018,2025-10-28 02:43:00,Return Request,Low,Resolved,17.19,2025-10-28T19:54:24,2025-10-28T05:30:07
T002517,C001527,O0014414,E0028,2025-12-21 20:08:00,Warranty Claim,High,Open,,,2025-12-21T20:40:48
T002518,C001423,O0003117,E0056,2025-06-09 13:37:00,Return Request,Low,Resolved,45.67,2025-06-11T11:17:12,2025-06-09T14:28:17
T002519,C001622,O0011750,E0024,2025-12-09 14:28:00,Product Sizing,Low,Resolved,34.34,2025-12-11T00:48:24,2025-12-09T15:12:35
T002520,C000696,O0007365,E0003,2025-05-22 06:46:00,Return Request,Low,Resolved,31.18,2025-05-23T13:56:48,2025-05-22T09:04:07
T002521,C000328,O0007151,E0006,2026-01-27 13:10:00,Shipping Delay,High,Resolved,28.34,2026-01-28T17:30:24,2026-01-27T17:03:42
T002522,C001364,O0010883,E0026,2025-12-03 15:05:00,Return Request,Medium,Resolved,68.39,2025-12-06T11:28:24,2025-12-03T18:24:17
T002523,C002014,O0012372,E0043,2025-05-21 10:26:00,Account Question,Medium,Resolved,12.08,2025-05-21T22:30:48,2025-05-21T11:29:33
T002524,C001030,O0008644,E0036,2025-11-18 18:09:00,Damaged Item,Low,Resolved,82.32,2025-11-22T04:28:12,2025-11-18T19:42:26
T002525,C002424,O0001721,E0054,2025-05-17 11:31:00,Damaged Item,Low,Pending Customer,10.15,2025-05-17T21:40:00,2025-05-17T12:22:55
T002526,C002024,O0013526,E0024,2025-06-30 09:58:00,Account Question,Medium,Resolved,8.35,2025-06-30T18:19:00,2025-06-30T11:54:06
T002527,C001478,O0011188,E0036,2025-04-10 13:54:00,Bulk Order Quote,Low,Resolved,71.48,2025-04-13T13:22:48,2025-04-10T14:55:42
T002528,C000267,O0003910,E0040,2025-10-01 18:00:00,Warranty Claim,Medium,Resolved,46.79,2025-10-03T16:47:24,2025-10-01T21:16:36
T002529,C001289,O0005054,E0051,2025-10-17 14:36:00,Shipping Delay,Medium,Pending Customer,35.77,2025-10-19T02:22:12,2025-10-17T15:38:54
T002530,C000606,O0007609,E0040,2025-04-09 10:36:00,Order Cancellation,Medium,Resolved,5.16,2025-04-09T15:45:36,2025-04-09T13:17:43
T002531,C000546,O0012323,E0024,2025-07-13 17:10:00,Shipping Delay,Medium,Resolved,32.25,2025-07-15T01:25:00,2025-07-13T20:35:28
T002532,C001429,O0000968,E0026,2025-10-19 05:31:00,Shipping Delay,Medium,Resolved,29.41,2025-10-20T10:55:36,2025-10-19T08:09:09
T002533,C001557,O0001060,E0051,2025-06-24 23:30:00,Shipping Delay,High,Resolved,33.7,2025-06-26T09:12:00,2025-06-25T03:01:31
T002534,C001150,O0008138,E0024,2025-07-27 00:16:00,Return Request,Low,Resolved,77.98,2025-07-30T06:14:48,2025-07-27T02:27:22
T002535,C001179,O0010600,E0046,2025-03-23 23:06:00,Shipping Delay,Low,Resolved,8.85,2025-03-24T07:57:00,2025-03-24T00:15:28
T002536,C000224,O0013200,E0043,2025-04-08 09:30:00,Product Sizing,Low,Resolved,3.44,2025-04-08T12:56:24,2025-04-08T10:59:23
T002537,C002548,O0004603,E0057,2025-12-10 16:59:00,Warranty Claim,Low,Resolved,29.16,2025-12-11T22:08:36,2025-12-10T20:27:50
T002538,C001923,O0009770,E0020,2025-09-19 19:05:00,Product Sizing,Medium,Pending Customer,5.15,2025-09-20T00:14:00,2025-09-19T20:46:11
T002539,C000963,O0008175,E0039,2025-04-04 04:26:00,Account Question,Low,Pending Customer,11.46,2025-04-04T15:53:36,2025-04-04T07:06:11
T002540,C000278,O0009001,E0051,2025-05-28 13:45:00,Order Cancellation,Medium,Resolved,8.43,2025-05-28T22:10:48,2025-05-28T17:37:00
T002541,C000381,O0004931,E0030,2025-07-20 21:49:00,Warranty Claim,Low,Resolved,178.82,2025-07-28T08:38:12,2025-07-20T22:24:40
T002542,C000980,O0012362,E0051,2025-10-15 05:59:00,Damaged Item,Medium,Resolved,36.08,2025-10-16T18:03:48,2025-10-15T09:06:44
T002543,C000132,O0007439,E0054,2026-01-21 03:33:00,Product Sizing,Medium,Pending Customer,9.31,2026-01-21T12:51:36,2026-01-21T05:55:21
T002544,C000190,O0012394,E0056,2025-05-13 10:47:00,Warranty Claim,Low,Resolved,104.18,2025-05-17T18:57:48,2025-05-13T11:33:09
T002545,C002280,O0007203,E0039,2025-11-07 08:00:00,Warranty Claim,Urgent,Resolved,267.84,2025-11-18T11:50:24,2025-11-07T10:12:40
T002546,C000714,O0000001,E0056,2025-05-04 21:32:00,Warranty Claim,Low,Open,,,2025-05-04T23:34:52
T002547,C002006,O0004912,E0014,2025-11-03 12:37:00,Account Question,Medium,Resolved,3.21,2025-11-03T15:49:36,2025-11-03T13:27:02
T002548,C000208,O0008694,E0040,2025-11-30 18:16:00,Account Question,High,Pending Customer,8.46,2025-12-01T02:43:36,2025-11-30T22:14:56
T002549,C000384,O0000682,E0003,2025-08-01 09:28:00,Warranty Claim,Low,Escalated,131.01,2025-08-06T20:28:36,2025-08-01T12:49:25
T002550,C001713,O0005827,E0051,2025-12-04 00:54:00,Return Request,Low,Escalated,37.25,2025-12-05T14:09:00,2025-12-04T02:10:26
T002551,C000802,O0006331,E0003,2025-11-17 20:23:00,Shipping Delay,Low,Open,,,2025-11-17T22:37:58
T002552,C001769,O0001185,E0043,2025-02-27 16:23:00,Shipping Delay,High,Resolved,28.0,2025-02-28T20:23:00,2025-02-27T19:55:07
T002553,C001284,O0010940,E0057,2025-11-25 13:59:00,Product Sizing,Low,Open,,,2025-11-25T14:37:08
T002554,C002599,O0004110,E0024,2025-12-15 20:48:00,Order Cancellation,Medium,Resolved,8.53,2025-12-16T05:19:48,2025-12-16T00:45:41
T002555,C001267,O0001202,E0003,2025-02-24 17:01:00,Warranty Claim,Low,Resolved,92.39,2025-02-28T13:24:24,2025-02-24T18:09:29
T002556,C000974,O0010119,E0043,2025-04-14 13:57:00,Damaged Item,Low,Escalated,53.9,2025-04-16T19:51:00,2025-04-14T15:11:09
T002557,C001141,O0012126,E0040,2025-06-25 08:44:00,Return Request,Low,Resolved,24.49,2025-06-26T09:13:24,2025-06-25T09:44:53
T002558,C001188,O0012065,E0030,2026-01-05 01:34:00,Shipping Delay,Low,Resolved,48.27,2026-01-07T01:50:12,2026-01-05T03:16:56
T002559,C001468,O0014542,E0019,2025-07-18 06:37:00,Shipping Delay,Medium,Resolved,17.3,2025-07-18T23:55:00,2025-07-18T09:17:22
T002560,C001522,O0012490,E0043,2025-08-25 14:01:00,Shipping Delay,Low,Resolved,37.12,2025-08-27T03:08:12,2025-08-25T15:16:58
T002561,C001287,O0004275,E0022,2025-09-18 10:26:00,Product Sizing,Low,Resolved,4.42,2025-09-18T14:51:12,2025-09-18T13:37:29
T002562,C000456,O0006143,E0019,2026-01-20 19:48:00,Damaged Item,Medium,Resolved,100.48,2026-01-25T00:16:48,2026-01-20T22:46:14
T002563,C001925,O0002679,E0057,2025-12-17 01:09:00,Warranty Claim,Low,Resolved,272.21,2025-12-28T09:21:36,2025-12-17T04:18:59
T002564,C000565,O0011476,E0051,2025-05-25 18:26:00,Bulk Order Quote,Low,Resolved,49.08,2025-05-27T19:30:48,2025-05-25T21:22:28
T002565,C002191,O0007719,E0030,2025-07-22 01:56:00,Bulk Order Quote,Low,Resolved,65.53,2025-07-24T19:27:48,2025-07-22T03:47:21
T002566,C001224,O0013966,E0039,2025-04-26 09:00:00,Warranty Claim,Medium,Pending Customer,70.62,2025-04-29T07:37:12,2025-04-26T12:58:49
T002567,C000611,O0013125,E0034,2025-05-18 14:47:00,Shipping Delay,Low,Resolved,46.19,2025-05-20T12:58:24,2025-05-18T16:49:16
T002568,C002219,O0010803,E0006,2025-11-15 06:43:00,Shipping Delay,Low,Resolved,21.29,2025-11-16T04:00:24,2025-11-15T09:03:32
T002569,C000386,O0001350,E0057,2025-06-12 06:54:00,Shipping Delay,High,Resolved,86.71,2025-06-15T21:36:36,2025-06-12T09:25:09
T002570,C001594,O0002612,E0019,2025-05-27 19:05:00,Return Request,High,Resolved,41.14,2025-05-29T12:13:24,2025-05-27T22:04:36
T002571,C000156,O0009080,E0034,2025-11-16 08:18:00,Return Request,Low,Open,,,2025-11-16T10:40:23
T002572,C000547,O0000718,E0034,2025-03-08 17:47:00,Order Cancellation,Low,Resolved,1.67,2025-03-08T19:27:12,2025-03-08T21:43:39
T002573,C002554,O0009309,E0060,2025-05-12 09:34:00,Shipping Delay,High,Resolved,15.4,2025-05-13T00:58:00,2025-05-12T11:46:45
T002574,C001552,O0000453,E0043,2025-11-06 10:21:00,Shipping Delay,Medium,Resolved,15.26,2025-11-07T01:36:36,2025-11-06T11:49:31
T002575,C001421,O0011091,E0042,2025-11-05 17:18:00,Shipping Delay,Medium,Resolved,66.0,2025-11-08T11:18:00,2025-11-05T18:41:34
T002576,C000127,O0013662,E0034,2025-02-15 05:46:00,Bulk Order Quote,Medium,Pending Customer,50.59,2025-02-17T08:21:24,2025-02-15T08:52:12
T002577,C000150,O0009661,E0042,2025-09-25 06:30:00,Warranty Claim,Medium,Resolved,520.57,2025-10-16T23:04:12,2025-09-25T09:51:34
T002578,C001714,O0005742,E0026,2025-05-03 19:59:00,Shipping Delay,Low,Resolved,37.79,2025-05-05T09:46:24,2025-05-03T20:40:05
T002579,C000787,O0010702,E0036,2025-09-28 07:25:00,Return Request,Medium,Resolved,60.89,2025-09-30T20:18:24,2025-09-28T10:45:19
T002580,C002479,O0005674,E0017,2025-08-22 13:18:00,Product Sizing,Medium,Resolved,5.34,2025-08-22T18:38:24,2025-08-22T15:10:23
T002581,C000870,O0014684,E0046,2026-01-29 15:03:00,Bulk Order Quote,Low,Escalated,53.56,2026-01-31T20:36:36,2026-01-29T18:01:11
T002582,C000219,O0004936,E0040,2025-03-16 04:06:00,Damaged Item,Medium,Resolved,53.82,2025-03-18T09:55:12,2025-03-16T05:45:23
T002583,C000931,O0004126,E0039,2025-12-29 14:50:00,Account Question,Low,Pending Customer,6.46,2025-12-29T21:17:36,2025-12-29T16:25:38
T002584,C001939,O0011283,E0006,2025-09-27 05:57:00,Return Request,Low,Open,,,2025-09-27T09:46:56
T002585,C000008,O0002279,E0018,2025-01-31 10:33:00,Shipping Delay,High,Open,,,2025-01-31T12:24:59
T002586,C000922,O0001909,E0059,2025-09-30 08:00:00,Product Sizing,Low,Pending Customer,11.35,2025-09-30T19:21:00,2025-09-30T08:58:28
T002587,C000910,O0001936,E0048,2025-05-03 20:39:00,Product Sizing,High,Resolved,16.36,2025-05-04T13:00:36,2025-05-03T22:23:59
T002588,C000557,O0007117,E0006,2025-05-07 03:31:00,Product Sizing,Medium,Resolved,10.15,2025-05-07T13:40:00,2025-05-07T05:43:07
T002589,C001083,O0004880,E0014,2025-11-04 07:00:00,Damaged Item,Medium,Resolved,37.56,2025-11-05T20:33:36,2025-11-04T10:44:52
T002590,C001057,O0003750,E0057,2025-03-25 16:46:00,Return Request,Low,Resolved,9.35,2025-03-26T02:07:00,2025-03-25T17:25:40
T002591,C001827,O0013523,E0006,2025-07-13 05:00:00,Shipping Delay,Low,Resolved,43.54,2025-07-15T00:32:24,2025-07-13T07:45:18
T002592,C000943,O0014103,E0060,2025-03-27 22:01:00,Return Request,Low,Pending Customer,12.87,2025-03-28T10:53:12,2025-03-28T00:21:58
T002593,C001641,O0012691,E0024,2025-02-15 04:48:00,Account Question,Low,Resolved,8.46,2025-02-15T13:15:36,2025-02-15T06:19:32
T002594,C001577,O0004418,E0022,2025-10-14 07:14:00,Order Cancellation,Low,Resolved,2.35,2025-10-14T09:35:00,2025-10-14T11:09:45
T002595,C000900,O0006753,E0060,2025-12-11 10:39:00,Warranty Claim,Medium,Resolved,99.62,2025-12-15T14:16:12,2025-12-11T11:19:56
T002596,C000200,O0011146,E0026,2025-05-10 02:29:00,Shipping Delay,Medium,Resolved,8.81,2025-05-10T11:17:36,2025-05-10T05:19:27
T002597,C001683,O0011034,E0042,2025-01-26 22:43:00,Damaged Item,Low,Resolved,32.38,2025-01-28T07:05:48,2025-01-27T02:32:26
T002598,C000507,O0001284,E0042,2025-08-11 19:52:00,Account Question,Medium,Resolved,4.28,2025-08-12T00:08:48,2025-08-11T21:52:29
T002599,C002428,O0010257,E0030,2025-11-18 03:43:00,Damaged Item,Low,Pending Customer,148.97,2025-11-24T08:41:12,2025-11-18T07:33:51
T002600,C002499,O0014147,E0039,2025-12-19 23:14:00,Product Sizing,High,Resolved,3.17,2025-12-20T02:24:12,2025-12-20T02:30:18
T002601,C001651,O0008351,E0048,2025-02-13 23:54:00,Bulk Order Quote,Urgent,Resolved,88.43,2025-02-17T16:19:48,2025-02-14T02:06:08
T002602,C001892,O0011953,E0039,2025-09-30 06:37:00,Product Sizing,Low,Escalated,6.37,2025-09-30T12:59:12,2025-09-30T08:48:08
T002603,C000655,O0008718,E0058,2025-10-03 14:36:00,Product Sizing,Medium,Resolved,6.01,2025-10-03T20:36:36,2025-10-03T15:38:47
T002604,C001292,O0009260,E0048,2025-04-27 05:56:00,Return Request,Low,Resolved,38.74,2025-04-28T20:40:24,2025-04-27T06:40:16
T002605,C001218,O0004071,E0043,2025-04-29 23:49:00,Order Cancellation,Low,Pending Customer,2.64,2025-04-30T02:27:24,2025-04-30T03:44:02
T002606,C000625,O0001839,E0042,2026-01-05 00:19:00,Account Question,Low,Resolved,12.7,2026-01-05T13:01:00,2026-01-05T02:24:50
T002607,C000704,O0001092,E0040,2025-09-09 19:48:00,Shipping Delay,Medium,Resolved,11.35,2025-09-10T07:09:00,2025-09-09T22:53:23
T002608,C001674,O0001160,E0034,2025-01-23 19:23:00,Warranty Claim,Low,Resolved,122.74,2025-01-28T22:07:24,2025-01-23T20:50:07
T002609,C000544,O0014949,E0008,2025-09-19 03:50:00,Product Sizing,Medium,Resolved,6.77,2025-09-19T10:36:12,2025-09-19T05:36:49
T002610,C000334,O0004052,E0053,2025-05-28 10:02:00,Return Request,High,Resolved,14.72,2025-05-29T00:45:12,2025-05-28T13:32:02
T002611,C001888,O0013536,E0043,2025-09-07 08:34:00,Damaged Item,Medium,Resolved,17.57,2025-09-08T02:08:12,2025-09-07T10:24:28
T002612,C001982,O0013416,E0054,2025-10-16 13:43:00,Return Request,Medium,Resolved,12.29,2025-10-17T02:00:24,2025-10-16T15:05:25
T002613,C002583,O0007279,E0046,2025-06-07 23:14:00,Return Request,High,Pending Customer,36.15,2025-06-09T11:23:00,2025-06-08T01:01:53
T002614,C000054,O0012253,E0026,2025-06-04 01:55:00,Product Sizing,Medium,Resolved,6.72,2025-06-04T08:38:12,2025-06-04T05:45:10
T002615,C000392,O0008152,E0026,2025-12-14 23:22:00,Order Cancellation,Low,Resolved,2.64,2025-12-15T02:00:24,2025-12-15T01:10:43
T002616,C001733,O0011542,E0036,2025-06-05 14:50:00,Order Cancellation,Low,Open,,,2025-06-05T18:03:51
T002617,C002041,O0008509,E0024,2025-05-23 05:41:00,Damaged Item,Medium,Resolved,33.67,2025-05-24T15:21:12,2025-05-23T09:35:00
T002618,C001277,O0008537,E0009,2025-01-24 10:19:00,Account Question,Medium,Pending Customer,3.76,2025-01-24T14:04:36,2025-01-24T14:10:32
T002619,C001206,O0008086,E0042,2025-04-15 02:14:00,Return Request,Medium,Resolved,51.58,2025-04-17T05:48:48,2025-04-15T02:45:58
T002620,C001902,O0006346,E0026,2025-04-27 10:47:00,Shipping Delay,Low,Pending Customer,30.07,2025-04-28T16:51:12,2025-04-27T11:36:45
T002621,C001265,O0006903,E0019,2025-04-24 05:54:00,Warranty Claim,Low,Pending Customer,136.99,2025-04-29T22:53:24,2025-04-24T08:27:10
T002622,C000235,O0013962,E0048,2025-12-20 15:27:00,Product Sizing,Medium,Resolved,4.98,2025-12-20T20:25:48,2025-12-20T18:05:33
T002623,C000587,O0008938,E0051,2025-05-09 00:06:00,Warranty Claim,High,Resolved,45.5,2025-05-10T21:36:00,2025-05-09T03:47:20
T002624,C001215,O0000825,E0043,2025-06-27 10:45:00,Warranty Claim,Medium,Resolved,66.56,2025-06-30T05:18:36,2025-06-27T13:09:46
T002625,C002245,O0014302,E0040,2026-01-16 12:18:00,Return Request,Low,Resolved,254.91,2026-01-27T03:12:36,2026-01-16T15:23:14
T002626,C001641,O0002049,E0004,2025-12-20 13:41:00,Warranty Claim,Low,Pending Customer,102.53,2025-12-24T20:12:48,2025-12-20T14:23:29
T002627,C000973,O0000035,E0057,2025-07-15 20:46:00,Warranty Claim,High,Resolved,84.25,2025-07-19T09:01:00,2025-07-15T22:10:49
T002628,C000329,O0013149,E0040,2025-03-12 22:58:00,Warranty Claim,Low,Resolved,24.99,2025-03-13T23:57:24,2025-03-12T23:29:33
T002629,C000064,O0014237,E0008,2025-08-14 04:02:00,Return Request,Low,Resolved,39.81,2025-08-15T19:50:36,2025-08-14T06:17:23
T002630,C001416,O0000692,E0036,2025-05-28 20:39:00,Return Request,Low,Open,,,2025-05-28T23:41:01
T002631,C001136,O0013622,E0024,2025-07-28 08:56:00,Order Cancellation,Medium,Resolved,2.6,2025-07-28T11:32:00,2025-07-28T09:43:29
T002632,C001739,O0002593,E0034,2025-01-18 11:12:00,Return Request,Medium,Resolved,116.5,2025-01-23T07:42:00,2025-01-18T12:12:49
T002633,C000052,O0009102,E0057,2025-11-29 15:49:00,Order Cancellation,Medium,Resolved,1.72,2025-11-29T17:32:12,2025-11-29T17:21:59
T002634,C002195,O0000176,E0026,2025-11-18 15:50:00,Order Cancellation,Low,Pending Customer,5.28,2025-11-18T21:06:48,2025-11-18T18:20:28
T002635,C002084,O0009212,E0057,2025-09-07 14:24:00,Order Cancellation,Low,Pending Customer,4.66,2025-09-07T19:03:36,2025-09-07T16:50:52
T002636,C002077,O0001868,E0034,2025-10-04 09:27:00,Order Cancellation,Medium,Resolved,4.05,2025-10-04T13:30:00,2025-10-04T11:19:20
T002637,C002215,O0008752,E0040,2025-04-18 04:24:00,Bulk Order Quote,High,Open,,,2025-04-18T07:41:32
T002638,C001546,O0008976,E0014,2025-02-10 14:49:00,Account Question,Medium,Resolved,4.81,2025-02-10T19:37:36,2025-02-10T15:48:06
T002639,C001996,O0002530,E0046,2025-05-13 22:37:00,Order Cancellation,Urgent,Pending Customer,5.69,2025-05-14T04:18:24,2025-05-14T02:20:36
T002640,C001830,O0014676,E0014,2025-09-27 03:18:00,Damaged Item,High,Open,,,2025-09-27T04:17:21
T002641,C000464,O0010841,E0039,2025-12-31 04:41:00,Bulk Order Quote,Low,Open,,,2025-12-31T06:52:42
T002642,C001025,O0014816,E0051,2025-03-05 05:11:00,Return Request,Medium,Resolved,28.21,2025-03-06T09:23:36,2025-03-05T06:30:17
T002643,C002461,O0011814,E0036,2025-06-08 18:23:00,Account Question,Low,Pending Customer,4.42,2025-06-08T22:48:12,2025-06-08T20:10:31
T002644,C000333,O0014425,E0039,2025-03-10 13:22:00,Damaged Item,Medium,Open,,,2025-03-10T15:13:31
T002645,C000838,O0005092,E0019,2025-08-28 22:07:00,Product Sizing,Low,Resolved,9.28,2025-08-29T07:23:48,2025-08-29T01:37:31
T002646,C001409,O0005410,E0024,2025-11-24 13:19:00,Bulk Order Quote,Medium,Open,,,2025-11-24T15:15:29
T002647,C002500,O0007033,E0019,2025-11-08 08:20:00,Warranty Claim,Medium,Resolved,58.55,2025-11-10T18:53:00,2025-11-08T09:46:52
T002648,C002389,O0013031,E0048,2025-10-10 03:07:00,Warranty Claim,Low,Resolved,62.21,2025-10-12T17:19:36,2025-10-10T07:06:34
T002649,C001644,O0001278,E0051,2025-12-10 18:44:00,Shipping Delay,Medium,Pending Customer,18.98,2025-12-11T13:42:48,2025-12-10T22:28:58
T002650,C001737,O0000864,E0048,2025-01-26 21:00:00,Shipping Delay,Urgent,Resolved,44.65,2025-01-28T17:39:00,2025-01-27T00:32:07
T002651,C002272,O0013754,E0036,2025-09-20 21:43:00,Return Request,Low,Escalated,32.43,2025-09-22T06:08:48,2025-09-20T23:01:00
T002652,C000142,O0013308,E0003,2025-12-08 13:44:00,Shipping Delay,Low,Resolved,14.32,2025-12-09T04:03:12,2025-12-08T16:34:55
T002653,C002288,O0004819,E0041,2025-06-25 20:33:00,Shipping Delay,Low,Resolved,23.01,2025-06-26T19:33:36,2025-06-25T22:40:12
T002654,C002089,O0007694,E0060,2025-11-20 08:11:00,Shipping Delay,Low,Escalated,35.09,2025-11-21T19:16:24,2025-11-20T10:30:25
T002655,C002482,O0001667,E0030,2025-12-05 14:06:00,Product Sizing,Medium,Resolved,10.02,2025-12-06T00:07:12,2025-12-05T15:01:13
T002656,C000997,O0001696,E0026,2025-10-21 17:07:00,Warranty Claim,Medium,Pending Customer,71.01,2025-10-24T16:07:36,2025-10-21T18:13:22
T002657,C000509,O0012657,E0003,2025-08-20 03:07:00,Shipping Delay,Low,Resolved,19.65,2025-08-20T22:46:00,2025-08-20T06:26:38
T002658,C000783,O0014836,E0003,2025-10-08 07:57:00,Damaged Item,Low,Resolved,93.49,2025-10-12T05:26:24,2025-10-08T10:07:28
T002659,C001039,O0011200,E0057,2025-03-29 19:30:00,Warranty Claim,Low,Resolved,101.39,2025-04-03T00:53:24,2025-03-29T20:22:48
T002660,C001655,O0012831,E0014,2025-12-21 18:22:00,Order Cancellation,Low,Pending Customer,5.62,2025-12-21T23:59:12,2025-12-21T22:04:57
T002661,C001143,O0006450,E0019,2025-09-23 17:28:00,Order Cancellation,Medium,Resolved,5.32,2025-09-23T22:47:12,2025-09-23T19:09:00
T002662,C001720,O0011605,E0024,2026-01-23 06:44:00,Bulk Order Quote,Medium,Resolved,57.25,2026-01-25T15:59:00,2026-01-23T10:01:16
T002663,C001520,O0008548,E0058,2025-11-04 04:39:00,Product Sizing,Medium,Open,,,2025-11-04T08:33:11
T002664,C002095,O0002608,E0040,2025-02-09 16:36:00,Shipping Delay,Low,Resolved,17.43,2025-02-10T10:01:48,2025-02-09T20:09:40
T002665,C000004,O0012527,E0006,2025-10-02 13:14:00,Product Sizing,Medium,Resolved,2.93,2025-10-02T16:09:48,2025-10-02T16:18:34
T002666,C000200,O0010001,E0057,2025-05-07 07:49:00,Product Sizing,Low,Resolved,4.97,2025-05-07T12:47:12,2025-05-07T10:18:52
T002667,C001969,O0010225,E0046,2025-05-28 15:35:00,Order Cancellation,Medium,Resolved,8.39,2025-05-28T23:58:24,2025-05-28T17:09:57
T002668,C000469,O0006851,E0014,2025-09-24 08:21:00,Account Question,Urgent,Resolved,7.58,2025-09-24T15:55:48,2025-09-24T11:48:43
T002669,C001444,O0000370,E0046,2025-07-04 17:06:00,Product Sizing,Low,Resolved,10.17,2025-07-05T03:16:12,2025-07-04T18:54:42
T002670,C002062,O0013512,E0014,2025-12-22 17:43:00,Return Request,Medium,Resolved,12.01,2025-12-23T05:43:36,2025-12-22T18:53:31
T002671,C001762,O0013730,E0051,2025-09-23 17:43:00,Product Sizing,Medium,Escalated,8.0,2025-09-24T01:43:00,2025-09-23T19:59:22
T002672,C002011,O0011595,E0036,2025-06-09 22:12:00,Shipping Delay,Medium,Resolved,13.67,2025-06-10T11:52:12,2025-06-10T01:19:39
T002673,C000640,O0014685,E0060,2025-05-31 04:05:00,Warranty Claim,Medium,Pending Customer,72.35,2025-06-03T04:26:00,2025-05-31T07:38:35
T002674,C000507,O0008577,E0053,2025-05-11 07:31:00,Shipping Delay,Medium,Resolved,20.05,2025-05-12T03:34:00,2025-05-11T08:17:22
T002675,C001537,O0005145,E0024,2025-08-11 15:39:00,Account Question,Low,Pending Customer,3.69,2025-08-11T19:20:24,2025-08-11T17:42:59
T002676,C002068,O0005622,E0057,2025-01-28 21:33:00,Shipping Delay,Medium,Resolved,23.77,2025-01-29T21:19:12,2025-01-28T22:04:58
T002677,C002109,O0009494,E0051,2025-03-23 15:30:00,Product Sizing,Low,Resolved,10.34,2025-03-24T01:50:24,2025-03-23T17:55:21
T002678,C000644,O0005333,E0059,2025-01-30 23:36:00,Warranty Claim,Medium,Resolved,114.73,2025-02-04T18:19:48,2025-01-31T01:44:11
T002679,C000271,O0013862,E0054,2025-12-29 21:13:00,Damaged Item,Low,Resolved,53.37,2026-01-01T02:35:12,2025-12-29T23:31:31
T002680,C000103,O0005373,E0034,2025-08-03 21:14:00,Damaged Item,Medium,Resolved,12.34,2025-08-04T09:34:24,2025-08-03T23:37:28
T002681,C000187,O0012979,E0040,2025-10-20 23:31:00,Shipping Delay,Low,Pending Customer,36.23,2025-10-22T11:44:48,2025-10-21T02:53:08
T002682,C001714,O0001412,E0045,2025-07-16 09:11:00,Product Sizing,Low,Resolved,3.82,2025-07-16T13:00:12,2025-07-16T09:43:39
T002683,C002339,O0010143,E0060,2025-04-22 05:49:00,Product Sizing,Medium,Open,,,2025-04-22T08:34:33
T002684,C001629,O0005346,E0042,2025-02-27 01:17:00,Account Question,Medium,Resolved,6.7,2025-02-27T07:59:00,2025-02-27T04:46:48
T002685,C000847,O0002898,E0017,2025-03-08 12:53:00,Account Question,Medium,Resolved,4.7,2025-03-08T17:35:00,2025-03-08T15:02:40
T002686,C002098,O0013845,E0024,2025-03-20 18:56:00,Return Request,Low,Resolved,63.87,2025-03-23T10:48:12,2025-03-20T22:55:35
T002687,C002196,O0011758,E0035,2025-02-25 17:36:00,Order Cancellation,Low,Resolved,4.39,2025-02-25T21:59:24,2025-02-25T20:44:06
T002688,C002455,O0004835,E0034,2025-10-12 21:54:00,Warranty Claim,Low,Pending Customer,126.21,2025-10-18T04:06:36,2025-10-12T22:56:57
T002689,C002513,O0012673,E0054,2025-05-07 11:50:00,Account Question,Low,Resolved,4.02,2025-05-07T15:51:12,2025-05-07T15:27:39
T002690,C001257,O0005007,E0046,2025-10-27 17:19:00,Shipping Delay,Medium,Resolved,22.65,2025-10-28T15:58:00,2025-10-27T20:03:12
T002691,C002593,O0004741,E0024,2025-05-28 16:04:00,Return Request,Low,Resolved,19.27,2025-05-29T11:20:12,2025-05-28T19:07:02
T002692,C000897,O0007854,E0054,2026-01-13 23:39:00,Shipping Delay,Medium,Pending Customer,45.38,2026-01-15T21:01:48,2026-01-14T00:24:52
T002693,C000370,O0012009,E0053,2025-10-02 23:55:00,Bulk Order Quote,Medium,Resolved,138.02,2025-10-08T17:56:12,2025-10-03T02:59:56
T002694,C001200,O0005476,E0043,2025-10-05 10:24:00,Product Sizing,Low,Resolved,6.83,2025-10-05T17:13:48,2025-10-05T13:03:20
T002695,C001912,O0006214,E0048,2025-12-26 01:06:00,Return Request,Low,Open,,,2025-12-26T03:50:44
T002696,C001876,O0013107,E0006,2025-04-04 03:59:00,Account Question,High,Open,,,2025-04-04T06:44:57
T002697,C000440,O0003851,E0014,2025-02-17 05:34:00,Shipping Delay,Urgent,Pending Customer,29.41,2025-02-18T10:58:36,2025-02-17T07:14:05
T002698,C000409,O0008830,E0014,2025-06-23 14:38:00,Warranty Claim,Low,Resolved,154.98,2025-06-30T01:36:48,2025-06-23T15:44:01
T002699,C000072,O0005890,E0034,2025-10-18 10:41:00,Damaged Item,Low,Pending Customer,35.06,2025-10-19T21:44:36,2025-10-18T13:37:08
T002700,C001914,O0000642,E0034,2025-06-03 18:03:00,Damaged Item,High,Resolved,71.9,2025-06-06T17:57:00,2025-06-03T18:45:12
T002701,C000223,O0000208,E0048,2025-08-01 00:16:00,Order Cancellation,Low,Pending Customer,7.86,2025-08-01T08:07:36,2025-08-01T01:42:19
T002702,C000609,O0006428,E0026,2025-10-28 15:54:00,Warranty Claim,Low,Open,,,2025-10-28T19:48:12
T002703,C001892,O0009862,E0026,2025-05-28 21:02:00,Order Cancellation,Medium,Resolved,11.99,2025-05-29T09:01:24,2025-05-28T22:45:25
T002704,C001985,O0010863,E0024,2025-03-02 10:39:00,Shipping Delay,Medium,Escalated,16.21,2025-03-03T02:51:36,2025-03-02T12:59:27
T002705,C002033,O0006322,E0054,2025-06-27 21:58:00,Product Sizing,Low,Resolved,10.95,2025-06-28T08:55:00,2025-06-27T23:36:39
T002706,C001087,O0002077,E0046,2025-08-15 08:02:00,Bulk Order Quote,Urgent,Pending Customer,76.46,2025-08-18T12:29:36,2025-08-15T09:35:06
T002707,C002295,O0006789,E0051,2025-11-04 07:39:00,Shipping Delay,Medium,Resolved,16.91,2025-11-05T00:33:36,2025-11-04T08:38:19
T002708,C001667,O0006844,E0043,2026-01-03 20:11:00,Return Request,Low,Resolved,25.77,2026-01-04T21:57:12,2026-01-03T22:19:46
T002709,C001992,O0003556,E0019,2025-07-25 23:45:00,Shipping Delay,Medium,Pending Customer,20.21,2025-07-26T19:57:36,2025-07-26T02:24:48
T002710,C000780,O0009463,E0046,2025-03-15 09:05:00,Bulk Order Quote,Medium,Resolved,110.76,2025-03-19T23:50:36,2025-03-15T13:04:13
T002711,C000679,O0011538,E0006,2025-11-09 01:30:00,Shipping Delay,Low,Resolved,47.25,2025-11-11T00:45:00,2025-11-09T03:32:19
T002712,C001878,O0000075,E0001,2025-12-25 03:21:00,Bulk Order Quote,High,Escalated,43.81,2025-12-26T23:09:36,2025-12-25T04:44:50
T002713,C000561,O0011526,E0036,2025-03-12 02:13:00,Damaged Item,Medium,Pending Customer,21.67,2025-03-12T23:53:12,2025-03-12T03:38:25
T002714,C001871,O0010865,E0048,2025-04-06 17:28:00,Account Question,Low,Pending Customer,8.5,2025-04-07T01:58:00,2025-04-06T21:24:47
T002715,C000664,O0011722,E0035,2025-03-07 22:21:00,Return Request,Medium,Open,,,2025-03-08T01:38:02
T002716,C001991,O0007072,E0026,2025-08-14 16:07:00,Shipping Delay,Low,Resolved,56.77,2025-08-17T00:53:12,2025-08-14T19:22:26
T002717,C001520,O0008548,E0036,2025-11-07 07:39:00,Shipping Delay,Medium,Resolved,24.21,2025-11-08T07:51:36,2025-11-07T10:19:15
T002718,C002435,O0009655,E0037,2025-05-29 16:25:00,Damaged Item,Medium,Resolved,103.62,2025-06-03T00:02:12,2025-05-29T19:30:32
T002719,C001118,O0005074,E0036,2025-10-16 07:34:00,Warranty Claim,Low,Open,,,2025-10-16T09:09:37
T002720,C001715,O0000059,E0060,2025-01-26 21:34:00,Warranty Claim,Low,Resolved,113.19,2025-01-31T14:45:24,2025-01-27T01:03:04
T002721,C000743,O0005475,E0019,2025-09-04 14:51:00,Return Request,Medium,Open,,,2025-09-04T18:22:41
T002722,C001937,O0000088,E0003,2025-10-24 06:18:00,Shipping Delay,Medium,Resolved,34.21,2025-10-25T16:30:36,2025-10-24T07:50:21
T002723,C001005,O0014799,E0019,2026-01-01 09:56:00,Shipping Delay,Low,Resolved,42.93,2026-01-03T04:51:48,2026-01-01T12:53:37
T002724,C002243,O0006169,E0051,2025-06-19 06:56:00,Return Request,Low,Resolved,43.46,2025-06-21T02:23:36,2025-06-19T08:03:18
T002725,C000917,O0001591,E0035,2025-05-12 04:12:00,Shipping Delay,Low,Pending Customer,35.51,2025-05-13T15:42:36,2025-05-12T07:06:51
T002726,C002522,O0007246,E0003,2026-01-19 10:02:00,Bulk Order Quote,Low,Resolved,173.35,2026-01-26T15:23:00,2026-01-19T12:49:09
T002727,C000007,O0000230,E0034,2025-10-31 01:35:00,Return Request,Medium,Pending Customer,26.91,2025-11-01T04:29:36,2025-10-31T02:13:32
T002728,C002357,O0011548,E0019,2025-12-10 00:13:00,Order Cancellation,Low,Resolved,2.03,2025-12-10T02:14:48,2025-12-10T01:03:36
T002729,C001802,O0002657,E0018,2025-06-05 06:43:00,Return Request,Low,Resolved,70.38,2025-06-08T05:05:48,2025-06-05T08:37:27
T002730,C000051,O0002671,E0036,2025-09-18 15:14:00,Shipping Delay,Medium,Resolved,11.0,2025-09-19T02:14:00,2025-09-18T18:18:35
T002731,C002304,O0000046,E0046,2025-04-03 12:10:00,Shipping Delay,Low,Resolved,23.35,2025-04-04T11:31:00,2025-04-03T12:54:00
T002732,C000761,O0001657,E0057,2025-06-22 19:43:00,Return Request,Low,Open,,,2025-06-22T22:58:09
T002733,C000258,O0000241,E0026,2025-11-11 15:08:00,Shipping Delay,Medium,Pending Customer,24.36,2025-11-12T15:29:36,2025-11-11T16:12:39
T002734,C000370,O0003507,E0039,2025-11-11 04:51:00,Bulk Order Quote,Low,Pending Customer,94.07,2025-11-15T02:55:12,2025-11-11T07:59:16
T002735,C000549,O0006050,E0014,2025-08-18 15:19:00,Warranty Claim,Low,Resolved,49.09,2025-08-20T16:24:24,2025-08-18T15:59:43
T002736,C000620,O0011397,E0051,2025-03-29 16:07:00,Damaged Item,Low,Open,,,2025-03-29T19:47:35
T002737,C002019,O0013412,E0040,2025-04-12 04:18:00,Warranty Claim,High,Resolved,121.29,2025-04-17T05:35:24,2025-04-12T05:30:19
T002738,C000522,O0013170,E0042,2025-07-29 22:18:00,Account Question,Low,Resolved,4.81,2025-07-30T03:06:36,2025-07-30T02:01:00
T002739,C000077,O0007672,E0054,2025-11-16 14:06:00,Order Cancellation,Medium,Resolved,16.16,2025-11-17T06:15:36,2025-11-16T17:35:46
T002740,C002134,O0003197,E0034,2025-07-30 21:04:00,Account Question,Low,Resolved,2.62,2025-07-30T23:41:12,2025-07-30T23:44:50
T002741,C000672,O0010102,E0026,2026-01-06 12:19:00,Shipping Delay,Medium,Pending Customer,32.93,2026-01-07T21:14:48,2026-01-06T13:47:45
T002742,C000923,O0005382,E0034,2025-05-16 03:00:00,Return Request,High,Escalated,38.07,2025-05-17T17:04:12,2025-05-16T05:57:33
T002743,C001511,O0013169,E0042,2025-06-10 16:03:00,Damaged Item,High,Resolved,29.81,2025-06-11T21:51:36,2025-06-10T16:51:37
T002744,C000425,O0005822,E0048,2025-12-03 22:53:00,Account Question,Medium,Resolved,11.94,2025-12-04T10:49:24,2025-12-03T23:29:47
T002745,C001140,O0000919,E0039,2025-05-24 20:20:00,Product Sizing,Medium,Pending Customer,3.3,2025-05-24T23:38:00,2025-05-24T20:59:51
T002746,C000096,O0014384,E0060,2025-08-21 17:28:00,Damaged Item,Low,Resolved,51.29,2025-08-23T20:45:24,2025-08-21T20:24:07
T002747,C001326,O0005785,E0042,2025-06-21 22:46:00,Product Sizing,Low,Resolved,5.33,2025-06-22T04:05:48,2025-06-22T01:07:33
T002748,C001676,O0012523,E0040,2025-03-20 13:52:00,Damaged Item,Medium,Resolved,20.71,2025-03-21T10:34:36,2025-03-20T14:54:49
T002749,C001360,O0008295,E0001,2025-02-21 07:01:00,Warranty Claim,High,Resolved,495.03,2025-03-13T22:02:48,2025-02-21T08:51:01
T002750,C002074,O0008287,E0056,2025-05-21 23:03:00,Damaged Item,Medium,Resolved,38.14,2025-05-23T13:11:24,2025-05-22T00:40:38
T002751,C000492,O0011843,E0026,2025-11-04 00:51:00,Return Request,Medium,Resolved,22.99,2025-11-04T23:50:24,2025-11-04T04:37:33
T002752,C002033,O0009820,E0043,2025-11-12 00:33:00,Bulk Order Quote,Low,Pending Customer,43.53,2025-11-13T20:04:48,2025-11-12T04:26:41
T002753,C000824,O0000600,E0019,2025-10-27 09:23:00,Order Cancellation,Urgent,Open,,,2025-10-27T10:30:29
T002754,C002516,O0004544,E0046,2025-06-18 13:08:00,Warranty Claim,Low,Resolved,117.03,2025-06-23T10:09:48,2025-06-18T16:56:32
T002755,C002367,O0014618,E0060,2025-02-23 23:53:00,Shipping Delay,Medium,Resolved,28.9,2025-02-25T04:47:00,2025-02-24T02:11:42
T002756,C002012,O0006725,E0034,2025-08-25 01:05:00,Order Cancellation,Medium,Resolved,7.57,2025-08-25T08:39:12,2025-08-25T02:44:20
T002757,C001400,O0003844,E0026,2025-07-25 14:55:00,Product Sizing,Medium,Resolved,9.54,2025-07-26T00:27:24,2025-07-25T16:05:34
T002758,C000107,O0009757,E0051,2025-12-21 08:22:00,Account Question,Low,Resolved,8.64,2025-12-21T17:00:24,2025-12-21T10:28:04
T002759,C001088,O0006107,E0057,2025-06-20 17:52:00,Product Sizing,Low,Pending Customer,6.03,2025-06-20T23:53:48,2025-06-20T18:36:44
T002760,C002503,O0013567,E0006,2025-12-01 19:40:00,Product Sizing,High,Open,,,2025-12-01T22:35:06
T002761,C001482,O0005720,E0042,2025-04-15 16:45:00,Account Question,Medium,Pending Customer,13.66,2025-04-16T06:24:36,2025-04-15T18:32:48
T002762,C000047,O0000738,E0026,2025-04-27 03:50:00,Product Sizing,Low,Resolved,13.21,2025-04-27T17:02:36,2025-04-27T04:25:54
T002763,C002434,O0006768,E0017,2025-01-27 16:19:00,Order Cancellation,High,Resolved,2.94,2025-01-27T19:15:24,2025-01-27T19:25:27
T002764,C002304,O0007419,E0059,2025-05-25 18:18:00,Shipping Delay,Medium,Resolved,33.28,2025-05-27T03:34:48,2025-05-25T20:21:08
T002765,C002224,O0009419,E0048,2025-05-26 17:20:00,Order Cancellation,Medium,Pending Customer,17.08,2025-05-27T10:24:48,2025-05-26T19:14:08
T002766,C000766,O0010970,E0006,2025-08-28 17:26:00,Product Sizing,Medium,Resolved,12.93,2025-08-29T06:21:48,2025-08-28T18:22:31
T002767,C000775,O0013605,E0042,2026-01-01 12:25:00,Account Question,Medium,Resolved,5.94,2026-01-01T18:21:24,2026-01-01T15:44:28
T002768,C001570,O0003401,E0006,2025-10-01 17:36:00,Return Request,Medium,Resolved,43.56,2025-10-03T13:09:36,2025-10-01T21:33:28
T002769,C001749,O0013090,E0003,2025-11-19 16:22:00,Return Request,Low,Resolved,27.66,2025-11-20T20:01:36,2025-11-19T19:09:44
T002770,C001040,O0012458,E0048,2025-12-23 10:39:00,Product Sizing,Medium,Resolved,7.66,2025-12-23T18:18:36,2025-12-23T14:10:45
T002771,C001097,O0014810,E0045,2026-01-04 21:04:00,Return Request,Medium,Pending Customer,19.32,2026-01-05T16:23:12,2026-01-04T23:12:26
T002772,C001196,O0006562,E0024,2025-11-23 11:57:00,Shipping Delay,Low,Resolved,13.66,2025-11-24T01:36:36,2025-11-23T15:15:54
T002773,C002501,O0013257,E0036,2025-04-07 03:14:00,Return Request,Low,Resolved,32.86,2025-04-08T12:05:36,2025-04-07T06:09:16
T002774,C000643,O0012129,E0006,2025-02-20 11:53:00,Shipping Delay,Medium,Resolved,15.45,2025-02-21T03:20:00,2025-02-20T13:05:58
T002775,C000583,O0010412,E0036,2025-04-24 16:53:00,Return Request,Low,Resolved,48.65,2025-04-26T17:32:00,2025-04-24T18:45:10
T002776,C000937,O0002600,E0046,2025-07-20 20:42:00,Warranty Claim,High,Escalated,102.67,2025-07-25T03:22:12,2025-07-20T22:53:08
T002777,C001901,O0000628,E0046,2025-07-26 02:53:00,Damaged Item,Low,Resolved,103.75,2025-07-30T10:38:00,2025-07-26T04:45:10
T002778,C002376,O0004759,E0060,2025-08-26 16:43:00,Damaged Item,Low,Resolved,38.22,2025-08-28T06:56:12,2025-08-26T20:12:54
T002779,C001320,O0003891,E0043,2025-02-18 05:09:00,Damaged Item,Low,Pending Customer,68.56,2025-02-21T01:42:36,2025-02-18T08:33:56
T002780,C000192,O0011290,E0037,2025-04-14 19:46:00,Order Cancellation,Medium,Resolved,9.68,2025-04-15T05:26:48,2025-04-14T21:38:56
T002781,C000929,O0002831,E0051,2025-08-12 11:53:00,Damaged Item,Medium,Resolved,41.42,2025-08-14T05:18:12,2025-08-12T15:28:29
T002782,C000588,O0004010,E0007,2025-06-21 14:59:00,Product Sizing,Medium,Open,,,2025-06-21T18:11:12
T002783,C000819,O0012369,E0014,2025-05-07 18:58:00,Shipping Delay,Low,Resolved,12.43,2025-05-08T07:23:48,2025-05-07T21:04:31
T002784,C000140,O0005765,E0042,2025-12-31 03:37:00,Product Sizing,Medium,Resolved,4.9,2025-12-31T08:31:00,2025-12-31T04:17:27
T002785,C002269,O0009218,E0017,2026-01-25 18:37:00,Shipping Delay,Low,Open,,,2026-01-25T19:52:53
T002786,C001594,O0006542,E0039,2025-08-03 19:46:00,Shipping Delay,Medium,Pending Customer,22.09,2025-08-04T17:51:24,2025-08-03T22:48:13
T002787,C001855,O0009799,E0040,2025-08-27 22:13:00,Return Request,Medium,Resolved,39.42,2025-08-29T13:38:12,2025-08-28T00:56:16
T002788,C001651,O0006261,E0057,2026-01-20 17:44:00,Account Question,Low,Resolved,12.53,2026-01-21T06:15:48,2026-01-20T21:22:17
T002789,C000157,O0002326,E0034,2025-10-21 04:58:00,Damaged Item,Low,Resolved,70.08,2025-10-24T03:02:48,2025-10-21T05:34:36
T002790,C002508,O0007383,E0034,2025-05-24 17:04:00,Return Request,Medium,Resolved,57.77,2025-05-27T02:50:12,2025-05-24T17:42:03
T002791,C000275,O0012943,E0048,2025-06-19 22:42:00,Order Cancellation,Low,Resolved,2.81,2025-06-20T01:30:36,2025-06-20T01:39:03
T002792,C001355,O0011638,E0020,2025-05-24 20:10:00,Order Cancellation,Low,Resolved,5.78,2025-05-25T01:56:48,2025-05-24T22:55:10
T002793,C000669,O0007703,E0060,2025-04-22 11:34:00,Warranty Claim,Medium,Resolved,50.33,2025-04-24T13:53:48,2025-04-22T13:24:16
T002794,C002294,O0002451,E0006,2025-06-15 10:28:00,Product Sizing,Medium,Resolved,4.79,2025-06-15T15:15:24,2025-06-15T11:55:19
T002795,C001320,O0000398,E0019,2025-11-19 05:05:00,Product Sizing,Medium,Resolved,17.4,2025-11-19T22:29:00,2025-11-19T06:47:13
T002796,C000205,O0013236,E0042,2025-02-25 02:21:00,Shipping Delay,Urgent,Resolved,10.25,2025-02-25T12:36:00,2025-02-25T05:42:19
T002797,C000857,O0006436,E0026,2025-10-14 13:24:00,Account Question,High,Open,,,2025-10-14T17:21:19
T002798,C001790,O0005885,E0043,2025-07-24 23:37:00,Shipping Delay,Medium,Resolved,47.08,2025-07-26T22:41:48,2025-07-25T02:34:21
T002799,C001623,O0010350,E0051,2025-10-05 08:20:00,Account Question,Medium,Resolved,7.12,2025-10-05T15:27:12,2025-10-05T09:01:15
T002800,C000029,O0003551,E0008,2025-11-06 14:50:00,Bulk Order Quote,Medium,Pending Customer,113.06,2025-11-11T07:53:36,2025-11-06T18:23:13
T002801,C002169,O0001176,E0001,2025-12-25 07:25:00,Order Cancellation,High,Pending Customer,1.77,2025-12-25T09:11:12,2025-12-25T09:02:53
T002802,C000734,O0014034,E0060,2025-01-13 17:09:00,Return Request,Medium,Resolved,16.03,2025-01-14T09:10:48,2025-01-13T21:02:52
T002803,C000517,O0014491,E0053,2025-08-19 00:10:00,Shipping Delay,Medium,Resolved,13.35,2025-08-19T13:31:00,2025-08-19T00:53:16
T002804,C001544,O0009266,E0019,2025-09-22 14:09:00,Product Sizing,Medium,Pending Customer,12.97,2025-09-23T03:07:12,2025-09-22T17:20:45
T002805,C000543,O0011753,E0019,2025-01-30 21:42:00,Warranty Claim,Low,Pending Customer,151.03,2025-02-06T04:43:48,2025-01-30T22:40:17
T002806,C000611,O0011748,E0039,2025-10-07 01:50:00,Return Request,Medium,Resolved,50.95,2025-10-09T04:47:00,2025-10-07T02:24:44
T002807,C002354,O0005053,E0056,2025-05-09 01:50:00,Bulk Order Quote,Medium,Resolved,65.19,2025-05-11T19:01:24,2025-05-09T05:15:14
T002808,C000894,O0000330,E0024,2025-09-28 21:51:00,Return Request,Low,Resolved,16.99,2025-09-29T14:50:24,2025-09-28T22:29:15
T002809,C001623,O0012686,E0040,2025-02-28 07:26:00,Shipping Delay,Low,Resolved,20.71,2025-03-01T04:08:36,2025-02-28T09:31:07
T002810,C001659,O0001150,E0046,2025-03-07 11:37:00,Damaged Item,High,Escalated,19.97,2025-03-08T07:35:12,2025-03-07T12:08:08
T002811,C001015,O0014447,E0060,2025-02-17 07:49:00,Bulk Order Quote,Low,Escalated,56.25,2025-02-19T16:04:00,2025-02-17T08:25:42
T002812,C002089,O0014929,E0007,2025-11-21 12:20:00,Account Question,Medium,Resolved,5.48,2025-11-21T17:48:48,2025-11-21T14:36:30
T002813,C002342,O0013281,E0057,2025-05-06 09:47:00,Shipping Delay,Low,Resolved,9.65,2025-05-06T19:26:00,2025-05-06T11:43:41
T002814,C002443,O0000470,E0007,2025-12-25 21:38:00,Warranty Claim,High,Resolved,114.37,2025-12-30T16:00:12,2025-12-25T23:50:43
T002815,C000231,O0013089,E0051,2025-08-28 06:59:00,Damaged Item,Low,Resolved,85.71,2025-08-31T20:41:36,2025-08-28T09:52:57
T002816,C002496,O0002060,E0034,2025-02-20 16:15:00,Order Cancellation,Low,Resolved,3.59,2025-02-20T19:50:24,2025-02-20T17:15:16
T002817,C000672,O0011677,E0019,2025-08-10 10:23:00,Return Request,Low,Resolved,56.69,2025-08-12T19:04:24,2025-08-10T12:38:21
T002818,C001292,O0002033,E0057,2026-02-09 16:17:00,Warranty Claim,Medium,Resolved,394.85,2026-02-26T03:08:00,2026-02-09T17:17:19
T002819,C001114,O0003674,E0056,2025-11-16 03:07:00,Damaged Item,Medium,Escalated,24.6,2025-11-17T03:43:00,2025-11-16T06:53:31
T002820,C001068,O0002892,E0040,2025-10-16 12:38:00,Account Question,Low,Resolved,4.53,2025-10-16T17:09:48,2025-10-16T15:11:38
T002821,C000049,O0007437,E0030,2025-09-05 11:48:00,Account Question,Medium,Resolved,15.17,2025-09-06T02:58:12,2025-09-05T12:22:35
T002822,C001766,O0006104,E0042,2025-02-24 10:44:00,Bulk Order Quote,Medium,Resolved,31.65,2025-02-25T18:23:00,2025-02-24T13:28:17
T002823,C002426,O0002089,E0042,2025-09-07 19:19:00,Shipping Delay,Low,Resolved,52.31,2025-09-09T23:37:36,2025-09-07T20:07:26
T002824,C000823,O0004494,E0057,2025-03-27 20:43:00,Warranty Claim,Low,Open,,,2025-03-27T23:30:06
T002825,C000676,O0013286,E0026,2025-12-13 05:58:00,Warranty Claim,Low,Resolved,41.12,2025-12-14T23:05:12,2025-12-13T08:46:06
T002826,C001725,O0003654,E0057,2025-05-09 11:59:00,Damaged Item,Medium,Resolved,126.71,2025-05-14T18:41:36,2025-05-09T15:05:04
T002827,C001380,O0001907,E0026,2025-05-15 22:57:00,Shipping Delay,High,Resolved,12.5,2025-05-16T11:27:00,2025-05-16T01:15:59
T002828,C001635,O0009652,E0060,2025-05-19 07:33:00,Shipping Delay,High,Pending Customer,72.77,2025-05-22T08:19:12,2025-05-19T09:05:14
T002829,C001147,O0003758,E0046,2025-04-16 13:38:00,Warranty Claim,Low,Resolved,64.06,2025-04-19T05:41:36,2025-04-16T14:54:52
T002830,C001722,O0012787,E0060,2025-11-12 18:59:00,Damaged Item,Medium,Resolved,85.43,2025-11-16T08:24:48,2025-11-12T22:16:41
T002831,C001068,O0012463,E0060,2025-03-02 14:21:00,Return Request,High,Resolved,40.8,2025-03-04T07:09:00,2025-03-02T15:52:42
T002832,C002532,O0005978,E0014,2025-03-24 21:19:00,Damaged Item,High,Resolved,30.28,2025-03-26T03:35:48,2025-03-24T22:55:14
T002833,C002515,O0012104,E0037,2025-05-01 10:25:00,Shipping Delay,Low,Escalated,25.74,2025-05-02T12:09:24,2025-05-01T13:29:13
T002834,C001394,O0012159,E0003,2025-06-06 19:38:00,Return Request,Low,Resolved,38.58,2025-06-08T10:12:48,2025-06-06T20:21:55
T002835,C002497,O0013699,E0019,2025-03-04 01:24:00,Return Request,Medium,Escalated,41.11,2025-03-05T18:30:36,2025-03-04T03:23:01
T002836,C001176,O0009478,E0048,2025-03-19 09:49:00,Shipping Delay,Medium,Resolved,23.1,2025-03-20T08:55:00,2025-03-19T12:28:11
T002837,C000390,O0011198,E0042,2025-08-20 11:09:00,Damaged Item,Low,Resolved,53.79,2025-08-22T16:56:24,2025-08-20T14:58:53
T002838,C001084,O0010980,E0028,2025-10-16 01:44:00,Shipping Delay,Low,Resolved,47.69,2025-10-18T01:25:24,2025-10-16T04:27:49
T002839,C002171,O0011879,E0059,2026-01-28 15:58:00,Damaged Item,Low,Resolved,99.08,2026-02-01T19:02:48,2026-01-28T17:16:21
T002840,C001648,O0013173,E0060,2025-04-15 17:40:00,Damaged Item,Low,Resolved,106.49,2025-04-20T04:09:24,2025-04-15T18:48:28
T002841,C001750,O0006898,E0051,2025-04-07 14:36:00,Return Request,Low,Resolved,43.84,2025-04-09T10:26:24,2025-04-07T18:01:06
T002842,C000321,O0012715,E0006,2026-01-03 19:26:00,Order Cancellation,High,Resolved,3.65,2026-01-03T23:05:00,2026-01-03T20:43:57
T002843,C000596,O0009943,E0060,2025-02-18 14:15:00,Damaged Item,Medium,Resolved,27.71,2025-02-19T17:57:36,2025-02-18T15:41:28
T002844,C001333,O0011849,E0043,2025-11-26 06:53:00,Shipping Delay,Medium,Resolved,50.97,2025-11-28T09:51:12,2025-11-26T09:41:32
T002845,C000158,O0007698,E0048,2025-10-01 10:48:00,Return Request,Low,Open,,,2025-10-01T12:29:04
T002846,C000642,O0003291,E0019,2025-08-10 07:22:00,Bulk Order Quote,Low,Resolved,77.53,2025-08-13T12:53:48,2025-08-10T09:05:38
T002847,C001604,O0002143,E0019,2025-05-16 14:10:00,Account Question,High,Open,,,2025-05-16T17:55:46
T002848,C001690,O0003311,E0024,2025-09-01 16:39:00,Warranty Claim,Low,Resolved,61.61,2025-09-04T06:15:36,2025-09-01T18:41:43
T002849,C000768,O0008891,E0026,2025-05-27 15:43:00,Bulk Order Quote,Low,Pending Customer,76.52,2025-05-30T20:14:12,2025-05-27T19:38:35
T002850,C000111,O0001420,E0035,2025-07-10 04:56:00,Return Request,Low,Resolved,76.08,2025-07-13T09:00:48,2025-07-10T08:49:44
T002851,C001866,O0012118,E0006,2025-04-28 00:29:00,Account Question,Medium,Pending Customer,5.47,2025-04-28T05:57:12,2025-04-28T02:12:01
T002852,C001776,O0008514,E0057,2025-02-28 09:19:00,Return Request,Low,Resolved,42.12,2025-03-02T03:26:12,2025-02-28T09:50:27
T002853,C001874,O0008472,E0040,2025-04-20 12:52:00,Order Cancellation,Low,Resolved,2.11,2025-04-20T14:58:36,2025-04-20T13:56:28
T002854,C002558,O0008696,E0048,2025-11-28 21:34:00,Damaged Item,Medium,Resolved,48.48,2025-11-30T22:02:48,2025-11-29T00:04:50
T002855,C001215,O0014040,E0046,2025-02-05 21:55:00,Damaged Item,High,Resolved,107.87,2025-02-10T09:47:12,2025-02-05T22:44:03
T002856,C000704,O0001092,E0043,2025-10-17 01:48:00,Product Sizing,Low,Resolved,4.31,2025-10-17T06:06:36,2025-10-17T02:25:55
T002857,C002559,O0006354,E0026,2025-07-07 04:40:00,Order Cancellation,Low,Resolved,9.31,2025-07-07T13:58:36,2025-07-07T06:26:11
T002858,C001369,O0004921,E0039,2025-05-14 03:50:00,Shipping Delay,Medium,Resolved,12.24,2025-05-14T16:04:24,2025-05-14T05:33:46
T002859,C000761,O0014567,E0059,2025-04-23 08:43:00,Account Question,Medium,Resolved,12.12,2025-04-23T20:50:12,2025-04-23T11:03:18
T002860,C002346,O0003553,E0051,2025-03-24 15:14:00,Product Sizing,High,Resolved,11.84,2025-03-25T03:04:24,2025-03-24T16:43:05
T002861,C001123,O0007567,E0018,2025-03-20 06:04:00,Warranty Claim,Low,Resolved,137.47,2025-03-25T23:32:12,2025-03-20T08:06:51
T002862,C002520,O0010684,E0039,2025-02-09 21:23:00,Shipping Delay,High,Open,,,2025-02-10T00:02:12
T002863,C001798,O0000914,E0022,2025-03-03 08:07:00,Warranty Claim,Low,Resolved,213.48,2025-03-12T05:35:48,2025-03-03T09:12:37
T002864,C002588,O0008900,E0048,2025-03-20 20:26:00,Shipping Delay,Low,Pending Customer,8.35,2025-03-21T04:47:00,2025-03-20T21:26:23
T002865,C001136,O0011669,E0017,2025-07-17 18:54:00,Order Cancellation,Medium,Escalated,2.13,2025-07-17T21:01:48,2025-07-17T22:04:25
T002866,C000135,O0011442,E0042,2025-06-24 11:05:00,Product Sizing,Medium,Resolved,8.44,2025-06-24T19:31:24,2025-06-24T13:54:18
T002867,C002042,O0001859,E0051,2025-09-24 08:01:00,Shipping Delay,Medium,Resolved,17.0,2025-09-25T01:01:00,2025-09-24T10:51:50
T002868,C000730,O0014503,E0039,2025-07-20 15:32:00,Product Sizing,Low,Resolved,11.05,2025-07-21T02:35:00,2025-07-20T19:25:30
T002869,C001246,O0013749,E0048,2025-07-25 09:30:00,Bulk Order Quote,Low,Resolved,38.73,2025-07-27T00:13:48,2025-07-25T12:05:41
T002870,C002304,O0000046,E0051,2025-03-28 19:10:00,Return Request,Low,Resolved,22.24,2025-03-29T17:24:24,2025-03-28T22:57:29
T002871,C001062,O0001461,E0024,2025-10-03 14:11:00,Shipping Delay,Medium,Resolved,60.68,2025-10-06T02:51:48,2025-10-03T17:48:34
T002872,C000924,O0010091,E0051,2025-10-23 11:53:00,Shipping Delay,Low,Resolved,48.71,2025-10-25T12:35:36,2025-10-23T15:29:13
T002873,C001436,O0002044,E0043,2025-10-29 12:30:00,Damaged Item,Urgent,Resolved,12.83,2025-10-30T01:19:48,2025-10-29T14:28:25
T002874,C000051,O0005370,E0006,2025-12-12 15:53:00,Product Sizing,Low,Resolved,4.25,2025-12-12T20:08:00,2025-12-12T16:24:45
T002875,C000290,O0001200,E0014,2025-04-15 08:12:00,Account Question,High,Resolved,7.47,2025-04-15T15:40:12,2025-04-15T12:09:03
T002876,C000616,O0009858,E0004,2025-11-17 09:50:00,Product Sizing,High,Resolved,19.81,2025-11-18T05:38:36,2025-11-17T12:04:07
T002877,C000187,O0007961,E0019,2025-04-07 18:31:00,Shipping Delay,Low,Escalated,16.28,2025-04-08T10:47:48,2025-04-07T22:01:26
T002878,C000594,O0002160,E0024,2025-05-05 06:57:00,Order Cancellation,Medium,Resolved,1.94,2025-05-05T08:53:24,2025-05-05T09:23:24
T002879,C002110,O0012774,E0040,2025-09-18 09:11:00,Bulk Order Quote,Medium,Resolved,190.93,2025-09-26T08:06:48,2025-09-18T12:48:40
T002880,C001330,O0008014,E0059,2025-05-29 23:29:00,Product Sizing,Medium,Resolved,5.69,2025-05-30T05:10:24,2025-05-30T00:15:45
T002881,C002514,O0013000,E0046,2025-05-12 06:23:00,Return Request,Medium,Resolved,57.26,2025-05-14T15:38:36,2025-05-12T10:06:16
T002882,C001693,O0007802,E0014,2025-04-23 01:56:00,Warranty Claim,Medium,Pending Customer,93.54,2025-04-26T23:28:24,2025-04-23T02:39:30
T002883,C002450,O0006669,E0042,2025-12-16 03:51:00,Return Request,High,Resolved,71.05,2025-12-19T02:54:00,2025-12-16T07:10:48
T002884,C000176,O0004680,E0039,2025-03-18 21:24:00,Bulk Order Quote,Medium,Resolved,60.91,2025-03-21T10:18:36,2025-03-19T00:00:54
T002885,C000495,O0005884,E0048,2025-06-03 00:43:00,Shipping Delay,Medium,Pending Customer,27.42,2025-06-04T04:08:12,2025-06-03T01:16:54
T002886,C001347,O0003604,E0020,2025-10-01 23:22:00,Return Request,Low,Resolved,8.64,2025-10-02T08:00:24,2025-10-01T23:59:38
T002887,C000077,O0009371,E0043,2025-03-12 15:41:00,Account Question,Medium,Resolved,8.7,2025-03-13T00:23:00,2025-03-12T17:26:16
T002888,C000957,O0013767,E0019,2025-10-20 04:04:00,Shipping Delay,High,Resolved,66.67,2025-10-22T22:44:12,2025-10-20T05:45:29
T002889,C002343,O0001184,E0057,2025-07-17 13:18:00,Return Request,Low,Resolved,21.66,2025-07-18T10:57:36,2025-07-17T16:44:49
T002890,C001936,O0014958,E0040,2025-04-28 12:05:00,Account Question,Low,Escalated,8.08,2025-04-28T20:09:48,2025-04-28T13:26:38
T002891,C001221,O0010586,E0046,2025-10-22 06:57:00,Shipping Delay,Medium,Resolved,10.09,2025-10-22T17:02:24,2025-10-22T08:24:46
T002892,C000787,O0009084,E0040,2025-04-23 19:30:00,Return Request,Medium,Pending Customer,47.35,2025-04-25T18:51:00,2025-04-23T21:26:41
T002893,C002132,O0007813,E0024,2025-03-31 06:44:00,Account Question,Medium,Open,,,2025-03-31T08:57:22
T002894,C001521,O0011521,E0014,2025-05-13 18:58:00,Product Sizing,Low,Pending Customer,9.16,2025-05-14T04:07:36,2025-05-13T22:02:14
T002895,C002138,O0012432,E0024,2025-11-21 05:24:00,Return Request,Medium,Resolved,78.95,2025-11-24T12:21:00,2025-11-21T06:29:30
T002896,C001297,O0000425,E0003,2025-03-05 02:53:00,Damaged Item,Low,Pending Customer,41.72,2025-03-06T20:36:12,2025-03-05T04:49:58
T002897,C002472,O0003030,E0057,2025-11-07 20:13:00,Shipping Delay,Low,Resolved,12.51,2025-11-08T08:43:36,2025-11-08T00:07:13
T002898,C002226,O0004618,E0003,2025-09-16 17:12:00,Return Request,Low,Resolved,36.22,2025-09-18T05:25:12,2025-09-16T20:10:44
T002899,C000319,O0004449,E0057,2025-12-01 08:49:00,Return Request,Medium,Pending Customer,66.81,2025-12-04T03:37:36,2025-12-01T11:26:37
T002900,C000781,O0009815,E0057,2025-02-28 12:23:00,Shipping Delay,Medium,Resolved,25.15,2025-03-01T13:32:00,2025-02-28T14:11:36
T002901,C002133,O0000850,E0057,2025-10-02 04:31:00,Product Sizing,Medium,Pending Customer,5.49,2025-10-02T10:00:24,2025-10-02T07:17:21
T002902,C001354,O0010678,E0006,2025-04-26 19:56:00,Shipping Delay,Medium,Resolved,14.46,2025-04-27T10:23:36,2025-04-26T20:29:56
T002903,C001549,O0001188,E0006,2025-04-30 20:21:00,Bulk Order Quote,Low,Escalated,61.08,2025-05-03T09:25:48,2025-04-30T21:52:24
T002904,C001744,O0005299,E0048,2025-06-25 16:30:00,Shipping Delay,Low,Resolved,58.17,2025-06-28T02:40:12,2025-06-25T20:13:18
T002905,C002013,O0013784,E0048,2025-07-04 19:40:00,Bulk Order Quote,Medium,Resolved,52.93,2025-07-07T00:35:48,2025-07-04T22:39:44
T002906,C001720,O0012707,E0046,2025-12-30 21:10:00,Shipping Delay,High,Resolved,28.93,2026-01-01T02:05:48,2025-12-30T21:40:03
T002907,C000594,O0002756,E0042,2025-10-09 01:17:00,Damaged Item,Medium,Resolved,21.52,2025-10-09T22:48:12,2025-10-09T03:26:56
T002908,C002031,O0012350,E0006,2025-05-25 11:26:00,Warranty Claim,Low,Resolved,55.08,2025-05-27T18:30:48,2025-05-25T14:10:34
T002909,C002155,O0004902,E0026,2025-03-12 21:05:00,Return Request,Medium,Resolved,43.75,2025-03-14T16:50:00,2025-03-12T23:23:16
T002910,C002521,O0006653,E0046,2025-08-02 08:24:00,Shipping Delay,Low,Resolved,9.97,2025-08-02T18:22:12,2025-08-02T12:04:32
T002911,C000494,O0010003,E0045,2025-07-16 00:32:00,Order Cancellation,Low,Resolved,1.96,2025-07-16T02:29:36,2025-07-16T01:04:40
T002912,C000450,O0011444,E0048,2026-01-06 22:35:00,Return Request,Low,Resolved,64.23,2026-01-09T14:48:48,2026-01-07T01:03:49
T002913,C001021,O0006801,E0043,2025-03-16 23:24:00,Product Sizing,Low,Resolved,18.89,2025-03-17T18:17:24,2025-03-17T00:25:59
T002914,C001003,O0009533,E0026,2025-05-22 13:25:00,Shipping Delay,Medium,Resolved,27.81,2025-05-23T17:13:36,2025-05-22T14:30:41
T002915,C001306,O0003528,E0019,2025-10-06 01:01:00,Product Sizing,Medium,Pending Customer,3.62,2025-10-06T04:38:12,2025-10-06T04:11:27
T002916,C001931,O0012187,E0057,2026-01-13 09:19:00,Return Request,Low,Resolved,25.7,2026-01-14T11:01:00,2026-01-13T13:18:21
T002917,C001888,O0004864,E0060,2025-03-06 17:16:00,Product Sizing,Low,Resolved,17.6,2025-03-07T10:52:00,2025-03-06T18:44:34
T002918,C000491,O0012210,E0057,2025-05-04 14:07:00,Shipping Delay,Medium,Open,,,2025-05-04T16:51:33
T002919,C001401,O0000079,E0024,2025-03-27 02:28:00,Product Sizing,Low,Resolved,11.54,2025-03-27T14:00:24,2025-03-27T05:49:50
T002920,C001948,O0002495,E0046,2025-07-02 15:12:00,Shipping Delay,Low,Resolved,106.96,2025-07-07T02:09:36,2025-07-02T17:09:54
T002921,C000696,O0012987,E0039,2026-01-08 10:33:00,Shipping Delay,Low,Pending Customer,7.04,2026-01-08T17:35:24,2026-01-08T12:26:06
T002922,C002027,O0012139,E0060,2025-06-18 02:35:00,Return Request,Medium,Resolved,38.98,2025-06-19T17:33:48,2025-06-18T06:13:13
T002923,C000374,O0014238,E0042,2025-03-08 13:31:00,Damaged Item,High,Open,,,2025-03-08T17:29:03
T002924,C001560,O0007708,E0024,2025-08-01 22:50:00,Product Sizing,Medium,Resolved,9.16,2025-08-02T07:59:36,2025-08-02T02:06:27
T002925,C000645,O0007404,E0024,2025-02-07 02:15:00,Bulk Order Quote,Low,Resolved,53.55,2025-02-09T07:48:00,2025-02-07T04:21:48
T002926,C000809,O0005786,E0057,2025-12-02 03:24:00,Order Cancellation,Medium,Escalated,2.84,2025-12-02T06:14:24,2025-12-02T06:11:02
T002927,C001058,O0013001,E0026,2025-05-29 07:13:00,Return Request,Medium,Resolved,79.52,2025-06-01T14:44:12,2025-05-29T08:04:57
T002928,C000138,O0002583,E0051,2025-12-06 17:11:00,Account Question,Medium,Resolved,4.52,2025-12-06T21:42:12,2025-12-06T19:51:47
T002929,C000223,O0000208,E0024,2025-08-03 21:16:00,Shipping Delay,Low,Resolved,31.8,2025-08-05T05:04:00,2025-08-03T22:27:25
T002930,C001944,O0012263,E0028,2025-02-18 11:05:00,Return Request,Low,Pending Customer,12.88,2025-02-18T23:57:48,2025-02-18T13:22:31
T002931,C001712,O0002967,E0042,2025-06-23 23:56:00,Product Sizing,Low,Resolved,10.81,2025-06-24T10:44:36,2025-06-24T02:14:49
T002932,C001949,O0006660,E0060,2025-07-23 18:18:00,Return Request,Low,Resolved,12.45,2025-07-24T06:45:00,2025-07-23T21:09:23
T002933,C001930,O0009631,E0039,2025-02-22 11:31:00,Return Request,Low,Resolved,34.83,2025-02-23T22:20:48,2025-02-22T14:04:11
T002934,C002529,O0012479,E0048,2025-08-30 16:23:00,Return Request,Medium,Resolved,14.79,2025-08-31T07:10:24,2025-08-30T17:32:43
T002935,C000788,O0001080,E0019,2025-05-08 20:42:00,Shipping Delay,High,Resolved,50.82,2025-05-10T23:31:12,2025-05-09T00:15:57
T002936,C000532,O0013301,E0060,2025-03-08 19:39:00,Return Request,Medium,Resolved,50.08,2025-03-10T21:43:48,2025-03-08T20:53:00
T002937,C001523,O0013691,E0051,2025-06-14 05:55:00,Order Cancellation,Medium,Open,,,2025-06-14T08:03:36
T002938,C002273,O0013799,E0060,2025-08-02 15:02:00,Shipping Delay,Medium,Resolved,20.09,2025-08-03T11:07:24,2025-08-02T16:38:15
T002939,C002576,O0007324,E0014,2025-12-01 18:30:00,Account Question,Low,Resolved,5.76,2025-12-02T00:15:36,2025-12-01T21:04:14
T002940,C001449,O0011760,E0026,2025-07-07 18:16:00,Bulk Order Quote,Low,Resolved,45.7,2025-07-09T15:58:00,2025-07-07T20:29:38
T002941,C000939,O0008431,E0004,2025-05-26 02:28:00,Product Sizing,Low,Resolved,4.69,2025-05-26T07:09:24,2025-05-26T03:04:19
T002942,C000203,O0010210,E0003,2025-01-28 02:13:00,Account Question,Medium,Resolved,12.02,2025-01-28T14:14:12,2025-01-28T03:36:35
T002943,C000515,O0006949,E0003,2025-08-18 04:04:00,Warranty Claim,Urgent,Pending Customer,76.61,2025-08-21T08:40:36,2025-08-18T06:20:14
T002944,C000882,O0001516,E0043,2025-05-12 17:36:00,Order Cancellation,Medium,Resolved,2.4,2025-05-12T20:00:00,2025-05-12T18:35:26
T002945,C000689,O0005135,E0036,2025-04-10 10:15:00,Damaged Item,Low,Resolved,26.5,2025-04-11T12:45:00,2025-04-10T11:28:49
T002946,C002507,O0004520,E0060,2025-09-19 19:21:00,Order Cancellation,Low,Pending Customer,2.13,2025-09-19T21:28:48,2025-09-19T20:36:27
T002947,C000752,O0004023,E0051,2025-12-24 17:37:00,Account Question,Medium,Pending Customer,6.14,2025-12-24T23:45:24,2025-12-24T19:50:38
T002948,C002431,O0003215,E0019,2025-11-12 20:07:00,Shipping Delay,Medium,Pending Customer,34.99,2025-11-14T07:06:24,2025-11-12T21:55:15
T002949,C001518,O0014033,E0009,2025-04-25 03:56:00,Product Sizing,Medium,Resolved,11.38,2025-04-25T15:18:48,2025-04-25T07:46:58
T002950,C001016,O0004109,E0039,2025-12-09 13:59:00,Bulk Order Quote,Low,Escalated,64.13,2025-12-12T06:06:48,2025-12-09T17:56:51
T002951,C000350,O0011695,E0040,2025-12-22 21:22:00,Order Cancellation,Low,Pending Customer,8.04,2025-12-23T05:24:24,2025-12-23T00:08:24
T002952,C000112,O0000382,E0039,2025-05-21 12:40:00,Order Cancellation,Low,Resolved,5.61,2025-05-21T18:16:36,2025-05-21T16:21:40
T002953,C000376,O0005517,E0026,2025-09-02 06:45:00,Shipping Delay,High,Resolved,19.59,2025-09-03T02:20:24,2025-09-02T10:19:03
T002954,C000386,O0006348,E0042,2026-01-13 23:10:00,Account Question,High,Resolved,4.43,2026-01-14T03:35:48,2026-01-14T02:20:36
T002955,C000144,O0003430,E0046,2025-02-27 17:21:00,Bulk Order Quote,Medium,Resolved,245.91,2025-03-09T23:15:36,2025-02-27T20:06:00
T002956,C000670,O0001672,E0042,2025-11-26 19:06:00,Product Sizing,Medium,Resolved,2.69,2025-11-26T21:47:24,2025-11-26T20:54:17
T002957,C000381,O0008745,E0046,2025-04-17 17:08:00,Return Request,Medium,Resolved,27.67,2025-04-18T20:48:12,2025-04-17T18:08:55
T002958,C001097,O0014810,E0039,2026-01-25 19:04:00,Product Sizing,High,Resolved,3.4,2026-01-25T22:28:00,2026-01-25T20:08:35
T002959,C000856,O0008989,E0008,2025-10-17 02:14:00,Bulk Order Quote,Medium,Resolved,68.86,2025-10-19T23:05:36,2025-10-17T04:28:08
T002960,C000552,O0007940,E0019,2025-07-12 12:36:00,Bulk Order Quote,Low,Resolved,89.1,2025-07-16T05:42:00,2025-07-12T14:54:12
T002961,C001399,O0014761,E0006,2025-03-08 02:25:00,Warranty Claim,High,Open,,,2025-03-08T05:00:20
T002962,C002141,O0001259,E0014,2025-06-02 01:29:00,Bulk Order Quote,Medium,Resolved,53.35,2025-06-04T06:50:00,2025-06-02T03:29:17
T002963,C001873,O0010381,E0004,2025-06-28 11:55:00,Return Request,Low,Resolved,28.13,2025-06-29T16:02:48,2025-06-28T13:41:26
T002964,C001113,O0004461,E0046,2025-12-03 16:05:00,Damaged Item,Low,Open,,,2025-12-03T19:53:24
T002965,C000961,O0002125,E0034,2025-07-17 19:06:00,Order Cancellation,High,Pending Customer,4.63,2025-07-17T23:43:48,2025-07-17T20:34:48
T002966,C000724,O0013992,E0006,2025-07-25 16:21:00,Return Request,Medium,Open,,,2025-07-25T18:36:06
T002967,C000429,O0011060,E0008,2025-08-19 22:49:00,Shipping Delay,Low,Resolved,56.81,2025-08-22T07:37:36,2025-08-19T23:53:00
T002968,C002246,O0006356,E0024,2025-12-27 01:13:00,Shipping Delay,Low,Resolved,19.67,2025-12-27T20:53:12,2025-12-27T03:24:53
T002969,C001723,O0005345,E0042,2025-06-07 18:12:00,Account Question,Medium,Resolved,2.88,2025-06-07T21:04:48,2025-06-07T18:50:51
T002970,C002423,O0012511,E0060,2025-12-13 09:01:00,Bulk Order Quote,High,Pending Customer,62.31,2025-12-15T23:19:36,2025-12-13T11:49:03
T002971,C000251,O0011917,E0040,2025-03-19 00:27:00,Product Sizing,Medium,Resolved,11.71,2025-03-19T12:09:36,2025-03-19T02:31:38
T002972,C001553,O0002477,E0019,2025-12-22 15:16:00,Product Sizing,High,Open,,,2025-12-22T19:14:40
T002973,C001501,O0003092,E0045,2025-08-20 06:55:00,Account Question,Low,Resolved,6.81,2025-08-20T13:43:36,2025-08-20T10:44:33
T002974,C000464,O0011495,E0048,2025-05-29 10:06:00,Shipping Delay,Medium,Resolved,84.79,2025-06-01T22:53:24,2025-05-29T10:59:39
T002975,C001391,O0012096,E0006,2025-07-10 08:38:00,Damaged Item,Low,Resolved,63.0,2025-07-12T23:38:00,2025-07-10T11:50:58
T002976,C001422,O0002000,E0003,2025-04-05 15:54:00,Product Sizing,Low,Resolved,4.22,2025-04-05T20:07:12,2025-04-05T19:03:25
T002977,C001401,O0000079,E0043,2025-02-15 20:28:00,Product Sizing,Medium,Pending Customer,2.19,2025-02-15T22:39:24,2025-02-15T22:18:38
T002978,C002181,O0008266,E0014,2025-10-19 04:16:00,Warranty Claim,Low,Pending Customer,113.98,2025-10-23T22:14:48,2025-10-19T07:06:12
T002979,C002440,O0000969,E0042,2025-03-27 05:18:00,Order Cancellation,Medium,Resolved,6.13,2025-03-27T11:25:48,2025-03-27T07:23:08
T002980,C001538,O0004482,E0039,2025-04-04 16:50:00,Order Cancellation,Low,Resolved,5.79,2025-04-04T22:37:24,2025-04-04T20:36:53
T002981,C001867,O0014319,E0043,2025-07-18 03:56:00,Product Sizing,High,Resolved,5.95,2025-07-18T09:53:00,2025-07-18T06:03:24
T002982,C000365,O0010606,E0042,2025-03-25 22:03:00,Damaged Item,Medium,Resolved,54.59,2025-03-28T04:38:24,2025-03-25T22:55:33
T002983,C001806,O0000542,E0024,2025-11-14 05:51:00,Warranty Claim,Medium,Resolved,146.67,2025-11-20T08:31:12,2025-11-14T07:01:02
T002984,C000225,O0014445,E0024,2025-08-06 22:40:00,Shipping Delay,Low,Resolved,7.34,2025-08-07T06:00:24,2025-08-06T23:19:38
T002985,C000137,O0008476,E0060,2025-10-19 05:47:00,Return Request,High,Resolved,40.85,2025-10-20T22:38:00,2025-10-19T07:49:03
T002986,C002512,O0005595,E0024,2025-05-24 18:24:00,Bulk Order Quote,Medium,Resolved,23.03,2025-05-25T17:25:48,2025-05-24T19:46:49
T002987,C000117,O0007689,E0046,2025-08-20 12:38:00,Product Sizing,Medium,Open,,,2025-08-20T16:34:41
T002988,C002490,O0010875,E0057,2025-12-25 13:07:00,Return Request,Low,Resolved,38.92,2025-12-27T04:02:12,2025-12-25T13:51:53
T002989,C001653,O0000998,E0036,2025-10-11 08:15:00,Damaged Item,Medium,Resolved,65.02,2025-10-14T01:16:12,2025-10-11T08:46:27
T002990,C001423,O0000248,E0003,2026-01-09 08:38:00,Shipping Delay,Medium,Resolved,21.28,2026-01-10T05:54:48,2026-01-09T09:55:14
T002991,C001196,O0006503,E0039,2025-04-22 16:19:00,Product Sizing,High,Resolved,9.55,2025-04-23T01:52:00,2025-04-22T19:34:21
T002992,C000219,O0004471,E0041,2025-03-21 00:13:00,Shipping Delay,Low,Resolved,19.29,2025-03-21T19:30:24,2025-03-21T03:14:13
T002993,C001506,O0008136,E0014,2026-01-08 03:29:00,Account Question,Low,Resolved,5.11,2026-01-08T08:35:36,2026-01-08T06:00:55
T002994,C000324,O0012494,E0051,2025-09-09 13:25:00,Warranty Claim,Low,Resolved,47.66,2025-09-11T13:04:36,2025-09-09T16:37:49
T002995,C002290,O0000853,E0045,2025-04-07 23:17:00,Product Sizing,Medium,Resolved,5.33,2025-04-08T04:36:48,2025-04-08T03:06:00
T002996,C001532,O0001903,E0017,2025-07-10 20:46:00,Return Request,Low,Escalated,50.51,2025-07-12T23:16:36,2025-07-11T00:23:37
T002997,C000599,O0006524,E0042,2025-07-17 17:06:00,Return Request,Low,Resolved,18.23,2025-07-18T11:19:48,2025-07-17T19:08:17
T002998,C001662,O0014892,E0034,2025-02-05 12:01:00,Product Sizing,Medium,Resolved,7.84,2025-02-05T19:51:24,2025-02-05T13:14:21
T002999,C000495,O0011746,E0036,2025-10-03 15:47:00,Bulk Order Quote,Medium,Pending Customer,74.33,2025-10-06T18:06:48,2025-10-03T18:44:57
T003000,C000751,O0011607,E0034,2025-05-21 09:40:00,Return Request,Medium,Resolved,25.86,2025-05-22T11:31:36,2025-05-21T12:54:19
T003001,C001211,O0008342,E0006,2025-07-19 12:50:00,Shipping Delay,Low,Resolved,14.33,2025-07-20T03:09:48,2025-07-19T14:49:57
T003002,C002086,O0012729,E0006,2025-11-23 18:32:00,Damaged Item,Low,Resolved,35.39,2025-11-25T05:55:24,2025-11-23T21:09:43
T003003,C002175,O0013774,E0036,2025-04-20 17:06:00,Return Request,Low,Resolved,52.13,2025-04-22T21:13:48,2025-04-20T20:39:20
T003004,C001211,O0000510,E0058,2025-12-11 01:49:00,Bulk Order Quote,Low,Pending Customer,159.76,2025-12-17T17:34:36,2025-12-11T05:31:18
T003005,C002447,O0010677,E0026,2025-08-15 06:48:00,Return Request,Low,Open,,,2025-08-15T08:18:38
T003006,C000715,O0011279,E0040,2025-12-24 08:52:00,Return Request,Low,Resolved,51.16,2025-12-26T12:01:36,2025-12-24T09:50:59
T003007,C002129,O0008363,E0060,2025-02-06 01:05:00,Product Sizing,Medium,Resolved,7.35,2025-02-06T08:26:00,2025-02-06T03:16:31
T003008,C002210,O0009157,E0042,2025-05-03 02:07:00,Return Request,Low,Escalated,25.82,2025-05-04T03:56:12,2025-05-03T05:41:52
T003009,C000177,O0007517,E0001,2025-06-30 11:50:00,Shipping Delay,High,Pending Customer,17.49,2025-07-01T05:19:24,2025-06-30T15:08:59
T003010,C001527,O0014610,E0019,2025-05-07 18:59:00,Account Question,Medium,Resolved,6.93,2025-05-08T01:54:48,2025-05-07T19:30:38
T003011,C002389,O0001124,E0060,2025-05-24 00:53:00,Product Sizing,High,Pending Customer,18.52,2025-05-24T19:24:12,2025-05-24T03:41:57
T003012,C001767,O0006563,E0024,2025-02-15 11:06:00,Product Sizing,Medium,Resolved,8.64,2025-02-15T19:44:24,2025-02-15T14:59:01
T003013,C001241,O0006039,E0054,2025-01-26 16:58:00,Order Cancellation,Medium,Resolved,9.64,2025-01-27T02:36:24,2025-01-26T19:35:07
T003014,C001352,O0003651,E0024,2025-03-01 11:37:00,Product Sizing,High,Resolved,7.36,2025-03-01T18:58:36,2025-03-01T13:27:07
T003015,C001316,O0014997,E0026,2025-02-16 18:17:00,Account Question,Low,Resolved,3.36,2025-02-16T21:38:36,2025-02-16T19:21:22
T003016,C002429,O0000890,E0020,2025-11-19 02:58:00,Return Request,High,Resolved,27.95,2025-11-20T06:55:00,2025-11-19T05:36:29
T003017,C000011,O0006264,E0036,2025-08-08 18:15:00,Product Sizing,Low,Resolved,14.29,2025-08-09T08:32:24,2025-08-08T21:00:41
T003018,C000264,O0013216,E0030,2025-07-06 03:23:00,Account Question,High,Resolved,7.17,2025-07-06T10:33:12,2025-07-06T06:00:30
T003019,C001710,O0002164,E0041,2025-11-23 23:23:00,Warranty Claim,Medium,Resolved,97.88,2025-11-28T01:15:48,2025-11-24T02:30:50
T003020,C000185,O0007548,E0051,2025-07-06 07:53:00,Shipping Delay,Low,Resolved,4.62,2025-07-06T12:30:12,2025-07-06T08:58:42
T003021,C000838,O0005479,E0046,2025-09-22 13:41:00,Bulk Order Quote,High,Resolved,79.95,2025-09-25T21:38:00,2025-09-22T14:12:11
T003022,C000623,O0000576,E0004,2025-05-25 03:11:00,Warranty Claim,Low,Pending Customer,124.97,2025-05-30T08:09:12,2025-05-25T07:08:12
T003023,C001780,O0012878,E0019,2025-05-03 08:53:00,Product Sizing,Medium,Resolved,5.21,2025-05-03T14:05:36,2025-05-03T10:16:40
T003024,C001075,O0004251,E0034,2025-12-25 17:02:00,Warranty Claim,Low,Resolved,194.11,2026-01-02T19:08:36,2025-12-25T19:20:19
T003025,C001592,O0005276,E0034,2025-09-25 09:42:00,Shipping Delay,Low,Resolved,18.86,2025-09-26T04:33:36,2025-09-25T13:09:28
T003026,C000139,O0009133,E0028,2025-05-21 19:14:00,Bulk Order Quote,Low,Escalated,26.84,2025-05-22T22:04:24,2025-05-21T19:55:13
T003027,C001310,O0012475,E0046,2025-05-11 21:22:00,Product Sizing,Medium,Pending Customer,19.37,2025-05-12T16:44:12,2025-05-12T00:56:42
T003028,C001127,O0005202,E0026,2025-11-25 08:51:00,Product Sizing,Medium,Resolved,11.7,2025-11-25T20:33:00,2025-11-25T11:31:53
T003029,C001100,O0013804,E0040,2025-03-20 03:17:00,Shipping Delay,Low,Resolved,14.36,2025-03-20T17:38:36,2025-03-20T04:54:26
T003030,C000502,O0005745,E0043,2025-08-09 00:57:00,Product Sizing,Medium,Resolved,3.78,2025-08-09T04:43:48,2025-08-09T02:51:47
T003031,C001942,O0010777,E0024,2025-11-08 16:06:00,Return Request,Low,Pending Customer,34.35,2025-11-10T02:27:00,2025-11-08T18:03:19
T003032,C001146,O0006764,E0046,2025-01-29 16:18:00,Return Request,Medium,Resolved,41.66,2025-01-31T09:57:36,2025-01-29T17:23:25
T003033,C001858,O0009727,E0034,2025-06-24 09:31:00,Account Question,Low,Open,,,2025-06-24T12:51:38
T003034,C001307,O0010230,E0040,2025-03-25 17:47:00,Shipping Delay,Medium,Resolved,27.35,2025-03-26T21:08:00,2025-03-25T20:00:14
T003035,C002122,O0012852,E0040,2025-09-24 13:50:00,Product Sizing,Low,Resolved,4.77,2025-09-24T18:36:12,2025-09-24T15:14:17
T003036,C001668,O0010470,E0035,2025-07-06 15:10:00,Return Request,High,Resolved,119.74,2025-07-11T14:54:24,2025-07-06T15:58:35
T003037,C000511,O0002382,E0042,2025-07-16 17:54:00,Return Request,Low,Open,,,2025-07-16T20:20:46
T003038,C001065,O0000288,E0026,2025-07-19 21:16:00,Product Sizing,Low,Pending Customer,14.05,2025-07-20T11:19:00,2025-07-20T00:25:53
T003039,C002260,O0009228,E0003,2025-07-09 19:47:00,Return Request,Medium,Open,,,2025-07-09T21:43:39
T003040,C001456,O0009281,E0048,2025-05-22 12:23:00,Bulk Order Quote,Medium,Resolved,29.91,2025-05-23T18:17:36,2025-05-22T13:42:34
T003041,C000691,O0001381,E0040,2025-11-07 21:59:00,Account Question,Low,Pending Customer,2.24,2025-11-08T00:13:24,2025-11-08T00:34:12
T003042,C002259,O0001612,E0051,2025-10-03 21:09:00,Return Request,Medium,Resolved,17.87,2025-10-04T15:01:12,2025-10-04T00:51:33
T003043,C002277,O0004533,E0046,2025-11-12 12:11:00,Return Request,Low,Resolved,26.44,2025-11-13T14:37:24,2025-11-12T14:19:37
T003044,C002343,O0011700,E0041,2025-10-24 00:25:00,Shipping Delay,Low,Resolved,19.12,2025-10-24T19:32:12,2025-10-24T01:18:30
T003045,C001217,O0000214,E0003,2025-11-11 20:48:00,Account Question,Low,Open,,,2025-11-12T00:11:53
T003046,C000837,O0002376,E0030,2025-07-28 06:09:00,Damaged Item,Medium,Resolved,59.67,2025-07-30T17:49:12,2025-07-28T09:46:10
T003047,C001218,O0007157,E0036,2025-02-26 19:30:00,Damaged Item,Low,Resolved,60.67,2025-03-01T08:10:12,2025-02-26T20:23:09
T003048,C000832,O0006831,E0020,2025-11-04 01:54:00,Warranty Claim,Medium,Resolved,82.65,2025-11-07T12:33:00,2025-11-04T03:54:39
T003049,C000044,O0012092,E0042,2025-10-18 08:41:00,Return Request,Medium,Resolved,28.28,2025-10-19T12:57:48,2025-10-18T12:15:18
T003050,C002443,O0000470,E0026,2026-01-06 18:38:00,Return Request,High,Resolved,19.14,2026-01-07T13:46:24,2026-01-06T20:59:09
T003051,C000182,O0003525,E0035,2025-11-11 01:57:00,Damaged Item,Low,Resolved,37.96,2025-11-12T15:54:36,2025-11-11T04:10:04
T003052,C000188,O0005073,E0036,2025-11-29 14:59:00,Return Request,Medium,Open,,,2025-11-29T17:33:58
T003053,C000312,O0011426,E0040,2025-03-23 09:50:00,Return Request,High,Resolved,70.79,2025-03-26T08:37:24,2025-03-23T12:52:26
T003054,C000623,O0008977,E0057,2025-03-12 06:31:00,Return Request,Low,Resolved,70.72,2025-03-15T05:14:12,2025-03-12T09:08:34
T003055,C001778,O0006699,E0024,2025-10-17 04:01:00,Damaged Item,Medium,Pending Customer,53.26,2025-10-19T09:16:36,2025-10-17T07:05:09
T003056,C002064,O0002128,E0057,2025-10-01 00:26:00,Account Question,Low,Resolved,10.31,2025-10-01T10:44:36,2025-10-01T01:47:28
T003057,C001464,O0003358,E0040,2025-03-23 05:45:00,Shipping Delay,Medium,Resolved,58.27,2025-03-25T16:01:12,2025-03-23T08:55:51
T003058,C000922,O0012953,E0024,2025-11-12 03:33:00,Return Request,Medium,Resolved,35.21,2025-11-13T14:45:36,2025-11-12T06:15:21
T003059,C001445,O0001800,E0051,2025-02-04 21:48:00,Bulk Order Quote,Medium,Resolved,88.79,2025-02-08T14:35:24,2025-02-05T00:17:16
T003060,C002365,O0013940,E0040,2025-04-05 18:10:00,Shipping Delay,Medium,Resolved,23.2,2025-04-06T17:22:00,2025-04-05T20:35:50
T003061,C000940,O0003052,E0059,2025-09-15 05:52:00,Product Sizing,Medium,Open,,,2025-09-15T07:31:10
T003062,C001034,O0000656,E0051,2025-11-19 06:19:00,Order Cancellation,Medium,Pending Customer,3.4,2025-11-19T09:43:00,2025-11-19T08:10:03
T003063,C000950,O0005798,E0022,2025-02-03 23:32:00,Product Sizing,High,Resolved,3.12,2025-02-04T02:39:12,2025-02-04T03:02:53
T003064,C002390,O0000931,E0051,2025-10-12 18:11:00,Return Request,Low,Resolved,56.34,2025-10-15T02:31:24,2025-10-12T19:35:48
T003065,C002099,O0012684,E0035,2025-11-19 15:53:00,Product Sizing,Low,Resolved,4.77,2025-11-19T20:39:12,2025-11-19T17:52:27
T003066,C000414,O0014402,E0006,2025-02-27 19:36:00,Shipping Delay,Medium,Resolved,9.89,2025-02-28T05:29:24,2025-02-27T22:16:26
T003067,C002045,O0003873,E0046,2025-06-08 12:36:00,Product Sizing,Low,Escalated,12.85,2025-06-09T01:27:00,2025-06-08T15:16:11
T003068,C001710,O0002164,E0024,2025-11-29 05:23:00,Shipping Delay,Medium,Escalated,24.78,2025-11-30T06:09:48,2025-11-29T06:54:54
T003069,C002312,O0014825,E0058,2025-06-17 23:39:00,Damaged Item,Medium,Resolved,50.36,2025-06-20T02:00:36,2025-06-18T01:46:03
T003070,C000342,O0000950,E0024,2025-06-10 06:48:00,Product Sizing,High,Resolved,3.24,2025-06-10T10:02:24,2025-06-10T07:42:20
T003071,C000866,O0011626,E0060,2025-09-16 02:00:00,Order Cancellation,Low,Open,,,2025-09-16T02:42:29
T003072,C000308,O0004483,E0006,2025-05-14 13:31:00,Shipping Delay,Low,Open,,,2025-05-14T14:11:53
T003073,C000507,O0008577,E0040,2025-04-26 09:31:00,Return Request,Low,Resolved,57.62,2025-04-28T19:08:12,2025-04-26T11:48:20
T003074,C002406,O0008284,E0057,2025-05-08 06:59:00,Account Question,Medium,Resolved,7.33,2025-05-08T14:18:48,2025-05-08T08:50:19
T003075,C002283,O0001190,E0046,2025-03-01 10:07:00,Shipping Delay,Medium,Resolved,49.34,2025-03-03T11:27:24,2025-03-01T11:51:44
T003076,C000897,O0007272,E0042,2025-11-04 08:13:00,Return Request,Medium,Open,,,2025-11-04T11:05:43
T003077,C000940,O0012374,E0046,2025-02-20 18:15:00,Warranty Claim,High,Resolved,77.7,2025-02-23T23:57:00,2025-02-20T21:09:48
T003078,C001731,O0009079,E0003,2025-04-30 23:01:00,Order Cancellation,High,Open,,,2025-05-01T02:26:48
T003079,C001792,O0009787,E0019,2025-06-23 02:43:00,Product Sizing,Medium,Resolved,3.36,2025-06-23T06:04:36,2025-06-23T03:23:56
T003080,C001561,O0011958,E0022,2025-04-11 14:34:00,Shipping Delay,Medium,Open,,,2025-04-11T16:20:46
T003081,C000608,O0002664,E0042,2025-05-02 03:51:00,Damaged Item,Low,Pending Customer,48.75,2025-05-04T04:36:00,2025-05-02T07:33:38
T003082,C002175,O0013768,E0057,2025-04-25 20:45:00,Shipping Delay,Low,Resolved,32.18,2025-04-27T04:55:48,2025-04-25T22:52:22
T003083,C000531,O0000992,E0046,2026-01-15 10:34:00,Return Request,High,Resolved,45.03,2026-01-17T07:35:48,2026-01-15T13:05:58
T003084,C001767,O0010896,E0006,2025-09-24 07:33:00,Order Cancellation,Medium,Resolved,3.68,2025-09-24T11:13:48,2025-09-24T08:59:13
T003085,C000281,O0014353,E0034,2025-02-26 03:26:00,Shipping Delay,Low,Open,,,2025-02-26T04:43:27
T003086,C002524,O0007532,E0040,2025-04-19 13:11:00,Product Sizing,Low,Escalated,4.68,2025-04-19T17:51:48,2025-04-19T16:19:53
T003087,C001649,O0009312,E0043,2025-07-30 16:11:00,Bulk Order Quote,Medium,Resolved,54.59,2025-08-01T22:46:24,2025-07-30T17:18:58
T003088,C000983,O0014740,E0034,2025-11-23 19:27:00,Product Sizing,Low,Resolved,11.08,2025-11-24T06:31:48,2025-11-23T21:14:45
T003089,C000077,O0007672,E0043,2025-11-26 07:06:00,Order Cancellation,Medium,Pending Customer,3.07,2025-11-26T10:10:12,2025-11-26T09:22:48
T003090,C002231,O0014673,E0004,2025-10-01 13:25:00,Return Request,Low,Resolved,40.29,2025-10-03T05:42:24,2025-10-01T15:33:54
T003091,C000718,O0008045,E0024,2025-10-08 08:39:00,Order Cancellation,Medium,Open,,,2025-10-08T10:50:52
T003092,C000536,O0001756,E0060,2025-06-05 19:17:00,Product Sizing,Low,Pending Customer,14.33,2025-06-06T09:36:48,2025-06-05T21:49:09
T003093,C001435,O0011478,E0053,2025-01-18 21:28:00,Return Request,Low,Pending Customer,19.99,2025-01-19T17:27:24,2025-01-19T00:36:56
T003094,C000360,O0008109,E0046,2025-09-26 16:57:00,Bulk Order Quote,Medium,Escalated,61.83,2025-09-29T06:46:48,2025-09-26T20:52:07
T003095,C001467,O0005538,E0039,2025-02-14 21:11:00,Return Request,High,Resolved,16.36,2025-02-15T13:32:36,2025-02-14T23:44:27
T003096,C001485,O0012018,E0048,2025-01-25 03:00:00,Bulk Order Quote,Medium,Open,,,2025-01-25T05:28:02
T003097,C000873,O0002526,E0046,2025-04-06 10:18:00,Shipping Delay,High,Open,,,2025-04-06T11:49:06
T003098,C001135,O0001704,E0042,2025-12-13 03:53:00,Order Cancellation,Medium,Resolved,6.55,2025-12-13T10:26:00,2025-12-13T07:14:06
T003099,C002162,O0006223,E0034,2025-08-16 02:19:00,Product Sizing,High,Pending Customer,9.67,2025-08-16T11:59:12,2025-08-16T03:01:51
T003100,C001764,O0006102,E0042,2025-01-24 23:51:00,Damaged Item,Low,Resolved,73.83,2025-01-28T01:40:48,2025-01-25T03:15:25
T003101,C002148,O0010867,E0037,2025-09-06 03:14:00,Shipping Delay,Low,Resolved,28.58,2025-09-07T07:48:48,2025-09-06T06:14:35
T003102,C002278,O0014657,E0042,2025-10-13 08:49:00,Shipping Delay,Low,Escalated,27.36,2025-10-14T12:10:36,2025-10-13T10:21:42
T003103,C000673,O0000052,E0026,2025-11-11 01:18:00,Bulk Order Quote,Medium,Pending Customer,43.3,2025-11-12T20:36:00,2025-11-11T03:43:35
T003104,C000536,O0003310,E0024,2025-09-24 19:32:00,Account Question,Low,Resolved,6.39,2025-09-25T01:55:24,2025-09-24T22:17:34
T003105,C000567,O0008399,E0014,2025-02-24 20:17:00,Shipping Delay,Medium,Resolved,35.06,2025-02-26T07:20:36,2025-02-24T22:20:10
T003106,C001845,O0006991,E0039,2025-12-20 03:14:00,Bulk Order Quote,Low,Pending Customer,109.83,2025-12-24T17:03:48,2025-12-20T04:05:50
T003107,C001675,O0006181,E0043,2025-07-01 19:21:00,Return Request,High,Resolved,57.22,2025-07-04T04:34:12,2025-07-01T21:43:32
T003108,C001257,O0005963,E0014,2025-04-02 09:26:00,Order Cancellation,Low,Pending Customer,3.85,2025-04-02T13:17:00,2025-04-02T11:13:24
T003109,C002080,O0009805,E0019,2025-04-30 17:35:00,Damaged Item,Low,Resolved,24.6,2025-05-01T18:11:00,2025-04-30T19:14:48
T003110,C002149,O0003863,E0019,2025-03-11 14:50:00,Product Sizing,Low,Resolved,5.3,2025-03-11T20:08:00,2025-03-11T17:03:39
T003111,C001269,O0005039,E0019,2026-01-16 05:42:00,Product Sizing,Medium,Resolved,2.95,2026-01-16T08:39:00,2026-01-16T09:06:27
T003112,C001940,O0004291,E0036,2025-10-13 18:58:00,Return Request,Low,Resolved,13.57,2025-10-14T08:32:12,2025-10-13T20:04:19
T003113,C001373,O0001913,E0039,2025-06-21 04:48:00,Return Request,Low,Resolved,19.84,2025-06-22T00:38:24,2025-06-21T08:24:40
T003114,C001873,O0006022,E0003,2025-12-03 04:32:00,Damaged Item,Medium,Resolved,42.64,2025-12-04T23:10:24,2025-12-03T06:23:31
T003115,C001195,O0006541,E0043,2025-06-30 13:55:00,Shipping Delay,Low,Open,,,2025-06-30T15:09:50
T003116,C000402,O0014006,E0024,2025-06-27 17:18:00,Product Sizing,Medium,Resolved,10.29,2025-06-28T03:35:24,2025-06-27T18:07:52
T003117,C000826,O0002546,E0057,2025-05-06 16:29:00,Product Sizing,Low,Resolved,9.47,2025-05-07T01:57:12,2025-05-06T19:14:51
T003118,C002481,O0013694,E0039,2025-08-15 11:14:00,Return Request,High,Open,,,2025-08-15T12:22:36
T003119,C002454,O0014366,E0003,2025-03-10 14:12:00,Damaged Item,Low,Resolved,14.8,2025-03-11T05:00:00,2025-03-10T17:43:06
T003120,C000289,O0013162,E0034,2025-11-18 05:54:00,Order Cancellation,Low,Resolved,2.2,2025-11-18T08:06:00,2025-11-18T09:13:57
T003121,C000425,O0001954,E0008,2025-05-07 19:16:00,Warranty Claim,Low,Resolved,88.78,2025-05-11T12:02:48,2025-05-07T20:49:50
T003122,C002479,O0000791,E0024,2025-11-14 07:14:00,Product Sizing,Low,Resolved,4.53,2025-11-14T11:45:48,2025-11-14T08:35:36
T003123,C000482,O0006892,E0036,2025-04-01 11:21:00,Shipping Delay,Medium,Pending Customer,14.04,2025-04-02T01:23:24,2025-04-01T12:59:23
T003124,C001474,O0001793,E0024,2025-10-31 00:44:00,Shipping Delay,Low,Resolved,43.61,2025-11-01T20:20:36,2025-10-31T01:44:03
T003125,C002128,O0011432,E0036,2025-07-14 23:56:00,Warranty Claim,Medium,Pending Customer,219.89,2025-07-24T03:49:24,2025-07-15T02:14:16
T003126,C002480,O0011192,E0051,2025-02-14 12:13:00,Shipping Delay,Medium,Resolved,12.01,2025-02-15T00:13:36,2025-02-14T13:08:45
T003127,C001028,O0006375,E0056,2025-08-07 08:54:00,Shipping Delay,Low,Resolved,11.4,2025-08-07T20:18:00,2025-08-07T11:21:52
T003128,C001492,O0002843,E0034,2025-05-01 08:44:00,Damaged Item,Low,Resolved,54.05,2025-05-03T14:47:00,2025-05-01T09:24:01
T003129,C000434,O0008538,E0024,2025-08-24 16:52:00,Shipping Delay,Medium,Resolved,11.23,2025-08-25T04:05:48,2025-08-24T19:00:16
T003130,C000097,O0000057,E0003,2025-11-19 20:53:00,Shipping Delay,Medium,Resolved,31.72,2025-11-21T04:36:12,2025-11-19T23:14:27
T003131,C001534,O0005751,E0017,2025-08-27 11:30:00,Shipping Delay,Low,Resolved,40.06,2025-08-29T03:33:36,2025-08-27T14:25:27
T003132,C002043,O0012152,E0017,2025-10-01 21:01:00,Shipping Delay,Low,Resolved,6.96,2025-10-02T03:58:36,2025-10-01T23:24:55
T003133,C001597,O0010274,E0040,2025-02-23 05:00:00,Product Sizing,Low,Resolved,6.62,2025-02-23T11:37:12,2025-02-23T06:40:56
T003134,C001292,O0001647,E0057,2025-12-04 12:31:00,Shipping Delay,Low,Resolved,22.65,2025-12-05T11:10:00,2025-12-04T14:05:54
T003135,C000635,O0007141,E0042,2025-04-01 01:38:00,Account Question,Low,Escalated,8.34,2025-04-01T09:58:24,2025-04-01T03:13:07
T003136,C001174,O0009758,E0036,2025-10-12 02:44:00,Return Request,Low,Resolved,73.18,2025-10-15T03:54:48,2025-10-12T05:49:51
T003137,C001153,O0008185,E0054,2025-02-27 19:35:00,Bulk Order Quote,Medium,Escalated,30.2,2025-03-01T01:47:00,2025-02-27T23:32:21
T003138,C002183,O0011864,E0040,2025-08-29 15:02:00,Return Request,High,Pending Customer,37.11,2025-08-31T04:08:36,2025-08-29T17:01:52
T003139,C001174,O0009314,E0019,2025-10-17 00:27:00,Shipping Delay,Low,Resolved,7.44,2025-10-17T07:53:24,2025-10-17T01:15:04
T003140,C000585,O0005665,E0040,2025-03-22 08:33:00,Return Request,Medium,Resolved,27.33,2025-03-23T11:52:48,2025-03-22T10:35:34
T003141,C001817,O0011861,E0057,2025-05-14 14:47:00,Bulk Order Quote,Medium,Resolved,49.75,2025-05-16T16:32:00,2025-05-14T18:41:05
T003142,C000358,O0000740,E0036,2025-06-04 08:47:00,Product Sizing,Low,Pending Customer,9.12,2025-06-04T17:54:12,2025-06-04T10:14:42
T003143,C002570,O0009901,E0006,2025-11-09 08:56:00,Product Sizing,Low,Pending Customer,15.09,2025-11-10T00:01:24,2025-11-09T10:05:03
T003144,C001289,O0002935,E0053,2025-03-28 12:46:00,Return Request,Low,Resolved,51.34,2025-03-30T16:06:24,2025-03-28T13:59:13
T003145,C001866,O0012521,E0022,2025-12-23 01:36:00,Damaged Item,Low,Resolved,20.27,2025-12-23T21:52:12,2025-12-23T05:31:39
T003146,C001483,O0000404,E0034,2025-09-20 00:29:00,Product Sizing,Low,Resolved,3.43,2025-09-20T03:54:48,2025-09-20T03:19:34
T003147,C000304,O0004774,E0019,2025-06-04 13:52:00,Shipping Delay,Medium,Resolved,11.08,2025-06-05T00:56:48,2025-06-04T17:43:09
T003148,C000313,O0010414,E0024,2025-07-17 01:13:00,Warranty Claim,Low,Open,,,2025-07-17T02:28:44
T003149,C000586,O0009364,E0051,2025-09-02 22:01:00,Damaged Item,Medium,Pending Customer,78.94,2025-09-06T04:57:24,2025-09-03T00:29:10
T003150,C001972,O0007664,E0060,2025-06-30 13:12:00,Product Sizing,High,Open,,,2025-06-30T16:13:24
T003151,C000295,O0002151,E0026,2025-11-02 03:27:00,Shipping Delay,Low,Resolved,16.57,2025-11-02T20:01:12,2025-11-02T07:03:48
T003152,C000199,O0005406,E0046,2025-06-19 16:23:00,Shipping Delay,Medium,Resolved,16.02,2025-06-20T08:24:12,2025-06-19T19:09:46
T003153,C002462,O0003896,E0019,2025-02-04 19:10:00,Account Question,Medium,Resolved,1.17,2025-02-04T20:20:12,2025-02-04T20:34:39
T003154,C001463,O0011267,E0014,2025-05-13 05:47:00,Bulk Order Quote,Low,Resolved,56.32,2025-05-15T14:06:12,2025-05-13T08:30:54
T003155,C000208,O0004900,E0039,2025-03-05 06:53:00,Return Request,High,Resolved,113.67,2025-03-10T00:33:12,2025-03-05T07:36:11
T003156,C001621,O0009583,E0006,2025-05-30 03:50:00,Return Request,Medium,Pending Customer,7.41,2025-05-30T11:14:36,2025-05-30T07:49:46
T003157,C001541,O0011183,E0004,2025-03-06 19:16:00,Product Sizing,Medium,Resolved,13.8,2025-03-07T09:04:00,2025-03-06T22:39:30
T003158,C002504,O0010090,E0060,2025-10-28 23:15:00,Warranty Claim,Medium,Resolved,28.26,2025-10-30T03:30:36,2025-10-28T23:48:26
T003159,C002026,O0014940,E0043,2025-04-25 22:55:00,Damaged Item,Low,Pending Customer,23.79,2025-04-26T22:42:24,2025-04-26T00:46:33
T003160,C000028,O0013748,E0036,2025-10-12 23:16:00,Product Sizing,Medium,Resolved,2.77,2025-10-13T02:02:12,2025-10-13T01:54:38
T003161,C002516,O0003745,E0040,2025-06-14 16:31:00,Account Question,Medium,Resolved,7.4,2025-06-14T23:55:00,2025-06-14T18:24:24
T003162,C001711,O0012367,E0019,2025-12-17 19:50:00,Account Question,Medium,Resolved,4.39,2025-12-18T00:13:24,2025-12-17T21:16:37
T003163,C001290,O0006088,E0046,2025-06-28 11:20:00,Order Cancellation,High,Resolved,6.75,2025-06-28T18:05:00,2025-06-28T13:26:46
T003164,C001792,O0000369,E0039,2025-07-30 17:41:00,Shipping Delay,Low,Resolved,51.6,2025-08-01T21:17:00,2025-07-30T21:02:40
T003165,C001177,O0011925,E0040,2025-11-25 02:14:00,Shipping Delay,Medium,Resolved,8.34,2025-11-25T10:34:24,2025-11-25T05:58:05
T003166,C002546,O0000880,E0051,2025-08-15 06:59:00,Damaged Item,High,Open,,,2025-08-15T09:09:17
T003167,C002402,O0006430,E0026,2025-12-20 16:48:00,Account Question,Medium,Pending Customer,10.53,2025-12-21T03:19:48,2025-12-20T19:47:19
T003168,C000310,O0000929,E0039,2025-11-13 15:35:00,Product Sizing,Low,Resolved,5.55,2025-11-13T21:08:00,2025-11-13T19:04:18
T003169,C001331,O0013032,E0048,2025-05-17 16:49:00,Product Sizing,Low,Resolved,2.51,2025-05-17T19:19:36,2025-05-17T19:19:41
T003170,C000922,O0006535,E0048,2025-03-28 01:07:00,Warranty Claim,Low,Resolved,92.24,2025-03-31T21:21:24,2025-03-28T02:34:56
T003171,C002373,O0005302,E0046,2025-04-18 17:39:00,Product Sizing,Low,Resolved,6.54,2025-04-19T00:11:24,2025-04-18T19:14:31
T003172,C001967,O0000410,E0034,2025-05-23 16:32:00,Return Request,Low,Resolved,16.25,2025-05-24T08:47:00,2025-05-23T18:35:14
T003173,C002149,O0007765,E0024,2025-11-22 05:38:00,Damaged Item,Low,Escalated,16.74,2025-11-22T22:22:24,2025-11-22T08:03:17
T003174,C002388,O0004718,E0003,2025-02-01 06:29:00,Return Request,Medium,Resolved,25.27,2025-02-02T07:45:12,2025-02-01T09:26:24
T003175,C000103,O0004978,E0017,2025-09-30 15:15:00,Shipping Delay,Medium,Escalated,16.66,2025-10-01T07:54:36,2025-09-30T18:05:53
T003176,C001966,O0006687,E0034,2025-03-04 19:19:00,Product Sizing,Medium,Resolved,8.34,2025-03-05T03:39:24,2025-03-04T22:54:33
T003177,C001420,O0010716,E0026,2025-05-10 07:28:00,Return Request,Low,Resolved,45.93,2025-05-12T05:23:48,2025-05-10T09:31:25
T003178,C002159,O0014559,E0058,2025-01-25 08:42:00,Order Cancellation,Low,Resolved,12.76,2025-01-25T21:27:36,2025-01-25T11:37:47
T003179,C001816,O0012772,E0037,2025-04-03 04:45:00,Return Request,Low,Resolved,30.62,2025-04-04T11:22:12,2025-04-03T07:17:58
T003180,C001234,O0011166,E0043,2025-06-28 18:19:00,Warranty Claim,Low,Resolved,90.85,2025-07-02T13:10:00,2025-06-28T20:32:14
T003181,C000662,O0004412,E0043,2025-07-22 19:14:00,Product Sizing,Medium,Open,,,2025-07-22T22:30:31
T003182,C002416,O0006090,E0024,2025-05-01 18:43:00,Return Request,Low,Open,,,2025-05-01T20:44:34
T003183,C000333,O0004751,E0017,2026-01-04 00:06:00,Shipping Delay,Low,Open,,,2026-01-04T01:13:15
T003184,C002272,O0005261,E0014,2025-11-05 03:37:00,Warranty Claim,Low,Resolved,116.57,2025-11-10T00:11:12,2025-11-05T07:07:06
T003185,C001681,O0011475,E0045,2025-03-30 21:17:00,Return Request,Low,Resolved,36.25,2025-04-01T09:32:00,2025-03-30T23:39:52
T003186,C000529,O0000347,E0040,2025-10-16 21:20:00,Order Cancellation,Medium,Resolved,1.97,2025-10-16T23:18:12,2025-10-16T23:55:40
T003187,C001520,O0014154,E0034,2025-04-13 12:33:00,Damaged Item,High,Resolved,55.75,2025-04-15T20:18:00,2025-04-13T15:43:27
T003188,C001532,O0001903,E0043,2025-08-04 16:46:00,Account Question,Low,Pending Customer,3.08,2025-08-04T19:50:48,2025-08-04T17:25:25
T003189,C000953,O0011842,E0043,2025-05-11 17:04:00,Account Question,Low,Resolved,4.84,2025-05-11T21:54:24,2025-05-11T20:12:49
T003190,C002324,O0000588,E0040,2025-01-02 14:54:00,Return Request,Low,Pending Customer,68.39,2025-01-05T11:17:24,2025-01-02T18:42:10
T003191,C001073,O0005426,E0003,2026-01-25 17:53:00,Damaged Item,Low,Pending Customer,24.15,2026-01-26T18:02:00,2026-01-25T21:35:58
T003192,C001546,O0009040,E0051,2025-10-04 08:04:00,Order Cancellation,Medium,Resolved,3.15,2025-10-04T11:13:00,2025-10-04T10:59:03
T003193,C001287,O0004275,E0060,2025-08-25 06:26:00,Damaged Item,Low,Resolved,85.72,2025-08-28T20:09:12,2025-08-25T06:59:16
T003194,C000566,O0009920,E0034,2025-12-24 10:12:00,Warranty Claim,High,Resolved,77.79,2025-12-27T15:59:24,2025-12-24T13:33:57
T003195,C001464,O0005115,E0022,2025-02-17 10:24:00,Return Request,Medium,Resolved,40.1,2025-02-19T02:30:00,2025-02-17T13:45:13
T003196,C000337,O0013546,E0040,2025-04-25 22:35:00,Account Question,Urgent,Resolved,4.3,2025-04-26T02:53:00,2025-04-26T00:49:40
T003197,C002489,O0009837,E0041,2025-11-18 12:22:00,Order Cancellation,Low,Open,,,2025-11-18T13:04:01
T003198,C001342,O0011555,E0008,2025-03-08 08:27:00,Account Question,Low,Resolved,3.72,2025-03-08T12:10:12,2025-03-08T09:00:41
T003199,C000321,O0004043,E0040,2025-02-10 02:38:00,Damaged Item,Medium,Resolved,54.2,2025-02-12T08:50:00,2025-02-10T03:29:01
T003200,C002128,O0011432,E0026,2025-08-04 08:56:00,Product Sizing,Low,Escalated,5.9,2025-08-04T14:50:00,2025-08-04T10:19:44
T003201,C001466,O0002262,E0022,2026-01-12 17:28:00,Damaged Item,Medium,Pending Customer,117.62,2026-01-17T15:05:12,2026-01-12T18:06:42
T003202,C001796,O0014766,E0039,2026-01-16 04:09:00,Product Sizing,High,Pending Customer,8.32,2026-01-16T12:28:12,2026-01-16T05:13:32
T003203,C002319,O0000198,E0042,2025-11-05 02:27:00,Damaged Item,Medium,Escalated,36.08,2025-11-06T14:31:48,2025-11-05T05:29:02
T003204,C001154,O0002961,E0034,2025-10-20 10:41:00,Product Sizing,Urgent,Resolved,15.75,2025-10-21T02:26:00,2025-10-20T11:55:04
T003205,C002185,O0000363,E0039,2026-01-11 02:13:00,Return Request,Urgent,Resolved,19.08,2026-01-11T21:17:48,2026-01-11T05:07:40
T003206,C000484,O0011561,E0006,2025-08-14 19:56:00,Shipping Delay,Medium,Resolved,38.16,2025-08-16T10:05:36,2025-08-14T21:41:47
T003207,C000603,O0002101,E0046,2025-10-30 10:59:00,Warranty Claim,Low,Resolved,245.52,2025-11-09T16:30:12,2025-10-30T12:30:08
T003208,C002216,O0007241,E0057,2025-11-27 07:24:00,Return Request,Low,Pending Customer,20.88,2025-11-28T04:16:48,2025-11-27T10:02:02
T003209,C000452,O0009359,E0017,2025-12-17 13:10:00,Warranty Claim,Medium,Resolved,101.17,2025-12-21T18:20:12,2025-12-17T15:26:16
T003210,C000119,O0006904,E0060,2025-12-12 22:51:00,Return Request,Medium,Resolved,8.41,2025-12-13T07:15:36,2025-12-13T00:45:07
T003211,C000151,O0007569,E0035,2025-07-17 09:20:00,Product Sizing,Low,Pending Customer,14.47,2025-07-17T23:48:12,2025-07-17T13:03:45
T003212,C001789,O0006417,E0060,2025-11-07 19:13:00,Warranty Claim,Low,Pending Customer,78.69,2025-11-11T01:54:24,2025-11-07T20:42:57
T003213,C001862,O0007276,E0028,2025-02-20 23:23:00,Product Sizing,Low,Escalated,22.95,2025-02-21T22:20:00,2025-02-21T01:12:28
T003214,C001242,O0004729,E0059,2025-05-26 21:29:00,Order Cancellation,Low,Resolved,3.33,2025-05-27T00:48:48,2025-05-26T22:17:58
T003215,C002536,O0010956,E0046,2025-01-29 11:02:00,Warranty Claim,Low,Pending Customer,75.94,2025-02-01T14:58:24,2025-01-29T13:40:26
T003216,C002009,O0007307,E0058,2025-12-01 14:48:00,Shipping Delay,Low,Resolved,98.98,2025-12-05T17:46:48,2025-12-01T18:13:22
T003217,C001304,O0014867,E0006,2025-12-08 21:09:00,Damaged Item,High,Resolved,20.76,2025-12-09T17:54:36,2025-12-08T23:13:19
T003218,C002277,O0001780,E0036,2025-01-23 07:47:00,Warranty Claim,Medium,Resolved,85.21,2025-01-26T20:59:36,2025-01-23T08:38:05
T003219,C002478,O0007951,E0048,2025-07-14 13:07:00,Warranty Claim,Low,Resolved,82.97,2025-07-18T00:05:12,2025-07-14T15:21:49
T003220,C002043,O0008017,E0017,2025-02-05 19:56:00,Damaged Item,Medium,Resolved,156.11,2025-02-12T08:02:36,2025-02-05T22:34:52
T003221,C001045,O0007918,E0042,2025-03-04 10:03:00,Shipping Delay,Medium,Resolved,42.03,2025-03-06T04:04:48,2025-03-04T11:31:10
T003222,C000534,O0014894,E0024,2025-11-12 14:48:00,Bulk Order Quote,Low,Resolved,27.96,2025-11-13T18:45:36,2025-11-12T15:28:18
T003223,C002499,O0000115,E0024,2025-06-11 00:35:00,Shipping Delay,Medium,Open,,,2025-06-11T03:21:07
T003224,C002077,O0003620,E0036,2025-09-23 03:14:00,Shipping Delay,High,Escalated,23.3,2025-09-24T02:32:00,2025-09-23T05:24:26
T003225,C001768,O0010126,E0014,2025-11-04 02:41:00,Warranty Claim,Low,Resolved,95.34,2025-11-08T02:01:24,2025-11-04T05:08:34
T003226,C001077,O0011410,E0039,2025-07-25 03:16:00,Order Cancellation,Low,Resolved,3.29,2025-07-25T06:33:24,2025-07-25T05:37:06
T003227,C002143,O0007867,E0048,2025-05-30 15:17:00,Warranty Claim,Medium,Resolved,183.32,2025-06-07T06:36:12,2025-05-30T18:06:02
T003228,C000105,O0001229,E0006,2025-04-19 03:10:00,Return Request,Medium,Resolved,56.08,2025-04-21T11:14:48,2025-04-19T06:09:07
T003229,C002233,O0007734,E0035,2025-12-02 09:59:00,Shipping Delay,Medium,Pending Customer,29.45,2025-12-03T15:26:00,2025-12-02T12:35:57
T003230,C000187,O0001531,E0014,2025-12-25 13:21:00,Damaged Item,Medium,Pending Customer,10.28,2025-12-25T23:37:48,2025-12-25T14:39:23
T003231,C001496,O0000936,E0001,2025-04-21 11:49:00,Warranty Claim,Medium,Resolved,473.97,2025-05-11T05:47:12,2025-04-21T12:28:04
T003232,C000264,O0006000,E0028,2025-08-22 08:13:00,Order Cancellation,Medium,Pending Customer,2.34,2025-08-22T10:33:24,2025-08-22T12:07:24
T003233,C001460,O0010049,E0057,2025-04-13 10:06:00,Return Request,High,Resolved,38.84,2025-04-15T00:56:24,2025-04-13T12:48:57
T003234,C000939,O0011846,E0019,2025-09-13 17:01:00,Return Request,High,Open,,,2025-09-13T18:48:17
T003235,C000038,O0006149,E0057,2025-02-26 03:08:00,Shipping Delay,Medium,Resolved,20.15,2025-02-26T23:17:00,2025-02-26T06:51:03
T003236,C001109,O0014022,E0051,2025-08-23 15:41:00,Bulk Order Quote,High,Resolved,43.88,2025-08-25T11:33:48,2025-08-23T16:18:50
T003237,C001734,O0007011,E0051,2025-10-30 06:17:00,Order Cancellation,Medium,Resolved,5.25,2025-10-30T11:32:00,2025-10-30T08:39:40
T003238,C002248,O0006177,E0048,2025-10-04 02:04:00,Return Request,Low,Pending Customer,46.33,2025-10-06T00:23:48,2025-10-04T03:54:59
T003239,C002379,O0014058,E0046,2025-11-24 19:43:00,Order Cancellation,Medium,Resolved,2.14,2025-11-24T21:51:24,2025-11-24T23:26:42
T003240,C002221,O0000500,E0046,2025-06-05 09:52:00,Shipping Delay,Low,Open,,,2025-06-05T13:19:26
T003241,C000955,O0005084,E0057,2025-07-25 21:01:00,Return Request,Medium,Resolved,12.11,2025-07-26T09:07:36,2025-07-25T23:50:22
T003242,C002592,O0014219,E0053,2025-08-10 08:10:00,Order Cancellation,Medium,Resolved,5.51,2025-08-10T13:40:36,2025-08-10T12:04:30
T003243,C000623,O0001444,E0059,2025-09-14 22:52:00,Damaged Item,Medium,Resolved,56.82,2025-09-17T07:41:12,2025-09-14T23:22:53
T003244,C000698,O0004394,E0035,2025-04-27 09:23:00,Shipping Delay,Medium,Open,,,2025-04-27T11:01:32
T003245,C001865,O0008887,E0006,2025-11-10 18:36:00,Account Question,Medium,Resolved,3.55,2025-11-10T22:09:00,2025-11-10T21:04:58
T003246,C002301,O0002005,E0048,2025-10-18 09:53:00,Product Sizing,Medium,Resolved,6.5,2025-10-18T16:23:00,2025-10-18T11:17:19
T003247,C002208,O0011568,E0028,2025-02-07 03:50:00,Warranty Claim,Low,Resolved,194.53,2025-02-15T06:21:48,2025-02-07T05:44:52
T003248,C001331,O0009636,E0003,2025-08-08 23:39:00,Return Request,Low,Resolved,19.84,2025-08-09T19:29:24,2025-08-09T00:53:49
T003249,C001899,O0009395,E0018,2025-07-21 20:11:00,Damaged Item,Medium,Resolved,92.9,2025-07-25T17:05:00,2025-07-21T23:14:16
T003250,C000331,O0003118,E0034,2025-12-24 10:21:00,Bulk Order Quote,Medium,Resolved,54.6,2025-12-26T16:57:00,2025-12-24T13:01:51
T003251,C001598,O0010129,E0051,2025-07-07 07:25:00,Order Cancellation,Low,Escalated,1.77,2025-07-07T09:11:12,2025-07-07T11:10:54
T003252,C000278,O0007190,E0042,2025-01-18 19:54:00,Warranty Claim,Medium,Resolved,224.58,2025-01-28T04:28:48,2025-01-18T22:59:07
T003253,C001344,O0007686,E0017,2025-04-30 02:16:00,Shipping Delay,Medium,Resolved,12.05,2025-04-30T14:19:00,2025-04-30T05:05:26
T003254,C001367,O0012138,E0006,2025-04-28 04:45:00,Warranty Claim,High,Resolved,57.67,2025-04-30T14:25:12,2025-04-28T06:18:32
T003255,C000347,O0011571,E0037,2025-10-05 19:15:00,Return Request,Medium,Resolved,22.45,2025-10-06T17:42:00,2025-10-05T20:21:07
T003256,C001926,O0001458,E0046,2025-05-11 17:35:00,Damaged Item,Medium,Resolved,25.29,2025-05-12T18:52:24,2025-05-11T20:59:05
T003257,C000213,O0011731,E0024,2025-08-31 18:40:00,Damaged Item,Medium,Resolved,184.22,2025-09-08T10:53:12,2025-08-31T21:06:30
T003258,C001732,O0003372,E0037,2025-10-21 11:33:00,Damaged Item,Medium,Resolved,45.27,2025-10-23T08:49:12,2025-10-21T13:37:45
T003259,C002147,O0011624,E0040,2025-07-06 03:49:00,Return Request,High,Pending Customer,36.04,2025-07-07T15:51:24,2025-07-06T04:24:15
T003260,C001661,O0008965,E0019,2025-06-01 18:47:00,Shipping Delay,Medium,Pending Customer,27.89,2025-06-02T22:40:24,2025-06-01T21:24:00
T003261,C000416,O0014452,E0057,2025-05-07 20:41:00,Order Cancellation,Low,Resolved,3.96,2025-05-08T00:38:36,2025-05-07T23:19:37
T003262,C001371,O0006515,E0024,2025-12-29 13:03:00,Return Request,Low,Resolved,88.51,2026-01-02T05:33:36,2025-12-29T16:35:38
T003263,C001861,O0004458,E0046,2025-09-12 12:29:00,Return Request,High,Resolved,47.73,2025-09-14T12:12:48,2025-09-12T13:38:34
T003264,C000350,O0010410,E0051,2025-05-06 11:47:00,Return Request,Low,Resolved,33.25,2025-05-07T21:02:00,2025-05-06T14:07:43
T003265,C001800,O0006178,E0042,2026-01-18 18:19:00,Return Request,Low,Resolved,72.03,2026-01-21T18:20:48,2026-01-18T21:30:47
T003266,C000578,O0008986,E0024,2025-10-08 13:24:00,Shipping Delay,High,Open,,,2025-10-08T14:49:52
T003267,C001281,O0001828,E0046,2025-07-08 22:32:00,Damaged Item,Low,Resolved,91.51,2025-07-12T18:02:36,2025-07-09T00:09:46
T003268,C002378,O0000555,E0006,2025-07-27 13:18:00,Order Cancellation,High,Pending Customer,3.0,2025-07-27T16:18:00,2025-07-27T14:15:14
T003269,C002571,O0004599,E0026,2025-03-14 22:07:00,Account Question,Low,Resolved,3.59,2025-03-15T01:42:24,2025-03-14T23:42:53
T003270,C002520,O0006144,E0014,2026-01-11 21:18:00,Bulk Order Quote,Medium,Resolved,87.16,2026-01-15T12:27:36,2026-01-11T23:45:48
T003271,C000279,O0013221,E0020,2025-05-17 01:07:00,Order Cancellation,Low,Open,,,2025-05-17T03:54:31
T003272,C001625,O0008108,E0046,2025-10-05 04:50:00,Shipping Delay,Medium,Resolved,14.31,2025-10-05T19:08:36,2025-10-05T08:18:09
T003273,C001440,O0007877,E0006,2025-07-25 08:45:00,Order Cancellation,High,Pending Customer,6.91,2025-07-25T15:39:36,2025-07-25T10:16:04
T003274,C001801,O0003069,E0026,2025-04-17 01:04:00,Shipping Delay,Medium,Resolved,30.48,2025-04-18T07:32:48,2025-04-17T03:58:40
T003275,C001120,O0013171,E0019,2025-04-25 04:11:00,Damaged Item,Medium,Open,,,2025-04-25T06:32:57
T003276,C002263,O0004934,E0019,2025-05-02 08:34:00,Order Cancellation,High,Pending Customer,5.21,2025-05-02T13:46:36,2025-05-02T12:12:49
T003277,C000986,O0008044,E0020,2025-04-11 10:14:00,Order Cancellation,Low,Resolved,5.97,2025-04-11T16:12:12,2025-04-11T13:19:00
T003278,C002194,O0010360,E0039,2025-07-01 09:44:00,Bulk Order Quote,Medium,Pending Customer,112.31,2025-07-06T02:02:36,2025-07-01T11:04:52
T003279,C001225,O0004352,E0039,2025-01-16 06:08:00,Return Request,Low,Resolved,32.73,2025-01-17T14:51:48,2025-01-16T07:13:24
T003280,C000915,O0010790,E0057,2025-12-30 11:46:00,Damaged Item,Low,Pending Customer,45.13,2026-01-01T08:53:48,2025-12-30T13:59:08
T003281,C001157,O0007118,E0051,2025-07-23 03:43:00,Damaged Item,Low,Resolved,27.1,2025-07-24T06:49:00,2025-07-23T04:44:43
T003282,C000560,O0001584,E0039,2025-03-03 22:15:00,Account Question,Low,Resolved,3.63,2025-03-04T01:52:48,2025-03-04T01:30:18
T003283,C001320,O0003891,E0046,2025-03-26 05:09:00,Shipping Delay,Medium,Resolved,35.44,2025-03-27T16:35:24,2025-03-26T07:50:41
T003284,C001799,O0007965,E0036,2025-06-28 11:40:00,Warranty Claim,Low,Resolved,67.67,2025-07-01T07:20:12,2025-06-28T12:40:25
T003285,C000166,O0007763,E0040,2025-07-13 21:03:00,Shipping Delay,Medium,Resolved,32.18,2025-07-15T05:13:48,2025-07-13T23:05:41
T003286,C000128,O0000168,E0003,2025-04-09 19:29:00,Damaged Item,Urgent,Resolved,68.2,2025-04-12T15:41:00,2025-04-09T20:37:40
T003287,C000780,O0006054,E0022,2025-05-28 13:44:00,Product Sizing,Medium,Pending Customer,8.84,2025-05-28T22:34:24,2025-05-28T15:22:42
T003288,C001332,O0003425,E0046,2025-07-28 07:04:00,Return Request,Low,Resolved,77.06,2025-07-31T12:07:36,2025-07-28T10:19:58
T003289,C001825,O0004542,E0026,2025-02-11 21:59:00,Warranty Claim,Low,Pending Customer,103.71,2025-02-16T05:41:36,2025-02-11T23:47:50
T003290,C001587,O0008700,E0060,2025-09-27 21:52:00,Return Request,Low,Escalated,48.53,2025-09-29T22:23:48,2025-09-27T22:55:27
T003291,C000916,O0003566,E0006,2025-09-21 06:19:00,Product Sizing,Medium,Resolved,14.67,2025-09-21T20:59:12,2025-09-21T07:43:16
T003292,C001192,O0007751,E0008,2025-11-30 15:53:00,Product Sizing,Low,Escalated,15.18,2025-12-01T07:03:48,2025-11-30T18:11:03
T003293,C000690,O0011957,E0048,2025-07-25 16:05:00,Account Question,Medium,Resolved,20.17,2025-07-26T12:15:12,2025-07-25T18:06:20
T003294,C000343,O0002820,E0042,2025-07-01 17:30:00,Shipping Delay,Medium,Open,,,2025-07-01T19:15:56
T003295,C001707,O0003619,E0046,2025-12-16 00:07:00,Return Request,Medium,Resolved,88.33,2025-12-19T16:26:48,2025-12-16T01:31:21
T003296,C002406,O0014083,E0057,2025-10-02 12:58:00,Shipping Delay,Medium,Escalated,65.73,2025-10-05T06:41:48,2025-10-02T15:08:23
T003297,C001396,O0007999,E0001,2025-07-04 20:37:00,Damaged Item,Medium,Open,,,2025-07-04T21:54:37
T003298,C000903,O0007605,E0051,2025-11-10 12:04:00,Return Request,Low,Resolved,53.07,2025-11-12T17:08:12,2025-11-10T14:43:50
T003299,C000005,O0001337,E0019,2025-07-13 22:46:00,Shipping Delay,Low,Pending Customer,12.97,2025-07-14T11:44:12,2025-07-14T00:38:07
T003300,C001526,O0001571,E0014,2025-08-03 14:53:00,Return Request,Medium,Resolved,78.62,2025-08-06T21:30:12,2025-08-03T17:14:08
T003301,C002234,O0006440,E0014,2025-04-20 16:47:00,Shipping Delay,Low,Resolved,46.68,2025-04-22T15:27:48,2025-04-20T17:49:42
T003302,C000510,O0005780,E0042,2025-09-03 08:37:00,Product Sizing,Low,Resolved,8.63,2025-09-03T17:14:48,2025-09-03T09:51:38
T003303,C000229,O0009174,E0034,2025-02-22 16:13:00,Warranty Claim,Low,Resolved,61.05,2025-02-25T05:16:00,2025-02-22T17:07:10
T003304,C001571,O0010651,E0026,2025-04-10 02:32:00,Product Sizing,High,Resolved,18.12,2025-04-10T20:39:12,2025-04-10T06:18:44
T003305,C001740,O0013809,E0039,2025-10-25 14:32:00,Product Sizing,Medium,Resolved,5.26,2025-10-25T19:47:36,2025-10-25T17:27:05
T003306,C002215,O0001577,E0026,2025-03-02 06:00:00,Return Request,High,Resolved,19.6,2025-03-03T01:36:00,2025-03-02T06:39:09
T003307,C002490,O0001895,E0036,2025-10-07 08:20:00,Bulk Order Quote,High,Resolved,36.61,2025-10-08T20:56:36,2025-10-07T10:58:14
T003308,C000967,O0005196,E0014,2025-06-07 16:21:00,Product Sizing,Low,Pending Customer,10.09,2025-06-08T02:26:24,2025-06-07T18:49:01
T003309,C000984,O0012030,E0042,2025-04-27 12:30:00,Shipping Delay,Medium,Open,,,2025-04-27T16:21:31
T003310,C000326,O0004874,E0024,2025-09-27 04:59:00,Return Request,Low,Resolved,20.45,2025-09-28T01:26:00,2025-09-27T08:03:00
T003311,C001816,O0006754,E0040,2025-09-01 09:57:00,Product Sizing,Medium,Pending Customer,16.15,2025-09-02T02:06:00,2025-09-01T12:37:45
T003312,C000946,O0004683,E0014,2025-04-17 23:04:00,Order Cancellation,Medium,Pending Customer,6.17,2025-04-18T05:14:12,2025-04-18T02:47:25
T003313,C000165,O0012016,E0043,2025-02-20 07:48:00,Shipping Delay,Medium,Resolved,31.2,2025-02-21T15:00:00,2025-02-20T10:58:53
T003314,C002342,O0004787,E0039,2025-10-25 20:10:00,Product Sizing,Medium,Pending Customer,7.49,2025-10-26T03:39:24,2025-10-25T22:25:14
T003315,C000942,O0014388,E0001,2025-11-25 12:30:00,Product Sizing,Low,Escalated,6.07,2025-11-25T18:34:12,2025-11-25T16:23:39
T003316,C001838,O0009026,E0024,2025-07-22 03:21:00,Product Sizing,Low,Resolved,17.79,2025-07-22T21:08:24,2025-07-22T05:18:33
T003317,C002210,O0002996,E0057,2025-12-27 02:26:00,Shipping Delay,High,Resolved,41.6,2025-12-28T20:02:00,2025-12-27T05:53:57
T003318,C002465,O0014391,E0043,2025-07-08 06:04:00,Damaged Item,Low,Resolved,29.01,2025-07-09T11:04:36,2025-07-08T06:45:59
T003319,C000866,O0014721,E0046,2025-06-29 16:46:00,Order Cancellation,Low,Resolved,6.61,2025-06-29T23:22:36,2025-06-29T20:06:47
T003320,C001147,O0001861,E0043,2025-08-25 16:08:00,Account Question,Low,Resolved,2.55,2025-08-25T18:41:00,2025-08-25T18:03:29
T003321,C002555,O0006218,E0024,2025-08-15 08:24:00,Damaged Item,Medium,Resolved,95.0,2025-08-19T07:24:00,2025-08-15T11:59:49
T003322,C000190,O0012394,E0039,2025-06-15 21:47:00,Shipping Delay,Medium,Resolved,33.83,2025-06-17T07:36:48,2025-06-15T22:18:57
T003323,C000883,O0006324,E0039,2025-07-30 09:36:00,Damaged Item,Low,Resolved,48.98,2025-08-01T10:34:48,2025-07-30T13:05:28
T003324,C000481,O0000993,E0060,2025-04-11 10:59:00,Warranty Claim,Medium,Resolved,99.87,2025-04-15T14:51:12,2025-04-11T12:51:33
T003325,C000222,O0010835,E0048,2025-08-20 13:44:00,Shipping Delay,Medium,Resolved,27.87,2025-08-21T17:36:12,2025-08-20T17:36:39
T003326,C001892,O0003819,E0036,2025-11-27 18:16:00,Order Cancellation,Low,Resolved,6.01,2025-11-28T00:16:36,2025-11-27T19:18:11
T003327,C000287,O0006330,E0024,2025-06-16 08:23:00,Order Cancellation,Low,Resolved,5.03,2025-06-16T13:24:48,2025-06-16T09:17:11
T003328,C001917,O0000548,E0057,2025-03-01 05:35:00,Order Cancellation,Medium,Resolved,5.98,2025-03-01T11:33:48,2025-03-01T09:24:29
T003329,C000095,O0010419,E0007,2025-01-11 14:11:00,Order Cancellation,Low,Escalated,2.48,2025-01-11T16:39:48,2025-01-11T17:31:22
T003330,C001769,O0014635,E0019,2025-09-25 17:15:00,Product Sizing,Medium,Resolved,8.92,2025-09-26T02:10:12,2025-09-25T20:29:20
T003331,C000408,O0011915,E0045,2025-02-09 21:01:00,Return Request,Low,Resolved,72.05,2025-02-12T21:04:00,2025-02-10T00:23:09
T003332,C000337,O0009693,E0034,2025-12-05 13:16:00,Return Request,Low,Resolved,36.5,2025-12-07T01:46:00,2025-12-05T15:03:01
T003333,C002583,O0002865,E0003,2025-06-30 07:48:00,Product Sizing,Medium,Resolved,7.72,2025-06-30T15:31:12,2025-06-30T08:44:33
T003334,C001824,O0012888,E0026,2025-11-11 11:20:00,Shipping Delay,Low,Pending Customer,15.68,2025-11-12T03:00:48,2025-11-11T14:45:19
T003335,C001591,O0012835,E0039,2026-01-11 15:33:00,Warranty Claim,High,Pending Customer,118.25,2026-01-16T13:48:00,2026-01-11T18:01:57
T003336,C001471,O0014497,E0030,2025-09-21 14:09:00,Bulk Order Quote,Medium,Resolved,25.45,2025-09-22T15:36:00,2025-09-21T16:13:35
T003337,C000871,O0014347,E0019,2025-04-05 08:42:00,Shipping Delay,Medium,Open,,,2025-04-05T09:21:45
T003338,C001075,O0004251,E0026,2026-01-17 02:02:00,Damaged Item,Medium,Resolved,33.77,2026-01-18T11:48:12,2026-01-17T02:38:44
T003339,C000204,O0005934,E0060,2025-05-27 15:12:00,Warranty Claim,Low,Resolved,131.49,2025-06-02T02:41:24,2025-05-27T15:44:57
T003340,C000276,O0009155,E0057,2025-02-07 07:06:00,Order Cancellation,Low,Resolved,12.07,2025-02-07T19:10:12,2025-02-07T08:30:13
T003341,C000891,O0000078,E0026,2025-04-04 21:01:00,Shipping Delay,Medium,Open,,,2025-04-04T22:08:52
T003342,C001658,O0012634,E0051,2025-05-26 02:40:00,Order Cancellation,Medium,Pending Customer,4.72,2025-05-26T07:23:12,2025-05-26T04:29:48
T003343,C002247,O0001618,E0051,2025-05-21 21:31:00,Warranty Claim,Low,Resolved,77.84,2025-05-25T03:21:24,2025-05-22T00:52:46
T003344,C000759,O0009255,E0046,2025-07-21 20:36:00,Damaged Item,Medium,Resolved,30.65,2025-07-23T03:15:00,2025-07-22T00:23:34
T003345,C001438,O0012947,E0035,2025-08-03 04:47:00,Order Cancellation,Urgent,Resolved,1.08,2025-08-03T05:51:48,2025-08-03T06:49:54
T003346,C002186,O0000333,E0006,2025-05-10 03:09:00,Product Sizing,Medium,Resolved,6.36,2025-05-10T09:30:36,2025-05-10T05:39:31
T003347,C001629,O0002176,E0060,2025-12-30 17:08:00,Account Question,Medium,Escalated,7.62,2025-12-31T00:45:12,2025-12-30T18:52:44
T003348,C000072,O0009085,E0036,2025-07-05 21:16:00,Account Question,High,Escalated,9.49,2025-07-06T06:45:24,2025-07-05T23:35:04
T003349,C000155,O0004518,E0060,2025-12-11 21:46:00,Order Cancellation,Urgent,Resolved,2.69,2025-12-12T00:27:24,2025-12-11T22:17:09
T003350,C001569,O0007832,E0039,2025-07-24 19:58:00,Product Sizing,Low,Resolved,6.93,2025-07-25T02:53:48,2025-07-24T20:55:38
T003351,C001052,O0012097,E0014,2025-01-21 12:10:00,Product Sizing,Medium,Open,,,2025-01-21T13:39:14
T003352,C001581,O0014071,E0026,2025-06-14 15:25:00,Product Sizing,Low,Resolved,5.93,2025-06-14T21:20:48,2025-06-14T18:04:34
T003353,C001694,O0002781,E0019,2025-07-07 20:52:00,Shipping Delay,Low,Resolved,45.72,2025-07-09T18:35:12,2025-07-07T23:57:32
T003354,C002254,O0011966,E0051,2025-09-05 06:11:00,Product Sizing,Medium,Resolved,4.89,2025-09-05T11:04:24,2025-09-05T08:49:28
T003355,C001805,O0000276,E0043,2025-05-03 03:06:00,Warranty Claim,Medium,Pending Customer,193.44,2025-05-11T04:32:24,2025-05-03T06:40:41
T003356,C002092,O0011655,E0026,2025-07-03 05:58:00,Shipping Delay,Medium,Resolved,57.07,2025-07-05T15:02:12,2025-07-03T08:44:08
T003357,C001526,O0005877,E0039,2025-04-10 17:03:00,Warranty Claim,Low,Resolved,109.41,2025-04-15T06:27:36,2025-04-10T19:45:57
T003358,C001958,O0007024,E0046,2025-06-01 09:29:00,Return Request,High,Resolved,56.62,2025-06-03T18:06:12,2025-06-01T11:01:47
T003359,C000748,O0010828,E0051,2025-12-28 12:46:00,Product Sizing,High,Resolved,3.99,2025-12-28T16:45:24,2025-12-28T16:36:28
T003360,C000692,O0003411,E0026,2025-07-19 07:58:00,Bulk Order Quote,Medium,Resolved,97.63,2025-07-23T09:35:48,2025-07-19T08:53:41
T003361,C001773,O0008654,E0046,2025-09-03 18:23:00,Product Sizing,Medium,Resolved,4.13,2025-09-03T22:30:48,2025-09-03T21:30:19
T003362,C001172,O0009153,E0057,2025-11-29 23:49:00,Product Sizing,Low,Resolved,10.44,2025-11-30T10:15:24,2025-11-30T01:48:38
T003363,C001612,O0014307,E0028,2025-08-27 13:48:00,Return Request,Low,Resolved,17.54,2025-08-28T07:20:24,2025-08-27T16:36:21
T003364,C001619,O0014823,E0008,2025-05-25 00:44:00,Return Request,Medium,Resolved,34.04,2025-05-26T10:46:24,2025-05-25T03:37:10
T003365,C002221,O0014234,E0048,2025-05-29 17:36:00,Product Sizing,Low,Resolved,9.38,2025-05-30T02:58:48,2025-05-29T19:13:55
T003366,C002564,O0005223,E0043,2025-07-11 11:04:00,Account Question,Low,Resolved,3.41,2025-07-11T14:28:36,2025-07-11T13:33:17
T003367,C000975,O0000195,E0034,2025-02-09 05:55:00,Warranty Claim,Medium,Resolved,101.43,2025-02-13T11:20:48,2025-02-09T07:30:02
T003368,C002419,O0005887,E0043,2025-07-22 13:04:00,Product Sizing,Medium,Pending Customer,14.72,2025-07-23T03:47:12,2025-07-22T14:53:40
T003369,C001023,O0010536,E0003,2025-10-14 11:12:00,Shipping Delay,Medium,Resolved,9.91,2025-10-14T21:06:36,2025-10-14T14:33:41
T003370,C002306,O0012542,E0057,2025-03-21 01:52:00,Damaged Item,Medium,Resolved,23.9,2025-03-22T01:46:00,2025-03-21T02:24:04
T003371,C002390,O0006132,E0043,2025-06-03 20:16:00,Return Request,Medium,Resolved,35.6,2025-06-05T07:52:00,2025-06-03T23:46:56
T003372,C001568,O0011466,E0048,2025-03-14 10:31:00,Product Sizing,High,Resolved,6.76,2025-03-14T17:16:36,2025-03-14T11:03:21
T003373,C000744,O0002221,E0026,2025-09-20 07:48:00,Warranty Claim,Low,Resolved,26.41,2025-09-21T10:12:36,2025-09-20T09:49:08
T003374,C000673,O0001628,E0006,2025-09-09 22:19:00,Damaged Item,Medium,Resolved,87.42,2025-09-13T13:44:12,2025-09-10T01:57:53
T003375,C001452,O0001902,E0024,2025-06-12 07:35:00,Shipping Delay,Medium,Resolved,6.8,2025-06-12T14:23:00,2025-06-12T09:10:42
T003376,C000253,O0014707,E0026,2025-08-23 18:14:00,Return Request,Low,Resolved,12.89,2025-08-24T07:07:24,2025-08-23T18:55:23
T003377,C001168,O0003264,E0030,2025-06-17 23:22:00,Damaged Item,Low,Pending Customer,21.75,2025-06-18T21:07:00,2025-06-18T01:57:21
T003378,C002077,O0012034,E0006,2025-06-19 22:13:00,Shipping Delay,Low,Open,,,2025-06-20T02:01:46
T003379,C002536,O0001827,E0048,2025-01-20 00:56:00,Return Request,Low,Resolved,57.97,2025-01-22T10:54:12,2025-01-20T01:46:55
T003380,C000370,O0012009,E0019,2025-10-07 00:55:00,Damaged Item,Low,Resolved,31.47,2025-10-08T08:23:12,2025-10-07T03:43:46
T003381,C000038,O0005027,E0008,2025-10-09 04:51:00,Account Question,Medium,Resolved,6.22,2025-10-09T11:04:12,2025-10-09T06:15:33
T003382,C002144,O0005653,E0014,2025-12-21 18:53:00,Shipping Delay,Low,Resolved,9.64,2025-12-22T04:31:24,2025-12-21T20:50:16
T003383,C000932,O0004362,E0048,2025-04-28 09:15:00,Warranty Claim,Medium,Escalated,124.89,2025-05-03T14:08:24,2025-04-28T11:50:56
T003384,C002181,O0007833,E0042,2025-10-30 17:52:00,Damaged Item,Medium,Pending Customer,103.81,2025-11-04T01:40:36,2025-10-30T21:15:43
T003385,C001445,O0012941,E0034,2025-04-13 05:43:00,Product Sizing,Low,Resolved,9.27,2025-04-13T14:59:12,2025-04-13T06:31:44
T003386,C000393,O0010887,E0060,2025-11-30 22:57:00,Bulk Order Quote,Low,Open,,,2025-12-01T00:33:05
T003387,C002437,O0006068,E0046,2025-06-06 22:13:00,Product Sizing,Medium,Escalated,5.2,2025-06-07T03:25:00,2025-06-07T00:20:30
T003388,C001363,O0011108,E0042,2025-11-26 22:46:00,Shipping Delay,Medium,Resolved,13.6,2025-11-27T12:22:00,2025-11-26T23:33:53
T003389,C001342,O0009747,E0051,2025-12-06 14:54:00,Order Cancellation,Medium,Resolved,1.45,2025-12-06T16:21:00,2025-12-06T18:24:24
T003390,C002035,O0010773,E0060,2025-02-09 04:43:00,Bulk Order Quote,Medium,Open,,,2025-02-09T06:49:45
T003391,C000694,O0005967,E0017,2025-02-18 09:08:00,Shipping Delay,High,Resolved,21.83,2025-02-19T06:57:48,2025-02-18T12:06:52
T003392,C001369,O0012239,E0054,2025-02-13 08:33:00,Damaged Item,Urgent,Resolved,19.94,2025-02-14T04:29:24,2025-02-13T12:21:54
T003393,C000379,O0014252,E0057,2025-04-13 18:24:00,Account Question,Low,Resolved,7.69,2025-04-14T02:05:24,2025-04-13T19:54:02
T003394,C002455,O0001109,E0007,2025-01-26 13:28:00,Shipping Delay,Medium,Resolved,78.11,2025-01-29T19:34:36,2025-01-26T17:26:11
T003395,C001485,O0012018,E0057,2025-03-01 08:00:00,Product Sizing,Low,Pending Customer,15.7,2025-03-01T23:42:00,2025-03-01T10:30:24
T003396,C002503,O0013567,E0034,2025-11-22 22:40:00,Warranty Claim,Low,Escalated,44.16,2025-11-24T18:49:36,2025-11-23T02:13:39
T003397,C002056,O0001919,E0026,2025-03-14 15:26:00,Account Question,Low,Pending Customer,9.2,2025-03-15T00:38:00,2025-03-14T18:32:37
T003398,C002510,O0014572,E0042,2025-11-08 19:24:00,Return Request,Medium,Resolved,36.0,2025-11-10T07:24:00,2025-11-08T21:10:03
T003399,C001091,O0014614,E0043,2025-05-03 23:08:00,Shipping Delay,Medium,Resolved,21.14,2025-05-04T20:16:24,2025-05-04T00:48:05
T003400,C000400,O0013140,E0048,2025-07-05 23:44:00,Order Cancellation,Medium,Resolved,3.75,2025-07-06T03:29:00,2025-07-06T02:34:56
T003401,C001515,O0000784,E0037,2025-03-21 08:48:00,Return Request,Low,Resolved,19.63,2025-03-22T04:25:48,2025-03-21T10:11:41
T003402,C001298,O0007599,E0043,2025-09-27 10:44:00,Warranty Claim,High,Pending Customer,118.51,2025-10-02T09:14:36,2025-09-27T11:33:40
T003403,C000851,O0004487,E0060,2025-04-25 23:41:00,Bulk Order Quote,Low,Resolved,54.99,2025-04-28T06:40:24,2025-04-26T00:54:04
T003404,C000817,O0006121,E0014,2026-01-10 21:05:00,Warranty Claim,Medium,Resolved,75.13,2026-01-14T00:12:48,2026-01-10T22:51:48
T003405,C001186,O0011211,E0048,2025-12-22 21:09:00,Bulk Order Quote,Medium,Resolved,40.75,2025-12-24T13:54:00,2025-12-22T21:48:45
T003406,C002290,O0000853,E0051,2025-05-11 04:17:00,Product Sizing,Medium,Pending Customer,7.19,2025-05-11T11:28:24,2025-05-11T05:07:50
T003407,C000205,O0013236,E0036,2025-02-21 09:21:00,Damaged Item,Medium,Resolved,30.19,2025-02-22T15:32:24,2025-02-21T12:58:39
T003408,C000592,O0014733,E0051,2025-12-07 13:54:00,Return Request,Low,Open,,,2025-12-07T15:25:08
T003409,C001429,O0002992,E0043,2025-09-21 09:35:00,Product Sizing,Medium,Resolved,5.42,2025-09-21T15:00:12,2025-09-21T12:32:27
T003410,C000924,O0012497,E0006,2025-06-01 15:26:00,Product Sizing,Low,Escalated,16.06,2025-06-02T07:29:36,2025-06-01T15:57:40
T003411,C000630,O0013556,E0045,2025-04-16 01:31:00,Product Sizing,Low,Resolved,8.63,2025-04-16T10:08:48,2025-04-16T04:01:44
T003412,C002348,O0011581,E0060,2025-09-24 07:51:00,Bulk Order Quote,High,Pending Customer,25.93,2025-09-25T09:46:48,2025-09-24T11:49:38
T003413,C001670,O0013159,E0054,2025-02-27 16:46:00,Return Request,Medium,Resolved,55.06,2025-03-01T23:49:36,2025-02-27T19:33:53
T003414,C000840,O0008512,E0014,2025-04-07 04:01:00,Warranty Claim,Medium,Resolved,37.87,2025-04-08T17:53:12,2025-04-07T05:22:27
T003415,C000870,O0014684,E0034,2026-02-09 01:03:00,Account Question,Low,Resolved,3.51,2026-02-09T04:33:36,2026-02-09T04:13:50
T003416,C000406,O0004672,E0057,2025-04-22 10:38:00,Return Request,Medium,Escalated,95.92,2025-04-26T10:33:12,2025-04-22T13:29:57
T003417,C002300,O0009104,E0006,2025-05-05 10:15:00,Shipping Delay,Low,Resolved,29.44,2025-05-06T15:41:24,2025-05-05T12:02:14
T003418,C002220,O0003866,E0046,2025-11-06 16:26:00,Product Sizing,Low,Resolved,12.17,2025-11-07T04:36:12,2025-11-06T18:49:55
T003419,C001845,O0002986,E0034,2026-01-06 20:30:00,Shipping Delay,High,Resolved,21.59,2026-01-07T18:05:24,2026-01-06T21:59:48
T003420,C002340,O0013798,E0046,2025-12-04 08:13:00,Warranty Claim,Medium,Resolved,92.1,2025-12-08T04:19:00,2025-12-04T10:01:30
T003421,C000034,O0014866,E0024,2025-11-21 07:04:00,Return Request,Urgent,Resolved,39.46,2025-11-22T22:31:36,2025-11-21T08:05:20
T003422,C000122,O0000561,E0003,2025-04-20 00:53:00,Shipping Delay,Low,Resolved,13.93,2025-04-20T14:48:48,2025-04-20T04:17:24
T003423,C001133,O0002867,E0040,2025-12-29 03:11:00,Bulk Order Quote,Medium,Resolved,105.62,2026-01-02T12:48:12,2025-12-29T05:33:16
T003424,C002564,O0002885,E0060,2025-02-24 18:04:00,Product Sizing,Low,Resolved,2.78,2025-02-24T20:50:48,2025-02-24T20:33:20
T003425,C001324,O0013357,E0057,2025-03-16 17:56:00,Shipping Delay,Low,Pending Customer,15.87,2025-03-17T09:48:12,2025-03-16T21:48:50
T003426,C000918,O0005680,E0051,2025-06-17 04:35:00,Shipping Delay,Low,Resolved,68.35,2025-06-20T00:56:00,2025-06-17T06:27:53
T003427,C001043,O0005362,E0024,2025-07-30 01:03:00,Return Request,Medium,Resolved,9.88,2025-07-30T10:55:48,2025-07-30T04:37:05
T003428,C001449,O0000494,E0006,2025-12-22 04:52:00,Damaged Item,Low,Resolved,36.76,2025-12-23T17:37:36,2025-12-22T07:57:47
T003429,C000212,O0005361,E0020,2025-03-24 18:49:00,Product Sizing,Medium,Resolved,5.95,2025-03-25T00:46:00,2025-03-24T22:37:12
T003430,C001625,O0006900,E0051,2025-11-24 12:25:00,Return Request,Urgent,Escalated,57.31,2025-11-26T21:43:36,2025-11-24T14:41:52
T003431,C000858,O0014914,E0051,2025-10-17 07:27:00,Return Request,Medium,Resolved,12.77,2025-10-17T20:13:12,2025-10-17T10:10:28
T003432,C002084,O0008525,E0022,2025-11-14 22:34:00,Warranty Claim,Medium,Resolved,92.43,2025-11-18T18:59:48,2025-11-15T00:06:11
T003433,C001723,O0013397,E0043,2025-10-27 16:09:00,Warranty Claim,Medium,Pending Customer,131.42,2025-11-02T03:34:12,2025-10-27T17:58:15
T003434,C001967,O0000410,E0040,2025-05-19 23:32:00,Shipping Delay,Low,Resolved,28.8,2025-05-21T04:20:00,2025-05-20T00:21:22
T003435,C001977,O0008282,E0039,2025-04-18 05:15:00,Damaged Item,Medium,Pending Customer,19.8,2025-04-19T01:03:00,2025-04-18T06:06:25
T003436,C001485,O0009184,E0004,2025-01-31 14:15:00,Warranty Claim,Medium,Open,,,2025-01-31T16:49:32
T003437,C002007,O0005787,E0039,2025-12-19 11:52:00,Shipping Delay,Medium,Resolved,11.66,2025-12-19T23:31:36,2025-12-19T14:41:22
T003438,C001893,O0011383,E0024,2025-07-04 06:00:00,Return Request,Low,Resolved,62.88,2025-07-06T20:52:48,2025-07-04T08:11:38
T003439,C000282,O0008950,E0024,2025-04-01 21:08:00,Shipping Delay,Low,Resolved,47.9,2025-04-03T21:02:00,2025-04-01T23:04:39
T003440,C002329,O0011412,E0026,2025-04-05 04:50:00,Warranty Claim,Medium,Resolved,115.53,2025-04-10T00:21:48,2025-04-05T08:37:30
T003441,C002323,O0001169,E0040,2025-03-12 06:22:00,Return Request,Medium,Resolved,48.25,2025-03-14T06:37:00,2025-03-12T09:15:20
T003442,C002482,O0014924,E0024,2025-04-08 08:13:00,Shipping Delay,Low,Pending Customer,14.57,2025-04-08T22:47:12,2025-04-08T11:11:01
T003443,C002448,O0001180,E0036,2026-01-22 08:15:00,Product Sizing,Medium,Resolved,7.64,2026-01-22T15:53:24,2026-01-22T11:29:27
T003444,C000430,O0004325,E0014,2025-09-17 18:20:00,Product Sizing,Low,Resolved,21.18,2025-09-18T15:30:48,2025-09-17T20:08:41
T003445,C002462,O0009089,E0003,2025-12-10 11:20:00,Product Sizing,Low,Resolved,11.03,2025-12-10T22:21:48,2025-12-10T13:21:22
T003446,C001535,O0011602,E0019,2025-02-05 13:29:00,Warranty Claim,Medium,Pending Customer,129.49,2025-02-10T22:58:24,2025-02-05T16:10:43
T003447,C000621,O0011788,E0003,2025-10-30 05:03:00,Order Cancellation,Low,Resolved,4.33,2025-10-30T09:22:48,2025-10-30T08:03:58
T003448,C001584,O0012353,E0006,2025-09-18 00:39:00,Return Request,High,Resolved,27.97,2025-09-19T04:37:12,2025-09-18T01:42:02
T003449,C002452,O0011714,E0043,2025-08-25 10:58:00,Shipping Delay,Low,Resolved,30.99,2025-08-26T17:57:24,2025-08-25T13:17:03
T003450,C001146,O0006764,E0042,2025-02-08 20:18:00,Shipping Delay,Low,Resolved,20.84,2025-02-09T17:08:24,2025-02-08T23:01:34
T003451,C002466,O0002640,E0003,2025-02-04 01:07:00,Account Question,Low,Resolved,7.63,2025-02-04T08:44:48,2025-02-04T03:00:25
T003452,C002443,O0005937,E0059,2025-03-23 11:07:00,Shipping Delay,High,Pending Customer,22.54,2025-03-24T09:39:24,2025-03-23T11:50:23
T003453,C002497,O0001548,E0036,2025-05-05 04:37:00,Return Request,Low,Resolved,41.09,2025-05-06T21:42:24,2025-05-05T07:02:16
T003454,C000643,O0007153,E0048,2025-07-05 05:34:00,Shipping Delay,Medium,Resolved,68.45,2025-07-08T02:01:00,2025-07-05T07:24:49
T003455,C002237,O0010146,E0026,2025-12-21 05:14:00,Product Sizing,Low,Resolved,4.74,2025-12-21T09:58:24,2025-12-21T05:54:43
T003456,C002138,O0005781,E0040,2025-12-09 01:27:00,Shipping Delay,Medium,Resolved,44.59,2025-12-10T22:02:24,2025-12-09T02:32:26
T003457,C002000,O0010794,E0048,2026-01-01 12:11:00,Order Cancellation,Medium,Resolved,10.3,2026-01-01T22:29:00,2026-01-01T13:06:18
T003458,C002088,O0000937,E0022,2025-04-23 02:06:00,Product Sizing,Medium,Resolved,5.84,2025-04-23T07:56:24,2025-04-23T04:07:25
T003459,C002389,O0013031,E0019,2025-09-17 04:07:00,Return Request,Medium,Resolved,44.93,2025-09-19T01:02:48,2025-09-17T04:40:08
T003460,C002273,O0012382,E0046,2025-04-17 00:34:00,Return Request,Medium,Resolved,36.55,2025-04-18T13:07:00,2025-04-17T02:39:30
T003461,C001844,O0010558,E0056,2025-02-02 21:46:00,Warranty Claim,Medium,Resolved,88.38,2025-02-06T14:08:48,2025-02-02T23:37:41
T003462,C000080,O0005402,E0060,2025-12-20 01:47:00,Shipping Delay,Low,Resolved,54.87,2025-12-22T08:39:12,2025-12-20T02:48:08
T003463,C000676,O0013286,E0003,2025-11-07 09:58:00,Return Request,Medium,Resolved,26.76,2025-11-08T12:43:36,2025-11-07T10:47:17
T003464,C001046,O0013290,E0040,2025-02-11 05:35:00,Return Request,Low,Resolved,27.38,2025-02-12T08:57:48,2025-02-11T07:36:50
T003465,C002011,O0008859,E0014,2025-12-14 23:38:00,Shipping Delay,Urgent,Open,,,2025-12-15T02:12:10
T003466,C000658,O0006110,E0001,2025-07-05 01:35:00,Product Sizing,Low,Escalated,4.48,2025-07-05T06:03:48,2025-07-05T02:18:55
T003467,C002033,O0013613,E0014,2025-11-25 23:18:00,Return Request,High,Resolved,12.96,2025-11-26T12:15:36,2025-11-26T00:32:24
T003468,C000054,O0012253,E0019,2025-06-04 12:55:00,Product Sizing,Low,Resolved,5.62,2025-06-04T18:32:12,2025-06-04T13:40:08
T003469,C001212,O0013152,E0019,2025-12-31 03:15:00,Return Request,High,Resolved,21.43,2026-01-01T00:40:48,2025-12-31T05:57:16
T003470,C000288,O0003759,E0060,2025-06-17 04:04:00,Shipping Delay,High,Open,,,2025-06-17T06:17:31
T003471,C001878,O0000075,E0009,2025-12-24 11:21:00,Order Cancellation,Low,Pending Customer,1.18,2025-12-24T12:31:48,2025-12-24T12:16:14
T003472,C002347,O0011126,E0036,2025-06-09 02:19:00,Account Question,Low,Resolved,9.87,2025-06-09T12:11:12,2025-06-09T06:08:17
T003473,C001967,O0004239,E0040,2025-08-26 13:03:00,Shipping Delay,Low,Pending Customer,22.72,2025-08-27T11:46:12,2025-08-26T14:40:43
T003474,C001766,O0000216,E0042,2025-11-23 06:51:00,Shipping Delay,High,Resolved,43.19,2025-11-25T02:02:24,2025-11-23T07:39:32
T003475,C001639,O0006993,E0048,2025-04-27 12:57:00,Bulk Order Quote,Medium,Resolved,82.74,2025-04-30T23:41:24,2025-04-27T16:18:28
T003476,C002490,O0000437,E0019,2025-10-23 12:46:00,Account Question,Medium,Resolved,9.37,2025-10-23T22:08:12,2025-10-23T14:39:38
T003477,C001161,O0000402,E0004,2025-04-20 12:07:00,Return Request,Medium,Pending Customer,48.89,2025-04-22T13:00:24,2025-04-20T14:09:35
T003478,C000048,O0014053,E0017,2025-10-26 16:34:00,Product Sizing,Medium,Open,,,2025-10-26T19:44:18
T003479,C001481,O0008361,E0036,2025-07-12 01:50:00,Damaged Item,Low,Resolved,51.95,2025-07-14T05:47:00,2025-07-12T03:55:12
T003480,C002496,O0005659,E0058,2025-03-05 21:30:00,Account Question,Medium,Resolved,4.47,2025-03-06T01:58:12,2025-03-06T00:39:47
T003481,C001980,O0010112,E0040,2025-02-03 13:51:00,Damaged Item,Low,Resolved,49.67,2025-02-05T15:31:12,2025-02-03T17:04:35
T003482,C001669,O0013448,E0028,2026-01-22 19:09:00,Return Request,Medium,Resolved,110.99,2026-01-27T10:08:24,2026-01-22T21:45:26
T003483,C000480,O0000446,E0043,2025-04-01 23:51:00,Warranty Claim,Low,Escalated,114.15,2025-04-06T18:00:00,2025-04-02T01:43:13
T003484,C001633,O0014697,E0048,2025-03-11 05:05:00,Order Cancellation,Low,Resolved,0.8,2025-03-11T05:53:00,2025-03-11T06:35:29
T003485,C000790,O0009586,E0054,2025-05-07 23:42:00,Bulk Order Quote,Medium,Resolved,138.66,2025-05-13T18:21:36,2025-05-08T02:40:43
T003486,C000875,O0004991,E0042,2025-09-29 09:22:00,Warranty Claim,Medium,Pending Customer,720.0,2025-10-29T09:22:00,2025-09-29T11:45:08
T003487,C001621,O0009957,E0042,2026-01-02 04:54:00,Warranty Claim,Low,Open,,,2026-01-02T06:52:30
T003488,C000589,O0012931,E0019,2025-06-21 21:22:00,Shipping Delay,Medium,Resolved,57.03,2025-06-24T06:23:48,2025-06-21T23:06:01
T003489,C001353,O0008613,E0057,2025-07-20 06:53:00,Shipping Delay,Medium,Resolved,47.44,2025-07-22T06:19:24,2025-07-20T07:58:58
T003490,C002104,O0013355,E0024,2025-02-16 18:26:00,Shipping Delay,Medium,Resolved,10.71,2025-02-17T05:08:36,2025-02-16T21:47:33
T003491,C001094,O0006893,E0042,2025-10-07 02:48:00,Shipping Delay,Medium,Resolved,32.19,2025-10-08T10:59:24,2025-10-07T05:38:15
T003492,C002435,O0014315,E0040,2026-01-09 15:28:00,Shipping Delay,Low,Pending Customer,9.46,2026-01-10T00:55:36,2026-01-09T17:09:00
T003493,C002181,O0003791,E0043,2025-10-05 06:16:00,Warranty Claim,Low,Open,,,2025-10-05T07:41:43
T003494,C001934,O0007512,E0034,2025-09-09 06:46:00,Product Sizing,Low,Resolved,14.33,2025-09-09T21:05:48,2025-09-09T07:58:17
T003495,C001170,O0008875,E0020,2025-08-24 23:07:00,Shipping Delay,Low,Resolved,24.45,2025-08-25T23:34:00,2025-08-25T02:22:58
T003496,C001010,O0005616,E0006,2025-03-11 06:25:00,Order Cancellation,Medium,Open,,,2025-03-11T09:06:13
T003497,C002315,O0010177,E0001,2025-07-06 10:10:00,Return Request,High,Escalated,19.53,2025-07-07T05:41:48,2025-07-06T12:54:50
T003498,C001147,O0006379,E0019,2025-12-15 18:32:00,Bulk Order Quote,Medium,Resolved,47.78,2025-12-17T18:18:48,2025-12-15T19:49:03
T003499,C002389,O0012014,E0048,2025-04-21 11:35:00,Shipping Delay,Medium,Open,,,2025-04-21T15:33:23
T003500,C000921,O0012859,E0057,2025-11-11 18:45:00,Return Request,Low,Resolved,48.36,2025-11-13T19:06:36,2025-11-11T20:04:24
T003501,C000946,O0004683,E0024,2025-04-09 16:04:00,Product Sizing,Low,Resolved,14.05,2025-04-10T06:07:00,2025-04-09T17:55:23
T003502,C002289,O0007368,E0054,2026-01-11 20:40:00,Order Cancellation,Medium,Resolved,1.48,2026-01-11T22:08:48,2026-01-11T21:23:41
T003503,C002579,O0004754,E0039,2025-08-18 00:23:00,Shipping Delay,Low,Resolved,64.1,2025-08-20T16:29:00,2025-08-18T01:17:07
T003504,C000587,O0003637,E0051,2025-06-15 13:07:00,Warranty Claim,Medium,Resolved,63.77,2025-06-18T04:53:12,2025-06-15T15:31:35
T003505,C000165,O0007438,E0001,2025-04-19 16:44:00,Return Request,Medium,Escalated,37.92,2025-04-21T06:39:12,2025-04-19T18:31:19
T003506,C001430,O0010900,E0026,2026-01-06 05:20:00,Product Sizing,Medium,Resolved,3.95,2026-01-06T09:17:00,2026-01-06T09:07:53
T003507,C001505,O0003158,E0026,2025-09-22 01:56:00,Shipping Delay,Low,Resolved,32.25,2025-09-23T10:11:00,2025-09-22T03:54:46
T003508,C000417,O0013998,E0017,2025-03-03 14:17:00,Return Request,Low,Resolved,72.42,2025-03-06T14:42:12,2025-03-03T17:08:53
T003509,C000245,O0009172,E0036,2025-02-18 12:27:00,Product Sizing,Medium,Resolved,5.61,2025-02-18T18:03:36,2025-02-18T16:18:39
T003510,C002059,O0005040,E0046,2025-08-14 05:42:00,Return Request,Urgent,Resolved,47.26,2025-08-16T04:57:36,2025-08-14T09:31:40
T003511,C002128,O0000744,E0034,2025-02-12 22:51:00,Damaged Item,High,Escalated,48.0,2025-02-14T22:51:00,2025-02-12T23:56:54
T003512,C002402,O0007959,E0053,2025-04-11 14:53:00,Shipping Delay,Low,Pending Customer,24.56,2025-04-12T15:26:36,2025-04-11T18:46:41
T003513,C001193,O0003086,E0051,2025-03-25 22:16:00,Damaged Item,Medium,Resolved,69.52,2025-03-28T19:47:12,2025-03-25T23:25:23
T003514,C000368,O0010006,E0043,2025-12-07 04:07:00,Damaged Item,Medium,Resolved,59.16,2025-12-09T15:16:36,2025-12-07T05:34:08
T003515,C002124,O0011085,E0042,2025-05-04 19:37:00,Shipping Delay,High,Resolved,22.85,2025-05-05T18:28:00,2025-05-04T22:34:00
T003516,C002431,O0002917,E0058,2025-11-24 05:53:00,Product Sizing,Low,Resolved,3.22,2025-11-24T09:06:12,2025-11-24T08:18:55
T003517,C001695,O0000147,E0042,2025-11-04 14:01:00,Shipping Delay,High,Resolved,27.3,2025-11-05T17:19:00,2025-11-04T14:41:27
T003518,C001179,O0001894,E0014,2025-10-15 05:37:00,Damaged Item,Medium,Escalated,28.65,2025-10-16T10:16:00,2025-10-15T07:08:02
T003519,C001134,O0002243,E0046,2025-07-18 08:17:00,Return Request,Medium,Resolved,70.37,2025-07-21T06:39:12,2025-07-18T10:06:23
T003520,C002110,O0010510,E0043,2025-04-18 16:44:00,Warranty Claim,Low,Resolved,30.23,2025-04-19T22:57:48,2025-04-18T17:32:38
T003521,C000182,O0004855,E0006,2025-09-17 10:31:00,Account Question,Medium,Resolved,4.44,2025-09-17T14:57:24,2025-09-17T11:30:10
T003522,C001766,O0011352,E0006,2025-06-08 10:55:00,Shipping Delay,Medium,Resolved,45.67,2025-06-10T08:35:12,2025-06-08T13:26:01
T003523,C002584,O0013529,E0034,2025-07-05 21:10:00,Product Sizing,High,Resolved,11.45,2025-07-06T08:37:00,2025-07-06T00:22:53
T003524,C001290,O0007082,E0048,2025-11-17 17:25:00,Damaged Item,High,Resolved,38.03,2025-11-19T07:26:48,2025-11-17T17:59:31
T003525,C002103,O0007381,E0028,2025-03-21 21:43:00,Order Cancellation,Low,Escalated,5.53,2025-03-22T03:14:48,2025-03-22T00:10:25
T003526,C002381,O0000491,E0024,2025-10-22 09:49:00,Product Sizing,Low,Resolved,9.13,2025-10-22T18:56:48,2025-10-22T11:51:57
T003527,C000905,O0013223,E0040,2025-10-30 10:59:00,Shipping Delay,Medium,Pending Customer,28.39,2025-10-31T15:22:24,2025-10-30T11:59:11
T003528,C000282,O0001600,E0019,2025-09-26 03:57:00,Return Request,Medium,Resolved,47.16,2025-09-28T03:06:36,2025-09-26T05:51:17
T003529,C001097,O0014810,E0045,2026-01-03 21:04:00,Return Request,Medium,Pending Customer,56.78,2026-01-06T05:50:48,2026-01-04T00:14:22
T003530,C002094,O0011989,E0019,2025-04-02 00:43:00,Damaged Item,Low,Resolved,79.6,2025-04-05T08:19:00,2025-04-02T04:04:06
T003531,C002544,O0007458,E0042,2025-04-19 06:12:00,Return Request,Low,Open,,,2025-04-19T09:29:20
T003532,C000547,O0002696,E0014,2025-02-28 00:16:00,Product Sizing,Low,Resolved,7.6,2025-02-28T07:52:00,2025-02-28T03:18:49
T003533,C000586,O0010233,E0058,2025-05-04 06:48:00,Damaged Item,Medium,Resolved,17.5,2025-05-05T00:18:00,2025-05-04T08:06:29
T003534,C001074,O0012844,E0026,2025-05-12 10:25:00,Shipping Delay,Low,Resolved,78.27,2025-05-15T16:41:12,2025-05-12T13:10:27
T003535,C002202,O0003116,E0041,2025-09-15 04:38:00,Warranty Claim,High,Resolved,203.08,2025-09-23T15:42:48,2025-09-15T05:17:46
T003536,C001969,O0014370,E0043,2025-05-20 08:26:00,Order Cancellation,Medium,Pending Customer,8.18,2025-05-20T16:36:48,2025-05-20T09:50:42
T003537,C000128,O0007007,E0036,2025-04-03 22:09:00,Order Cancellation,Medium,Resolved,3.71,2025-04-04T01:51:36,2025-04-04T00:49:41
T003538,C000213,O0013467,E0003,2025-08-04 02:45:00,Shipping Delay,Low,Escalated,19.13,2025-08-04T21:52:48,2025-08-04T04:22:45
T003539,C001941,O0007825,E0007,2025-09-10 01:18:00,Damaged Item,Medium,Resolved,20.06,2025-09-10T21:21:36,2025-09-10T03:59:12
T003540,C002158,O0014373,E0019,2025-08-20 06:14:00,Shipping Delay,Medium,Resolved,40.48,2025-08-21T22:42:48,2025-08-20T08:35:29
T003541,C001444,O0013515,E0046,2025-04-04 17:25:00,Damaged Item,High,Resolved,186.31,2025-04-12T11:43:36,2025-04-04T18:26:03
T003542,C002492,O0000106,E0014,2025-06-04 01:37:00,Product Sizing,Low,Resolved,3.26,2025-06-04T04:52:36,2025-06-04T03:04:10
T003543,C002528,O0003598,E0048,2025-06-20 22:49:00,Order Cancellation,Low,Pending Customer,3.52,2025-06-21T02:20:12,2025-06-21T01:39:35
T003544,C001412,O0004299,E0057,2025-04-28 15:14:00,Shipping Delay,Low,Resolved,24.61,2025-04-29T15:50:36,2025-04-28T17:40:36
T003545,C001992,O0011016,E0054,2026-01-14 15:30:00,Order Cancellation,Low,Resolved,7.3,2026-01-14T22:48:00,2026-01-14T18:58:52
T003546,C001969,O0010225,E0034,2025-06-16 07:35:00,Product Sizing,Low,Resolved,3.57,2025-06-16T11:09:12,2025-06-16T09:35:48
T003547,C001214,O0012608,E0046,2025-07-24 10:42:00,Order Cancellation,Low,Resolved,6.1,2025-07-24T16:48:00,2025-07-24T14:37:40
T003548,C001817,O0006080,E0060,2025-09-01 08:00:00,Product Sizing,Medium,Pending Customer,4.35,2025-09-01T12:21:00,2025-09-01T08:36:48
T003549,C000372,O0002552,E0056,2025-10-29 13:24:00,Shipping Delay,Low,Resolved,14.5,2025-10-30T03:54:00,2025-10-29T14:14:31
T003550,C000639,O0004304,E0019,2025-10-12 04:56:00,Account Question,Medium,Pending Customer,2.77,2025-10-12T07:42:12,2025-10-12T08:36:44
T003551,C001782,O0000507,E0003,2025-10-08 02:05:00,Damaged Item,High,Resolved,45.17,2025-10-09T23:15:12,2025-10-08T05:34:31
T003552,C000815,O0006231,E0041,2025-11-24 13:23:00,Product Sizing,Low,Escalated,11.65,2025-11-25T01:02:00,2025-11-24T14:18:22
T003553,C000017,O0011218,E0036,2025-08-17 15:21:00,Damaged Item,Medium,Pending Customer,42.38,2025-08-19T09:43:48,2025-08-17T17:58:53
T003554,C001921,O0006304,E0042,2025-03-08 07:19:00,Shipping Delay,Medium,Resolved,17.97,2025-03-09T01:17:12,2025-03-08T11:09:24
T003555,C001254,O0007110,E0003,2025-12-27 09:36:00,Bulk Order Quote,Medium,Pending Customer,228.87,2026-01-05T22:28:12,2025-12-27T11:49:08
T003556,C000849,O0012857,E0051,2025-06-20 01:29:00,Warranty Claim,High,Resolved,41.42,2025-06-21T18:54:12,2025-06-20T05:06:08
T003557,C001452,O0012078,E0039,2025-11-05 04:30:00,Return Request,Medium,Resolved,29.42,2025-11-06T09:55:12,2025-11-05T06:28:44
T003558,C001317,O0005099,E0019,2026-01-20 18:52:00,Damaged Item,Low,Escalated,79.71,2026-01-24T02:34:36,2026-01-20T21:43:21
T003559,C000279,O0013221,E0003,2025-04-29 05:07:00,Warranty Claim,Medium,Escalated,115.47,2025-05-04T00:35:12,2025-04-29T08:29:10
T003560,C000103,O0014098,E0057,2025-03-05 20:58:00,Order Cancellation,Medium,Pending Customer,1.76,2025-03-05T22:43:36,2025-03-05T22:24:59
T003561,C001502,O0010074,E0008,2025-10-20 21:33:00,Return Request,Medium,Resolved,44.86,2025-10-22T18:24:36,2025-10-21T01:19:04
T003562,C001958,O0009584,E0008,2025-10-27 01:09:00,Product Sizing,High,Pending Customer,4.94,2025-10-27T06:05:24,2025-10-27T02:32:33
T003563,C001384,O0007020,E0035,2025-10-02 06:45:00,Order Cancellation,High,Resolved,4.99,2025-10-02T11:44:24,2025-10-02T09:35:33
T003564,C002132,O0005927,E0040,2025-09-03 11:10:00,Product Sizing,High,Resolved,10.51,2025-09-03T21:40:36,2025-09-03T12:51:19
T003565,C000093,O0009967,E0003,2025-06-25 23:46:00,Bulk Order Quote,High,Pending Customer,59.14,2025-06-28T10:54:24,2025-06-26T00:30:05
T003566,C001459,O0005902,E0043,2025-11-13 19:42:00,Warranty Claim,Low,Resolved,147.81,2025-11-19T23:30:36,2025-11-13T22:48:47
T003567,C001892,O0002094,E0028,2025-01-29 07:08:00,Shipping Delay,Medium,Resolved,20.7,2025-01-30T03:50:00,2025-01-29T09:30:45
T003568,C000740,O0010685,E0024,2025-08-27 12:19:00,Shipping Delay,Low,Resolved,35.8,2025-08-29T00:07:00,2025-08-27T15:32:15
T003569,C001568,O0011466,E0022,2025-03-02 14:31:00,Account Question,High,Resolved,9.75,2025-03-03T00:16:00,2025-03-02T18:16:44
T003570,C001996,O0012011,E0040,2025-10-02 07:34:00,Product Sizing,Medium,Resolved,13.15,2025-10-02T20:43:00,2025-10-02T10:43:12
T003571,C002087,O0008315,E0017,2026-01-20 05:35:00,Return Request,Low,Resolved,48.06,2026-01-22T05:38:36,2026-01-20T06:47:20
T003572,C001715,O0006575,E0014,2025-01-09 12:27:00,Order Cancellation,Low,Pending Customer,9.67,2025-01-09T22:07:12,2025-01-09T14:10:44
T003573,C000796,O0007809,E0057,2025-03-09 17:26:00,Shipping Delay,High,Escalated,39.04,2025-03-11T08:28:24,2025-03-09T20:35:12
T003574,C001982,O0000123,E0042,2025-01-17 23:09:00,Order Cancellation,Low,Open,,,2025-01-18T01:13:17
T003575,C001808,O0003482,E0051,2025-04-12 13:09:00,Return Request,High,Resolved,68.01,2025-04-15T09:09:36,2025-04-12T15:51:18
T003576,C002438,O0006626,E0060,2025-10-20 13:03:00,Account Question,Low,Pending Customer,3.82,2025-10-20T16:52:12,2025-10-20T15:24:46
T003577,C002358,O0010501,E0058,2025-09-16 19:32:00,Bulk Order Quote,Low,Resolved,36.71,2025-09-18T08:14:36,2025-09-16T20:22:57
T003578,C000366,O0011203,E0039,2026-01-16 01:37:00,Bulk Order Quote,Low,Resolved,108.65,2026-01-20T14:16:00,2026-01-16T04:59:39
T003579,C001854,O0008493,E0024,2025-10-18 21:48:00,Order Cancellation,Low,Open,,,2025-10-19T00:26:20
T003580,C001142,O0013511,E0042,2025-02-24 04:33:00,Order Cancellation,Low,Resolved,12.95,2025-02-24T17:30:00,2025-02-24T06:29:45
T003581,C001768,O0007379,E0057,2025-08-13 10:09:00,Warranty Claim,Low,Resolved,40.01,2025-08-15T02:09:36,2025-08-13T12:21:21
T003582,C002313,O0010853,E0042,2025-02-14 09:28:00,Account Question,Low,Resolved,6.3,2025-02-14T15:46:00,2025-02-14T12:20:40
T003583,C002448,O0001344,E0058,2025-10-28 11:51:00,Product Sizing,Medium,Resolved,10.96,2025-10-28T22:48:36,2025-10-28T15:44:07
T003584,C001592,O0012799,E0026,2025-03-06 01:37:00,Bulk Order Quote,Low,Resolved,77.29,2025-03-09T06:54:24,2025-03-06T02:08:24
T003585,C002569,O0005262,E0046,2025-12-07 11:38:00,Shipping Delay,Medium,Pending Customer,20.82,2025-12-08T08:27:12,2025-12-07T14:14:30
T003586,C002210,O0001261,E0003,2025-08-17 07:40:00,Bulk Order Quote,Medium,Resolved,207.91,2025-08-25T23:34:36,2025-08-17T08:52:45
T003587,C002505,O0004195,E0046,2025-05-06 18:23:00,Return Request,Medium,Resolved,42.31,2025-05-08T12:41:36,2025-05-06T22:14:29
T003588,C000655,O0008131,E0026,2025-09-25 08:08:00,Damaged Item,Low,Pending Customer,26.98,2025-09-26T11:06:48,2025-09-25T11:38:10
T003589,C001705,O0004302,E0006,2025-05-19 00:55:00,Product Sizing,Low,Pending Customer,10.7,2025-05-19T11:37:00,2025-05-19T02:14:32
T003590,C001498,O0012143,E0045,2025-10-05 21:00:00,Account Question,Low,Resolved,11.17,2025-10-06T08:10:12,2025-10-06T00:35:19
T003591,C002022,O0011367,E0017,2026-01-03 06:32:00,Warranty Claim,Low,Resolved,108.77,2026-01-07T19:18:12,2026-01-03T10:06:24
T003592,C002086,O0012036,E0046,2025-03-17 04:38:00,Product Sizing,Low,Open,,,2025-03-17T06:34:55
T003593,C000700,O0001725,E0024,2025-07-05 16:28:00,Warranty Claim,High,Pending Customer,154.45,2025-07-12T02:55:00,2025-07-05T19:13:50
T003594,C001967,O0003927,E0056,2025-11-19 22:13:00,Return Request,Low,Resolved,28.77,2025-11-21T02:59:12,2025-11-20T00:30:05
T003595,C001452,O0008378,E0019,2025-02-13 11:42:00,Shipping Delay,Low,Pending Customer,14.75,2025-02-14T02:27:00,2025-02-13T15:01:23
T003596,C001995,O0008260,E0043,2025-07-29 03:18:00,Shipping Delay,Low,Resolved,49.88,2025-07-31T05:10:48,2025-07-29T04:43:58
T003597,C001766,O0010183,E0026,2025-04-01 15:01:00,Shipping Delay,Low,Pending Customer,13.97,2025-04-02T04:59:12,2025-04-01T16:29:17
T003598,C000138,O0004993,E0004,2025-12-24 11:05:00,Product Sizing,Low,Pending Customer,9.27,2025-12-24T20:21:12,2025-12-24T13:44:42
T003599,C002031,O0006629,E0042,2025-06-21 09:55:00,Damaged Item,Medium,Resolved,24.91,2025-06-22T10:49:36,2025-06-21T11:43:40
T003600,C001968,O0012303,E0024,2025-06-04 09:24:00,Damaged Item,Medium,Escalated,25.17,2025-06-05T10:34:12,2025-06-04T13:23:06
T003601,C002316,O0004492,E0057,2025-11-10 05:53:00,Order Cancellation,Low,Resolved,9.27,2025-11-10T15:09:12,2025-11-10T06:25:45
T003602,C001890,O0012902,E0048,2025-02-04 06:38:00,Damaged Item,High,Resolved,16.35,2025-02-04T22:59:00,2025-02-04T08:05:51
T003603,C001415,O0001805,E0036,2025-10-11 12:43:00,Warranty Claim,Medium,Resolved,61.6,2025-10-14T02:19:00,2025-10-11T14:00:32
T003604,C000820,O0009969,E0026,2026-01-01 15:04:00,Shipping Delay,Low,Resolved,19.72,2026-01-02T10:47:12,2026-01-01T18:31:00
T003605,C001300,O0013803,E0035,2025-11-09 17:49:00,Shipping Delay,Medium,Escalated,15.03,2025-11-10T08:50:48,2025-11-09T21:30:08
T003606,C000501,O0012705,E0040,2025-07-19 13:01:00,Order Cancellation,Low,Resolved,4.02,2025-07-19T17:02:12,2025-07-19T13:34:30
T003607,C000889,O0005853,E0035,2025-11-15 07:14:00,Damaged Item,Medium,Resolved,24.8,2025-11-16T08:02:00,2025-11-15T10:08:11
T003608,C001546,O0000842,E0003,2025-05-11 09:51:00,Return Request,Medium,Resolved,180.54,2025-05-18T22:23:24,2025-05-11T13:28:48
T003609,C001250,O0009459,E0060,2025-09-06 07:06:00,Shipping Delay,Medium,Resolved,44.41,2025-09-08T03:30:36,2025-09-06T07:45:29
T003610,C001502,O0012322,E0046,2026-01-14 14:47:00,Shipping Delay,Medium,Resolved,23.07,2026-01-15T13:51:12,2026-01-14T18:29:46
T003611,C000322,O0001662,E0053,2025-11-29 04:53:00,Damaged Item,Medium,Resolved,43.87,2025-12-01T00:45:12,2025-11-29T07:49:22
T003612,C000073,O0007654,E0034,2025-04-18 20:28:00,Order Cancellation,Medium,Resolved,15.1,2025-04-19T11:34:00,2025-04-18T22:45:14
T003613,C001342,O0009019,E0048,2025-05-11 12:10:00,Damaged Item,Urgent,Resolved,121.03,2025-05-16T13:11:48,2025-05-11T13:43:02
T003614,C000321,O0008787,E0042,2025-11-29 21:39:00,Return Request,Low,Resolved,42.94,2025-12-01T16:35:24,2025-11-30T01:02:10
T003615,C002225,O0005378,E0020,2025-12-02 02:21:00,Order Cancellation,Low,Resolved,4.79,2025-12-02T07:08:24,2025-12-02T05:56:13
T003616,C001808,O0014376,E0019,2025-08-28 15:00:00,Shipping Delay,Medium,Pending Customer,23.8,2025-08-29T14:48:00,2025-08-28T17:59:16
T003617,C001320,O0002483,E0040,2026-01-09 19:19:00,Product Sizing,Low,Resolved,7.15,2026-01-10T02:28:00,2026-01-09T21:32:42
T003618,C001608,O0000967,E0041,2025-01-18 03:24:00,Shipping Delay,High,Resolved,52.01,2025-01-20T07:24:36,2025-01-18T06:27:27
T003619,C002069,O0012262,E0059,2025-08-08 03:18:00,Damaged Item,Low,Escalated,35.38,2025-08-09T14:40:48,2025-08-08T06:35:50
T003620,C001340,O0001831,E0026,2025-08-27 12:31:00,Return Request,Medium,Pending Customer,61.52,2025-08-30T02:02:12,2025-08-27T16:29:19
T003621,C001129,O0002674,E0060,2025-08-18 15:42:00,Shipping Delay,Low,Resolved,35.59,2025-08-20T03:17:24,2025-08-18T16:46:06
T003622,C001874,O0004112,E0006,2025-10-04 20:39:00,Order Cancellation,Low,Resolved,6.85,2025-10-05T03:30:00,2025-10-04T21:26:42
T003623,C001756,O0007042,E0019,2025-01-25 10:35:00,Return Request,Low,Resolved,62.88,2025-01-28T01:27:48,2025-01-25T13:42:05
T003624,C001262,O0006215,E0006,2025-07-21 16:25:00,Account Question,Medium,Resolved,7.46,2025-07-21T23:52:36,2025-07-21T18:45:29
T003625,C000418,O0011752,E0014,2025-07-02 10:34:00,Warranty Claim,Low,Escalated,63.56,2025-07-05T02:07:36,2025-07-02T12:48:15
T003626,C002480,O0003782,E0034,2025-01-27 17:11:00,Shipping Delay,High,Open,,,2025-01-27T19:14:22
T003627,C001077,O0000010,E0006,2025-09-27 14:17:00,Product Sizing,Medium,Resolved,6.2,2025-09-27T20:29:00,2025-09-27T16:53:15
T003628,C002260,O0004687,E0019,2026-01-05 05:49:00,Product Sizing,Low,Pending Customer,7.69,2026-01-05T13:30:24,2026-01-05T08:27:00
T003629,C001818,O0004198,E0006,2025-05-09 10:14:00,Shipping Delay,Medium,Resolved,21.49,2025-05-10T07:43:24,2025-05-09T11:23:24
T003630,C001756,O0000281,E0003,2025-08-14 19:51:00,Return Request,Low,Resolved,24.93,2025-08-15T20:46:48,2025-08-14T21:47:35
T003631,C000919,O0007200,E0042,2025-04-11 03:42:00,Warranty Claim,Low,Resolved,160.45,2025-04-17T20:09:00,2025-04-11T06:18:30
T003632,C002215,O0005612,E0008,2025-03-22 06:06:00,Order Cancellation,High,Resolved,3.31,2025-03-22T09:24:36,2025-03-22T09:15:38
T003633,C002591,O0012874,E0040,2025-08-21 18:18:00,Order Cancellation,High,Resolved,4.25,2025-08-21T22:33:00,2025-08-21T20:17:07
T003634,C002347,O0001098,E0006,2025-10-06 00:38:00,Warranty Claim,Low,Escalated,184.39,2025-10-13T17:01:24,2025-10-06T03:49:46
T003635,C000939,O0011846,E0040,2025-08-28 21:01:00,Return Request,Low,Resolved,54.29,2025-08-31T03:18:24,2025-08-28T21:31:38
T003636,C000897,O0010895,E0019,2025-04-17 06:39:00,Shipping Delay,High,Pending Customer,22.77,2025-04-18T05:25:12,2025-04-17T10:02:32
T003637,C001845,O0003322,E0003,2025-03-07 19:30:00,Product Sizing,Low,Resolved,5.43,2025-03-08T00:55:48,2025-03-07T20:57:49
T003638,C000761,O0014567,E0014,2025-03-14 01:43:00,Return Request,Low,Pending Customer,20.96,2025-03-14T22:40:36,2025-03-14T05:17:34
T003639,C002352,O0009432,E0039,2025-02-13 15:36:00,Shipping Delay,Medium,Resolved,114.13,2025-02-18T09:43:48,2025-02-13T16:24:11
T003640,C001431,O0013367,E0039,2025-02-01 22:38:00,Bulk Order Quote,Low,Resolved,43.41,2025-02-03T18:02:36,2025-02-02T00:37:01
T003641,C001137,O0005480,E0036,2025-05-13 22:18:00,Return Request,Medium,Pending Customer,25.98,2025-05-15T00:16:48,2025-05-13T23:12:35
T003642,C002571,O0014348,E0028,2025-04-11 04:13:00,Shipping Delay,Low,Pending Customer,23.6,2025-04-12T03:49:00,2025-04-11T06:27:56
T003643,C001379,O0008940,E0019,2025-07-19 15:42:00,Bulk Order Quote,Medium,Resolved,60.04,2025-07-22T03:44:24,2025-07-19T18:57:11
T003644,C000820,O0010297,E0003,2025-09-04 02:50:00,Product Sizing,Low,Resolved,8.85,2025-09-04T11:41:00,2025-09-04T04:20:20
T003645,C000359,O0001525,E0039,2025-04-09 18:51:00,Shipping Delay,Medium,Resolved,33.26,2025-04-11T04:06:36,2025-04-09T21:40:43
T003646,C001557,O0014487,E0042,2025-11-14 11:56:00,Return Request,Low,Resolved,84.42,2025-11-18T00:21:12,2025-11-14T15:18:46
T003647,C000013,O0010944,E0042,2025-06-21 15:10:00,Shipping Delay,Medium,Resolved,13.35,2025-06-22T04:31:00,2025-06-21T17:05:01
T003648,C000394,O0003325,E0026,2025-04-05 18:37:00,Shipping Delay,Low,Pending Customer,29.4,2025-04-07T00:01:00,2025-04-05T22:02:44
T003649,C001380,O0007730,E0046,2025-06-18 13:57:00,Damaged Item,Low,Pending Customer,33.04,2025-06-19T22:59:24,2025-06-18T16:28:30
T003650,C001333,O0011749,E0042,2025-05-20 23:44:00,Shipping Delay,Medium,Open,,,2025-05-21T01:42:38
T003651,C002314,O0009893,E0057,2025-09-15 10:41:00,Damaged Item,High,Pending Customer,159.1,2025-09-22T01:47:00,2025-09-15T13:25:43
T003652,C002346,O0005246,E0046,2025-11-24 18:31:00,Return Request,Low,Resolved,24.25,2025-11-25T18:46:00,2025-11-24T19:15:24
T003653,C000889,O0011190,E0051,2025-08-23 22:57:00,Account Question,Medium,Resolved,4.29,2025-08-24T03:14:24,2025-08-24T00:07:15
T003654,C002490,O0001153,E0019,2025-10-23 06:00:00,Product Sizing,Medium,Resolved,2.77,2025-10-23T08:46:12,2025-10-23T09:40:51
T003655,C000579,O0009887,E0006,2025-07-26 17:53:00,Warranty Claim,Low,Resolved,38.35,2025-07-28T08:14:00,2025-07-26T20:31:45
T003656,C000921,O0001981,E0017,2025-11-18 20:25:00,Damaged Item,Medium,Resolved,36.61,2025-11-20T09:01:36,2025-11-18T21:34:41
T003657,C002456,O0012120,E0003,2025-12-12 08:50:00,Shipping Delay,Low,Open,,,2025-12-12T11:54:14
T003658,C000762,O0006974,E0018,2025-11-17 03:55:00,Shipping Delay,Low,Resolved,8.62,2025-11-17T12:32:12,2025-11-17T05:43:02
T003659,C002009,O0014049,E0040,2025-09-05 18:59:00,Return Request,Medium,Resolved,22.32,2025-09-06T17:18:12,2025-09-05T22:17:26
T003660,C001719,O0014546,E0014,2025-11-12 16:05:00,Account Question,Low,Resolved,2.14,2025-11-12T18:13:24,2025-11-12T19:51:09
T003661,C002430,O0010775,E0051,2025-10-02 07:34:00,Bulk Order Quote,Low,Pending Customer,46.77,2025-10-04T06:20:12,2025-10-02T11:09:03
T003662,C002398,O0004274,E0042,2025-11-09 02:38:00,Order Cancellation,Medium,Pending Customer,5.13,2025-11-09T07:45:48,2025-11-09T04:16:35
T003663,C001965,O0001197,E0040,2025-07-25 12:28:00,Account Question,Medium,Resolved,13.52,2025-07-26T01:59:12,2025-07-25T13:55:15
T003664,C002351,O0002707,E0008,2025-08-19 20:43:00,Order Cancellation,Medium,Resolved,4.94,2025-08-20T01:39:24,2025-08-20T00:10:03
T003665,C002290,O0005199,E0046,2025-01-31 15:21:00,Shipping Delay,Medium,Resolved,29.92,2025-02-01T21:16:12,2025-01-31T18:11:32
T003666,C000286,O0002610,E0024,2025-10-30 19:44:00,Shipping Delay,Medium,Pending Customer,26.9,2025-10-31T22:38:00,2025-10-30T23:02:08
T003667,C001761,O0002163,E0003,2025-01-13 00:10:00,Return Request,Medium,Resolved,48.06,2025-01-15T00:13:36,2025-01-13T01:30:50
T003668,C002521,O0000278,E0060,2025-11-07 10:39:00,Return Request,Low,Resolved,23.11,2025-11-08T09:45:36,2025-11-07T11:26:46
T003669,C002438,O0005170,E0028,2025-05-27 22:02:00,Shipping Delay,Medium,Resolved,15.62,2025-05-28T13:39:12,2025-05-28T00:50:23
T003670,C002537,O0004923,E0054,2025-02-16 05:26:00,Return Request,Low,Resolved,14.4,2025-02-16T19:50:00,2025-02-16T09:14:56
T003671,C001287,O0013222,E0003,2025-02-07 22:03:00,Return Request,Medium,Resolved,16.64,2025-02-08T14:41:24,2025-02-08T00:49:24
T003672,C000730,O0003053,E0046,2025-08-11 11:28:00,Shipping Delay,Medium,Pending Customer,9.42,2025-08-11T20:53:12,2025-08-11T13:18:07
T003673,C001798,O0000914,E0057,2025-02-22 12:07:00,Damaged Item,Low,Resolved,118.75,2025-02-27T10:52:00,2025-02-22T15:39:02
T003674,C001969,O0011945,E0026,2026-01-01 10:19:00,Bulk Order Quote,Medium,Resolved,73.65,2026-01-04T11:58:00,2026-01-01T12:58:59
T003675,C002172,O0014591,E0004,2025-07-06 05:13:00,Return Request,Low,Resolved,44.13,2025-07-08T01:20:48,2025-07-06T09:04:57
T003676,C000329,O0003953,E0057,2025-03-24 03:22:00,Warranty Claim,Medium,Resolved,51.87,2025-03-26T07:14:12,2025-03-24T05:18:30
T003677,C001717,O0007899,E0043,2025-03-23 12:03:00,Return Request,Low,Resolved,49.3,2025-03-25T13:21:00,2025-03-23T15:03:18
T003678,C000980,O0009925,E0051,2025-12-20 17:12:00,Damaged Item,Low,Resolved,42.19,2025-12-22T11:23:24,2025-12-20T18:11:20
T003679,C001533,O0003720,E0018,2025-01-09 10:33:00,Product Sizing,Medium,Open,,,2025-01-09T13:39:13
T003680,C001220,O0009016,E0053,2025-04-27 04:34:00,Bulk Order Quote,Low,Resolved,96.86,2025-05-01T05:25:36,2025-04-27T07:10:19
T003681,C001277,O0000308,E0024,2025-03-19 23:06:00,Product Sizing,Low,Resolved,22.43,2025-03-20T21:31:48,2025-03-20T02:37:37
T003682,C002397,O0000452,E0046,2025-06-16 22:25:00,Order Cancellation,High,Resolved,4.35,2025-06-17T02:46:00,2025-06-17T01:44:41
T003683,C000311,O0002024,E0046,2025-07-17 06:52:00,Account Question,High,Escalated,6.74,2025-07-17T13:36:24,2025-07-17T07:46:45
T003684,C002038,O0007851,E0045,2025-03-11 09:35:00,Bulk Order Quote,Medium,Resolved,218.82,2025-03-20T12:24:12,2025-03-11T11:29:50
T003685,C002570,O0013537,E0003,2025-05-04 02:12:00,Shipping Delay,Low,Open,,,2025-05-04T02:45:51
T003686,C000367,O0013776,E0060,2025-11-06 06:05:00,Warranty Claim,Medium,Resolved,136.46,2025-11-11T22:32:36,2025-11-06T08:49:30
T003687,C000687,O0010622,E0057,2025-09-28 13:29:00,Shipping Delay,Low,Resolved,14.51,2025-09-29T03:59:36,2025-09-28T15:08:19
T003688,C002489,O0007388,E0014,2025-02-03 08:53:00,Order Cancellation,Low,Resolved,3.82,2025-02-03T12:42:12,2025-02-03T12:52:58
T003689,C001692,O0005368,E0036,2025-09-26 10:51:00,Bulk Order Quote,Medium,Resolved,108.15,2025-09-30T23:00:00,2025-09-26T11:24:03
T003690,C001242,O0013648,E0024,2025-08-29 05:44:00,Shipping Delay,Low,Resolved,15.91,2025-08-29T21:38:36,2025-08-29T06:59:25
T003691,C000510,O0013775,E0020,2025-12-07 11:10:00,Return Request,Medium,Resolved,19.42,2025-12-08T06:35:12,2025-12-07T12:03:20
T003692,C002187,O0002515,E0019,2025-07-06 16:00:00,Return Request,Medium,Escalated,10.63,2025-07-07T02:37:48,2025-07-06T19:00:06
T003693,C001247,O0005706,E0019,2025-10-18 13:32:00,Order Cancellation,Medium,Resolved,5.53,2025-10-18T19:03:48,2025-10-18T15:13:09
T003694,C001769,O0001271,E0048,2026-01-25 07:17:00,Shipping Delay,Low,Pending Customer,36.8,2026-01-26T20:05:00,2026-01-25T10:08:27
T003695,C001443,O0004805,E0003,2025-03-25 07:46:00,Bulk Order Quote,High,Resolved,95.55,2025-03-29T07:19:00,2025-03-25T10:34:09
T003696,C000184,O0009516,E0037,2025-07-10 02:08:00,Shipping Delay,Low,Open,,,2025-07-10T03:50:14
T003697,C001325,O0007944,E0039,2025-10-31 00:14:00,Return Request,Medium,Resolved,35.43,2025-11-01T11:39:48,2025-10-31T01:17:20
T003698,C002427,O0012503,E0024,2026-01-21 16:00:00,Product Sizing,Medium,Resolved,4.23,2026-01-21T20:13:48,2026-01-21T19:16:14
T003699,C002111,O0013950,E0006,2025-05-11 07:24:00,Damaged Item,High,Resolved,40.8,2025-05-13T00:12:00,2025-05-11T11:06:57
T003700,C001572,O0005692,E0046,2025-10-10 15:23:00,Product Sizing,Urgent,Resolved,17.0,2025-10-11T08:23:00,2025-10-10T16:25:56
T003701,C002320,O0007460,E0057,2025-05-12 22:21:00,Return Request,Medium,Pending Customer,45.21,2025-05-14T19:33:36,2025-05-12T23:14:49
T003702,C000659,O0000985,E0043,2025-06-19 03:11:00,Bulk Order Quote,Low,Resolved,58.64,2025-06-21T13:49:24,2025-06-19T06:13:59
T003703,C001731,O0014984,E0008,2025-08-29 08:52:00,Warranty Claim,Medium,Resolved,210.6,2025-09-07T03:28:00,2025-08-29T09:47:02
T003704,C001730,O0010929,E0036,2025-03-13 12:23:00,Damaged Item,Low,Pending Customer,21.48,2025-03-14T09:51:48,2025-03-13T16:02:07
T003705,C001389,O0010630,E0043,2026-01-16 06:33:00,Product Sizing,Medium,Resolved,18.11,2026-01-17T00:39:36,2026-01-16T09:17:35
T003706,C002000,O0011405,E0034,2025-09-24 08:20:00,Product Sizing,Medium,Pending Customer,13.25,2025-09-24T21:35:00,2025-09-24T11:26:53
T003707,C002511,O0011472,E0007,2025-11-18 10:57:00,Shipping Delay,Low,Resolved,44.45,2025-11-20T07:24:00,2025-11-18T12:05:45
T003708,C002170,O0014201,E0024,2025-07-28 22:37:00,Shipping Delay,Low,Resolved,16.61,2025-07-29T15:13:36,2025-07-29T01:30:30
T003709,C000327,O0002343,E0042,2025-06-15 02:43:00,Product Sizing,High,Resolved,5.63,2025-06-15T08:20:48,2025-06-15T06:19:46
T003710,C001365,O0007859,E0026,2025-02-26 10:24:00,Shipping Delay,Medium,Resolved,46.61,2025-02-28T09:00:36,2025-02-26T11:17:28
T003711,C001920,O0010783,E0051,2025-04-15 11:09:00,Return Request,Low,Resolved,18.29,2025-04-16T05:26:24,2025-04-15T11:40:33
T003712,C001839,O0004059,E0057,2025-07-27 12:52:00,Shipping Delay,Low,Resolved,18.6,2025-07-28T07:28:00,2025-07-27T14:27:56
T003713,C000263,O0012286,E0017,2025-11-17 14:51:00,Warranty Claim,Medium,Resolved,119.22,2025-11-22T14:04:12,2025-11-17T16:43:15
T003714,C001679,O0006766,E0058,2025-09-27 00:51:00,Return Request,Urgent,Resolved,14.15,2025-09-27T15:00:00,2025-09-27T03:29:28
T003715,C001537,O0005631,E0053,2025-02-11 22:34:00,Shipping Delay,Low,Resolved,8.42,2025-02-12T06:59:12,2025-02-11T23:25:27
T003716,C001573,O0005212,E0006,2025-05-02 06:30:00,Warranty Claim,Low,Resolved,179.06,2025-05-09T17:33:36,2025-05-02T07:11:58
T003717,C001763,O0008631,E0060,2025-08-24 18:48:00,Account Question,Medium,Resolved,7.51,2025-08-25T02:18:36,2025-08-24T21:45:49
T003718,C001925,O0002679,E0034,2025-12-21 04:09:00,Shipping Delay,Medium,Resolved,39.39,2025-12-22T19:32:24,2025-12-21T06:45:23
T003719,C000219,O0004936,E0046,2025-03-08 12:06:00,Return Request,Medium,Resolved,18.92,2025-03-09T07:01:12,2025-03-08T13:27:41
T003720,C002305,O0012318,E0046,2026-01-14 17:22:00,Product Sizing,Medium,Pending Customer,11.5,2026-01-15T04:52:00,2026-01-14T19:08:20
T003721,C000733,O0011427,E0046,2025-10-06 05:18:00,Product Sizing,High,Resolved,7.08,2025-10-06T12:22:48,2025-10-06T08:21:33
T003722,C000632,O0011015,E0048,2025-09-12 06:43:00,Warranty Claim,Medium,Resolved,147.45,2025-09-18T10:10:00,2025-09-12T07:30:53
T003723,C001395,O0010744,E0034,2025-09-19 12:00:00,Warranty Claim,Medium,Resolved,87.41,2025-09-23T03:24:36,2025-09-19T13:05:34
T003724,C002057,O0005024,E0035,2025-05-23 17:35:00,Shipping Delay,Medium,Resolved,35.84,2025-05-25T05:25:24,2025-05-23T19:04:17
T003725,C000650,O0013579,E0048,2025-12-09 15:27:00,Bulk Order Quote,Medium,Pending Customer,265.72,2025-12-20T17:10:12,2025-12-09T16:36:57
T003726,C002149,O0008070,E0036,2025-12-04 19:10:00,Shipping Delay,Medium,Resolved,24.01,2025-12-05T19:10:36,2025-12-04T21:11:36
T003727,C001142,O0005133,E0042,2025-12-16 17:46:00,Order Cancellation,Medium,Resolved,4.5,2025-12-16T22:16:00,2025-12-16T19:48:04
T003728,C001523,O0001175,E0034,2025-03-31 11:36:00,Shipping Delay,Low,Resolved,16.11,2025-04-01T03:42:36,2025-03-31T15:25:46
T003729,C001940,O0010862,E0057,2025-11-06 16:18:00,Damaged Item,Low,Resolved,93.67,2025-11-10T13:58:12,2025-11-06T18:51:56
T003730,C000627,O0009118,E0028,2025-11-12 02:22:00,Damaged Item,Low,Resolved,76.88,2025-11-15T07:14:48,2025-11-12T05:15:33
T003731,C001729,O0012102,E0014,2025-05-26 00:30:00,Warranty Claim,Low,Resolved,58.61,2025-05-28T11:06:36,2025-05-26T03:20:11
T003732,C001849,O0009213,E0040,2025-02-20 23:31:00,Account Question,Medium,Resolved,7.64,2025-02-21T07:09:24,2025-02-21T01:34:05
T003733,C000702,O0004574,E0037,2025-08-20 16:53:00,Product Sizing,Low,Resolved,5.74,2025-08-20T22:37:24,2025-08-20T19:04:11
T003734,C000728,O0002434,E0019,2025-07-03 06:37:00,Product Sizing,Low,Resolved,3.1,2025-07-03T09:43:00,2025-07-03T07:27:10
T003735,C000534,O0007100,E0026,2025-08-08 08:53:00,Warranty Claim,Medium,Resolved,43.84,2025-08-10T04:43:24,2025-08-08T11:20:58
T003736,C001966,O0000876,E0046,2026-01-01 18:14:00,Damaged Item,Low,Resolved,29.59,2026-01-02T23:49:24,2026-01-01T20:25:03
T003737,C001329,O0011294,E0006,2025-05-17 21:30:00,Shipping Delay,Low,Resolved,26.66,2025-05-19T00:09:36,2025-05-17T23:48:50
T003738,C002480,O0010715,E0001,2025-06-13 18:04:00,Damaged Item,Low,Resolved,40.08,2025-06-15T10:08:48,2025-06-13T18:48:23
T003739,C000100,O0007467,E0001,2025-07-05 14:28:00,Shipping Delay,Low,Resolved,19.09,2025-07-06T09:33:24,2025-07-05T15:32:29
T003740,C000452,O0001676,E0006,2025-02-14 04:52:00,Return Request,Low,Resolved,85.66,2025-02-17T18:31:36,2025-02-14T07:07:42
T003741,C001748,O0001151,E0048,2025-12-04 08:45:00,Product Sizing,Medium,Resolved,2.83,2025-12-04T11:34:48,2025-12-04T11:34:41
T003742,C000061,O0006532,E0040,2025-03-14 20:29:00,Product Sizing,Low,Resolved,21.38,2025-03-15T17:51:48,2025-03-14T22:06:33
T003743,C002076,O0001203,E0036,2025-08-04 17:52:00,Warranty Claim,Medium,Pending Customer,122.13,2025-08-09T19:59:48,2025-08-04T18:58:02
T003744,C001285,O0009646,E0003,2025-07-13 20:41:00,Product Sizing,Low,Resolved,13.35,2025-07-14T10:02:00,2025-07-13T22:15:33
T003745,C002114,O0003096,E0003,2025-04-01 21:58:00,Damaged Item,Low,Resolved,176.39,2025-04-09T06:21:24,2025-04-02T01:48:05
T003746,C000093,O0009967,E0040,2025-07-11 04:46:00,Damaged Item,Medium,Resolved,70.01,2025-07-14T02:46:36,2025-07-11T07:11:44
T003747,C000841,O0002936,E0059,2025-12-13 19:36:00,Shipping Delay,Low,Resolved,36.14,2025-12-15T07:44:24,2025-12-13T21:23:53
T003748,C001682,O0014941,E0043,2025-03-28 06:07:00,Shipping Delay,Low,Resolved,108.9,2025-04-01T19:01:00,2025-03-28T09:15:49
T003749,C000839,O0009836,E0039,2025-10-11 06:46:00,Shipping Delay,Low,Resolved,18.03,2025-10-12T00:47:48,2025-10-11T07:48:44
T003750,C001349,O0005132,E0024,2025-01-31 09:58:00,Shipping Delay,High,Resolved,15.69,2025-02-01T01:39:24,2025-01-31T11:17:19
T003751,C000432,O0013908,E0060,2025-12-08 21:10:00,Bulk Order Quote,Low,Resolved,95.0,2025-12-12T20:10:00,2025-12-08T23:28:54
T003752,C002011,O0005409,E0003,2025-12-05 18:25:00,Product Sizing,Low,Resolved,7.54,2025-12-06T01:57:24,2025-12-05T19:17:25
T003753,C000581,O0001848,E0040,2025-03-26 09:05:00,Bulk Order Quote,High,Escalated,70.99,2025-03-29T08:04:24,2025-03-26T12:24:44
T003754,C000567,O0005098,E0046,2025-02-02 12:45:00,Return Request,Low,Resolved,30.02,2025-02-03T18:46:12,2025-02-02T14:48:54
T003755,C000176,O0006460,E0043,2025-07-23 12:53:00,Shipping Delay,Medium,Resolved,16.98,2025-07-24T05:51:48,2025-07-23T16:31:16
T003756,C001280,O0003132,E0014,2025-11-09 18:22:00,Shipping Delay,Low,Resolved,15.02,2025-11-10T09:23:12,2025-11-09T20:53:49
T003757,C002045,O0007932,E0051,2025-08-16 07:00:00,Return Request,High,Escalated,17.34,2025-08-17T00:20:24,2025-08-16T08:37:39
T003758,C002585,O0007509,E0014,2025-09-17 12:03:00,Damaged Item,Low,Open,,,2025-09-17T14:16:53
T003759,C001459,O0006973,E0046,2025-04-08 06:43:00,Return Request,High,Resolved,27.19,2025-04-09T09:54:24,2025-04-08T09:30:13
T003760,C002116,O0006655,E0041,2025-04-26 10:30:00,Return Request,Medium,Resolved,50.75,2025-04-28T13:15:00,2025-04-26T13:19:05
T003761,C001296,O0012099,E0037,2025-12-26 09:58:00,Return Request,Medium,Resolved,84.21,2025-12-29T22:10:36,2025-12-26T13:05:08
T003762,C001776,O0001613,E0014,2025-05-05 14:47:00,Shipping Delay,Low,Pending Customer,44.92,2025-05-07T11:42:12,2025-05-05T15:44:45
T003763,C000946,O0012376,E0039,2025-08-02 11:27:00,Account Question,Medium,Resolved,4.36,2025-08-02T15:48:36,2025-08-02T13:03:08
T003764,C001728,O0009915,E0024,2025-01-16 07:21:00,Shipping Delay,Low,Resolved,41.62,2025-01-18T00:58:12,2025-01-16T10:40:01
T003765,C002437,O0006068,E0060,2025-05-23 23:13:00,Order Cancellation,Medium,Resolved,7.66,2025-05-24T06:52:36,2025-05-24T03:03:58
T003766,C002146,O0003846,E0046,2025-02-21 15:17:00,Return Request,Medium,Resolved,56.7,2025-02-23T23:59:00,2025-02-21T16:05:07
T003767,C002512,O0008681,E0036,2025-10-23 23:39:00,Return Request,Low,Resolved,40.68,2025-10-25T16:19:48,2025-10-24T01:54:04
T003768,C000914,O0004752,E0054,2025-10-28 05:47:00,Warranty Claim,Low,Resolved,67.23,2025-10-31T01:00:48,2025-10-28T09:00:08
T003769,C002529,O0002278,E0060,2025-10-01 23:49:00,Order Cancellation,Low,Pending Customer,9.31,2025-10-02T09:07:36,2025-10-02T02:16:05
T003770,C001539,O0004197,E0003,2025-03-15 23:40:00,Warranty Claim,Medium,Pending Customer,73.11,2025-03-19T00:46:36,2025-03-16T02:42:32
T003771,C000719,O0014876,E0046,2025-03-08 23:10:00,Account Question,Low,Open,,,2025-03-08T23:59:24
T003772,C001872,O0003445,E0026,2025-10-31 01:15:00,Damaged Item,Medium,Resolved,31.83,2025-11-01T09:04:48,2025-10-31T05:13:35
T003773,C001310,O0000175,E0042,2025-04-10 04:24:00,Warranty Claim,Medium,Pending Customer,176.3,2025-04-17T12:42:00,2025-04-10T06:58:08
T003774,C002120,O0001170,E0019,2025-03-03 18:13:00,Shipping Delay,Medium,Resolved,4.28,2025-03-03T22:29:48,2025-03-03T19:37:12
T003775,C000469,O0006851,E0006,2025-10-11 16:21:00,Bulk Order Quote,Low,Resolved,25.9,2025-10-12T18:15:00,2025-10-11T19:29:22
T003776,C001126,O0013524,E0024,2025-06-11 03:59:00,Return Request,Low,Pending Customer,12.71,2025-06-11T16:41:36,2025-06-11T05:19:29
T003777,C000666,O0007382,E0008,2025-10-20 12:46:00,Return Request,Urgent,Resolved,20.96,2025-10-21T09:43:36,2025-10-20T13:21:46
T003778,C001148,O0014669,E0020,2025-10-18 17:04:00,Shipping Delay,Low,Resolved,60.2,2025-10-21T05:16:00,2025-10-18T19:23:15
T003779,C001483,O0011972,E0014,2025-06-11 03:56:00,Damaged Item,Low,Resolved,81.24,2025-06-14T13:10:24,2025-06-11T05:26:16
T003780,C000958,O0002690,E0034,2025-05-27 02:53:00,Shipping Delay,Low,Pending Customer,28.21,2025-05-28T07:05:36,2025-05-27T05:40:57
T003781,C000940,O0003928,E0040,2025-07-22 05:31:00,Return Request,Medium,Resolved,144.14,2025-07-28T05:39:24,2025-07-22T06:40:01
T003782,C001156,O0006788,E0048,2025-05-10 00:21:00,Account Question,Medium,Resolved,4.87,2025-05-10T05:13:12,2025-05-10T02:07:19
T003783,C001466,O0005004,E0040,2025-05-04 04:16:00,Warranty Claim,Medium,Resolved,103.3,2025-05-08T11:34:00,2025-05-04T05:29:30
T003784,C002497,O0013688,E0057,2025-11-01 21:04:00,Product Sizing,Medium,Pending Customer,12.61,2025-11-02T09:40:36,2025-11-01T23:50:54
T003785,C001889,O0000866,E0048,2025-12-28 01:47:00,Warranty Claim,Medium,Resolved,214.48,2026-01-06T00:15:48,2025-12-28T03:22:05
T003786,C002106,O0013123,E0014,2026-01-15 11:57:00,Product Sizing,Medium,Resolved,5.93,2026-01-15T17:52:48,2026-01-15T12:59:22
T003787,C001593,O0007669,E0024,2025-12-01 16:58:00,Return Request,Low,Resolved,9.6,2025-12-02T02:34:00,2025-12-01T18:32:12
T003788,C000428,O0002422,E0014,2025-09-12 20:01:00,Product Sizing,Medium,Escalated,10.74,2025-09-13T06:45:24,2025-09-12T20:41:25
T003789,C001574,O0009989,E0035,2025-09-20 15:01:00,Product Sizing,Medium,Resolved,6.02,2025-09-20T21:02:12,2025-09-20T18:18:28
T003790,C000165,O0007438,E0054,2025-04-03 02:44:00,Warranty Claim,High,Resolved,326.69,2025-04-16T17:25:24,2025-04-03T03:40:44
T003791,C002264,O0010937,E0019,2025-04-21 09:58:00,Shipping Delay,Medium,Resolved,21.45,2025-04-22T07:25:00,2025-04-21T11:14:05
T003792,C002551,O0008343,E0019,2026-01-28 16:05:00,Warranty Claim,Low,Resolved,38.3,2026-01-30T06:23:00,2026-01-28T16:58:04
T003793,C000191,O0000259,E0046,2025-04-24 17:36:00,Return Request,High,Resolved,35.8,2025-04-26T05:24:00,2025-04-24T18:13:37
T003794,C002546,O0009108,E0024,2025-03-21 01:27:00,Return Request,High,Resolved,20.2,2025-03-21T21:39:00,2025-03-21T04:26:07
T003795,C001784,O0000935,E0034,2025-12-09 01:02:00,Warranty Claim,Low,Resolved,120.08,2025-12-14T01:06:48,2025-12-09T02:19:53
T003796,C000639,O0011905,E0037,2025-05-15 05:13:00,Shipping Delay,High,Resolved,26.42,2025-05-16T07:38:12,2025-05-15T08:46:49
T003797,C001073,O0002817,E0007,2025-04-10 04:25:00,Product Sizing,Low,Resolved,5.55,2025-04-10T09:58:00,2025-04-10T05:11:57
T003798,C002130,O0008420,E0019,2025-04-20 22:32:00,Damaged Item,Low,Resolved,24.63,2025-04-21T23:09:48,2025-04-21T02:10:35
T003799,C000625,O0001839,E0009,2026-01-06 14:19:00,Order Cancellation,Low,Resolved,8.58,2026-01-06T22:53:48,2026-01-06T16:49:18
T003800,C000275,O0005230,E0006,2025-10-16 02:17:00,Return Request,Low,Resolved,49.35,2025-10-18T03:38:00,2025-10-16T06:05:55
T003801,C001533,O0008410,E0046,2025-01-20 05:36:00,Shipping Delay,Medium,Resolved,25.08,2025-01-21T06:40:48,2025-01-20T08:40:10
T003802,C001290,O0004078,E0026,2025-12-08 00:41:00,Product Sizing,Low,Pending Customer,7.31,2025-12-08T07:59:36,2025-12-08T03:04:34
T003803,C001615,O0009934,E0036,2025-11-30 15:26:00,Return Request,Medium,Resolved,102.86,2025-12-04T22:17:36,2025-11-30T17:30:27
T003804,C000459,O0012480,E0042,2025-12-15 13:17:00,Shipping Delay,Medium,Resolved,29.6,2025-12-16T18:53:00,2025-12-15T16:31:48
T003805,C000198,O0007287,E0051,2025-10-11 04:06:00,Shipping Delay,Low,Resolved,28.45,2025-10-12T08:33:00,2025-10-11T04:48:52
T003806,C000208,O0014590,E0003,2025-08-29 17:01:00,Shipping Delay,Medium,Resolved,16.76,2025-08-30T09:46:36,2025-08-29T18:06:35
T003807,C002358,O0011764,E0024,2025-07-17 17:23:00,Shipping Delay,Medium,Resolved,51.38,2025-07-19T20:45:48,2025-07-17T19:50:37
T003808,C001606,O0000684,E0057,2025-09-15 13:45:00,Product Sizing,Low,Resolved,7.2,2025-09-15T20:57:00,2025-09-15T15:37:32
T003809,C000137,O0013009,E0046,2025-04-16 04:24:00,Return Request,Urgent,Resolved,101.69,2025-04-20T10:05:24,2025-04-16T05:44:48
T003810,C002488,O0012093,E0046,2025-04-02 14:27:00,Product Sizing,Medium,Resolved,9.23,2025-04-02T23:40:48,2025-04-02T15:25:42
T003811,C000741,O0014686,E0014,2025-03-07 08:51:00,Bulk Order Quote,High,Pending Customer,231.65,2025-03-17T00:30:00,2025-03-07T11:19:17
T003812,C002139,O0012485,E0051,2025-12-05 20:55:00,Order Cancellation,Medium,Resolved,4.35,2025-12-06T01:16:00,2025-12-05T21:35:57
T003813,C000555,O0010886,E0057,2025-10-19 23:39:00,Shipping Delay,Low,Open,,,2025-10-20T01:39:02
T003814,C000498,O0010801,E0003,2025-11-29 00:55:00,Bulk Order Quote,High,Pending Customer,25.91,2025-11-30T02:49:36,2025-11-29T01:55:35
T003815,C001245,O0004547,E0024,2025-04-04 03:28:00,Return Request,Low,Escalated,29.27,2025-04-05T08:44:12,2025-04-04T04:18:35
T003816,C000729,O0005893,E0009,2025-04-27 02:31:00,Product Sizing,Low,Pending Customer,3.55,2025-04-27T06:04:00,2025-04-27T03:01:18
T003817,C001967,O0004075,E0042,2025-02-18 04:57:00,Shipping Delay,Medium,Resolved,31.35,2025-02-19T12:18:00,2025-02-18T08:18:02
T003818,C002238,O0009504,E0046,2025-05-26 17:20:00,Shipping Delay,Medium,Resolved,60.42,2025-05-29T05:45:12,2025-05-26T19:17:58
T003819,C001797,O0014399,E0007,2025-10-26 02:33:00,Return Request,Low,Resolved,56.03,2025-10-28T10:34:48,2025-10-26T04:33:40
T003820,C000257,O0006997,E0006,2025-02-22 10:44:00,Return Request,Medium,Resolved,59.73,2025-02-24T22:27:48,2025-02-22T12:08:55
T003821,C000611,O0010488,E0034,2025-08-29 04:35:00,Product Sizing,Medium,Resolved,19.66,2025-08-30T00:14:36,2025-08-29T05:20:19
T003822,C001348,O0014380,E0057,2026-01-22 22:39:00,Order Cancellation,Low,Resolved,6.32,2026-01-23T04:58:12,2026-01-22T23:16:09
T003823,C001647,O0013142,E0053,2025-02-07 01:07:00,Bulk Order Quote,Medium,Pending Customer,109.3,2025-02-11T14:25:00,2025-02-07T04:26:37
T003824,C001413,O0009704,E0036,2025-01-22 12:55:00,Shipping Delay,Medium,Resolved,18.56,2025-01-23T07:28:36,2025-01-22T14:43:36
T003825,C000976,O0013831,E0042,2025-08-03 17:32:00,Product Sizing,Low,Resolved,12.74,2025-08-04T06:16:24,2025-08-03T20:13:04
T003826,C000611,O0008102,E0034,2025-04-06 04:16:00,Shipping Delay,High,Escalated,64.51,2025-04-08T20:46:36,2025-04-06T06:16:30
T003827,C002042,O0001859,E0043,2025-09-09 15:01:00,Return Request,Medium,Resolved,30.08,2025-09-10T21:05:48,2025-09-09T17:52:03
T003828,C000914,O0012017,E0046,2025-03-01 07:04:00,Product Sizing,High,Pending Customer,11.15,2025-03-01T18:13:00,2025-03-01T10:51:06
T003829,C002003,O0000393,E0026,2025-06-09 22:07:00,Damaged Item,Low,Pending Customer,34.56,2025-06-11T08:40:36,2025-06-10T01:14:15
T003830,C000767,O0006031,E0048,2025-12-18 13:45:00,Order Cancellation,Medium,Resolved,1.97,2025-12-18T15:43:12,2025-12-18T14:35:40
T003831,C001545,O0011620,E0039,2025-04-15 12:53:00,Shipping Delay,Low,Resolved,24.58,2025-04-16T13:27:48,2025-04-15T16:50:29
T003832,C000130,O0014197,E0040,2025-08-22 14:27:00,Shipping Delay,Medium,Resolved,20.71,2025-08-23T11:09:36,2025-08-22T16:50:25
T003833,C000152,O0005683,E0042,2025-05-08 20:44:00,Return Request,Low,Resolved,44.79,2025-05-10T17:31:24,2025-05-08T22:29:10
T003834,C001872,O0011055,E0026,2025-09-10 21:59:00,Bulk Order Quote,Low,Open,,,2025-09-10T22:54:05
T003835,C000590,O0013418,E0006,2025-06-22 18:16:00,Shipping Delay,Medium,Pending Customer,19.65,2025-06-23T13:55:00,2025-06-22T19:18:03
T003836,C000999,O0001775,E0006,2025-08-14 04:22:00,Warranty Claim,Low,Resolved,130.62,2025-08-19T14:59:12,2025-08-14T06:03:24
T003837,C001846,O0013568,E0006,2025-12-20 14:40:00,Return Request,Low,Resolved,62.8,2025-12-23T05:28:00,2025-12-20T17:50:48
T003838,C001808,O0012032,E0046,2025-02-08 00:27:00,Order Cancellation,Medium,Pending Customer,4.55,2025-02-08T05:00:00,2025-02-08T03:41:13
T003839,C002410,O0012418,E0026,2025-07-02 09:44:00,Return Request,Low,Resolved,38.27,2025-07-04T00:00:12,2025-07-02T13:39:37
T003840,C002075,O0003805,E0051,2025-06-07 02:08:00,Shipping Delay,Medium,Resolved,28.31,2025-06-08T06:26:36,2025-06-07T05:49:21
T003841,C001204,O0003728,E0057,2025-08-25 18:41:00,Return Request,Medium,Pending Customer,17.17,2025-08-26T11:51:12,2025-08-25T21:46:39
T003842,C000001,O0013987,E0053,2025-10-15 19:33:00,Damaged Item,Low,Resolved,86.08,2025-10-19T09:37:48,2025-10-15T22:01:29
T003843,C000296,O0008579,E0036,2025-10-24 09:24:00,Shipping Delay,Urgent,Resolved,41.05,2025-10-26T02:27:00,2025-10-24T10:01:24
T003844,C001272,O0000142,E0003,2026-01-12 16:39:00,Shipping Delay,Low,Resolved,26.86,2026-01-13T19:30:36,2026-01-12T17:22:23
T003845,C002448,O0012825,E0034,2025-10-08 00:05:00,Shipping Delay,Low,Escalated,22.37,2025-10-08T22:27:12,2025-10-08T02:02:19
T003846,C001485,O0010697,E0024,2025-07-27 10:21:00,Warranty Claim,Low,Resolved,63.25,2025-07-30T01:36:00,2025-07-27T12:30:36
T003847,C001793,O0008192,E0036,2026-01-19 18:47:00,Bulk Order Quote,Low,Resolved,85.71,2026-01-23T08:29:36,2026-01-19T21:23:16
T003848,C001606,O0011688,E0046,2025-10-03 03:37:00,Order Cancellation,Low,Resolved,4.24,2025-10-03T07:51:24,2025-10-03T04:44:35
T003849,C001209,O0007420,E0057,2025-02-12 07:58:00,Return Request,High,Resolved,45.5,2025-02-14T05:28:00,2025-02-12T11:42:39
T003850,C001402,O0006453,E0001,2025-02-05 04:30:00,Product Sizing,Low,Resolved,6.85,2025-02-05T11:21:00,2025-02-05T08:25:45
T003851,C000885,O0012585,E0003,2026-01-20 04:12:00,Order Cancellation,Low,Resolved,5.2,2026-01-20T09:24:00,2026-01-20T05:39:00
T003852,C001085,O0013590,E0014,2025-09-12 21:28:00,Return Request,Low,Pending Customer,16.58,2025-09-13T14:02:48,2025-09-12T23:41:44
T003853,C002274,O0004372,E0026,2025-02-12 06:24:00,Product Sizing,Medium,Resolved,11.18,2025-02-12T17:34:48,2025-02-12T07:07:51
T003854,C001399,O0012426,E0051,2025-09-28 23:50:00,Warranty Claim,Low,Resolved,92.05,2025-10-02T19:53:00,2025-09-29T02:33:34
T003855,C000268,O0007924,E0057,2025-12-24 14:07:00,Shipping Delay,Low,Escalated,20.32,2025-12-25T10:26:12,2025-12-24T15:56:11
T003856,C000693,O0003253,E0003,2025-11-25 03:38:00,Damaged Item,Low,Escalated,47.45,2025-11-27T03:05:00,2025-11-25T04:37:29
T003857,C001905,O0012905,E0001,2025-12-21 20:13:00,Bulk Order Quote,High,Open,,,2025-12-21T22:37:40
T003858,C000389,O0014359,E0037,2025-11-08 22:39:00,Damaged Item,Low,Resolved,40.48,2025-11-10T15:07:48,2025-11-08T23:35:38
T003859,C002193,O0009970,E0019,2025-01-29 14:12:00,Order Cancellation,Medium,Resolved,5.02,2025-01-29T19:13:12,2025-01-29T17:36:53
T003860,C002215,O0000301,E0003,2025-12-08 03:41:00,Return Request,Medium,Resolved,16.3,2025-12-08T19:59:00,2025-12-08T05:26:00
T003861,C001294,O0002197,E0003,2025-08-07 16:32:00,Damaged Item,Low,Escalated,33.97,2025-08-09T02:30:12,2025-08-07T18:11:19
T003862,C000371,O0003108,E0036,2025-02-22 05:59:00,Bulk Order Quote,Medium,Resolved,60.15,2025-02-24T18:08:00,2025-02-22T08:25:41
T003863,C000064,O0000567,E0039,2025-03-05 14:26:00,Damaged Item,Urgent,Resolved,51.8,2025-03-07T18:14:00,2025-03-05T16:36:39
T003864,C001618,O0013843,E0024,2025-12-31 22:54:00,Return Request,Low,Resolved,18.28,2026-01-01T17:10:48,2026-01-01T00:36:00
T003865,C002446,O0003054,E0019,2025-10-27 20:58:00,Damaged Item,Low,Resolved,86.99,2025-10-31T11:57:24,2025-10-27T22:39:54
T003866,C000896,O0006018,E0040,2026-01-09 22:51:00,Shipping Delay,Low,Resolved,22.22,2026-01-10T21:04:12,2026-01-10T00:37:22
T003867,C000148,O0005688,E0003,2025-11-28 16:54:00,Shipping Delay,Low,Resolved,34.88,2025-11-30T03:46:48,2025-11-28T18:20:23
T003868,C001002,O0010379,E0045,2025-05-01 15:49:00,Damaged Item,Medium,Resolved,107.73,2025-05-06T03:32:48,2025-05-01T18:43:01
T003869,C002428,O0010257,E0054,2025-12-07 20:43:00,Product Sizing,Low,Resolved,5.16,2025-12-08T01:52:36,2025-12-07T22:12:06
T003870,C000372,O0004088,E0060,2025-07-20 15:22:00,Return Request,High,Resolved,19.14,2025-07-21T10:30:24,2025-07-20T18:16:24
T003871,C000613,O0013477,E0040,2025-11-06 15:18:00,Return Request,High,Open,,,2025-11-06T17:01:24
T003872,C001269,O0010679,E0017,2025-07-30 07:22:00,Account Question,Medium,Resolved,1.16,2025-07-30T08:31:36,2025-07-30T08:59:25
T003873,C001474,O0001793,E0048,2025-09-27 17:44:00,Warranty Claim,Medium,Resolved,281.99,2025-10-09T11:43:24,2025-09-27T21:29:51
T003874,C000100,O0002469,E0042,2025-10-11 12:37:00,Damaged Item,Low,Pending Customer,15.47,2025-10-12T04:05:12,2025-10-11T14:45:19
T003875,C001508,O0014641,E0034,2025-07-10 19:44:00,Damaged Item,Low,Pending Customer,57.88,2025-07-13T05:36:48,2025-07-10T20:59:01
T003876,C001741,O0010897,E0034,2025-07-05 18:54:00,Damaged Item,Medium,Open,,,2025-07-05T22:51:55
T003877,C000609,O0008418,E0043,2025-01-10 06:42:00,Order Cancellation,Medium,Resolved,3.76,2025-01-10T10:27:36,2025-01-10T09:24:33
T003878,C001472,O0008815,E0006,2025-10-03 05:56:00,Bulk Order Quote,Medium,Resolved,13.98,2025-10-03T19:54:48,2025-10-03T08:35:21
T003879,C001836,O0010122,E0006,2025-07-05 11:57:00,Warranty Claim,Medium,Resolved,320.75,2025-07-18T20:42:00,2025-07-05T14:44:53
T003880,C000745,O0003743,E0026,2025-05-03 03:22:00,Damaged Item,Low,Resolved,32.23,2025-05-04T11:35:48,2025-05-03T06:04:51
T003881,C001494,O0011025,E0040,2025-07-06 22:18:00,Damaged Item,Medium,Escalated,72.05,2025-07-09T22:21:00,2025-07-07T01:35:11
T003882,C002579,O0001747,E0042,2025-11-07 20:09:00,Damaged Item,Medium,Resolved,102.07,2025-11-12T02:13:12,2025-11-07T23:34:33
T003883,C000362,O0009838,E0057,2025-04-08 11:18:00,Damaged Item,Medium,Resolved,96.49,2025-04-12T11:47:24,2025-04-08T14:47:36
T003884,C001406,O0003883,E0036,2025-05-05 14:06:00,Damaged Item,Urgent,Resolved,55.35,2025-05-07T21:27:00,2025-05-05T16:35:02
T003885,C001851,O0001763,E0001,2025-04-19 14:29:00,Damaged Item,High,Resolved,27.86,2025-04-20T18:20:36,2025-04-19T18:13:51
T003886,C002073,O0001272,E0017,2025-10-18 11:11:00,Order Cancellation,Medium,Resolved,4.35,2025-10-18T15:32:00,2025-10-18T13:37:25
T003887,C000472,O0001616,E0046,2025-11-17 14:07:00,Return Request,High,Resolved,24.57,2025-11-18T14:41:12,2025-11-17T17:02:40
T003888,C000521,O0014317,E0003,2025-09-26 05:21:00,Return Request,Medium,Resolved,99.9,2025-09-30T09:15:00,2025-09-26T08:41:09
T003889,C002325,O0004952,E0003,2025-06-01 06:57:00,Damaged Item,Medium,Escalated,38.56,2025-06-02T21:30:36,2025-06-01T07:38:41
T003890,C000816,O0012627,E0026,2025-07-28 09:26:00,Product Sizing,Low,Resolved,2.73,2025-07-28T12:09:48,2025-07-28T10:21:17
T003891,C000911,O0000014,E0051,2025-02-10 20:43:00,Account Question,Medium,Resolved,3.43,2025-02-11T00:08:48,2025-02-11T00:22:04
T003892,C001540,O0003907,E0048,2025-03-04 04:40:00,Return Request,Medium,Pending Customer,92.76,2025-03-08T01:25:36,2025-03-04T05:38:00
T003893,C001264,O0006683,E0024,2025-07-24 02:54:00,Damaged Item,Low,Resolved,133.73,2025-07-29T16:37:48,2025-07-24T05:29:42
T003894,C000001,O0011790,E0009,2025-05-12 07:48:00,Return Request,Low,Pending Customer,15.72,2025-05-12T23:31:12,2025-05-12T09:38:51
T003895,C002000,O0005217,E0006,2026-01-08 14:59:00,Damaged Item,Low,Pending Customer,25.62,2026-01-09T16:36:12,2026-01-08T17:30:00
T003896,C001841,O0003339,E0006,2025-08-20 17:43:00,Return Request,Medium,Resolved,63.22,2025-08-23T08:56:12,2025-08-20T19:12:27
T003897,C002573,O0003389,E0048,2025-11-20 22:53:00,Order Cancellation,Low,Resolved,3.28,2025-11-21T02:09:48,2025-11-20T23:59:25
T003898,C001268,O0002048,E0024,2025-11-26 13:54:00,Product Sizing,Low,Resolved,5.08,2025-11-26T18:58:48,2025-11-26T17:25:22
T003899,C001481,O0002285,E0006,2025-08-31 23:13:00,Order Cancellation,Low,Resolved,4.32,2025-09-01T03:32:12,2025-09-01T01:14:42
T003900,C000890,O0013131,E0042,2025-11-13 21:35:00,Return Request,Low,Escalated,88.09,2025-11-17T13:40:24,2025-11-13T22:52:08
T003901,C001302,O0009522,E0019,2025-05-02 08:04:00,Damaged Item,Medium,Resolved,134.55,2025-05-07T22:37:00,2025-05-02T11:24:01
T003902,C000281,O0005772,E0014,2025-06-04 12:24:00,Order Cancellation,Low,Resolved,5.9,2025-06-04T18:18:00,2025-06-04T15:56:36
T003903,C001891,O0011819,E0042,2025-08-21 21:10:00,Damaged Item,Low,Pending Customer,61.8,2025-08-24T10:58:00,2025-08-22T00:35:50
T003904,C001827,O0000235,E0024,2025-12-23 15:35:00,Shipping Delay,Medium,Resolved,40.12,2025-12-25T07:42:12,2025-12-23T17:36:53
T003905,C001148,O0003879,E0003,2025-02-02 22:57:00,Shipping Delay,Urgent,Resolved,32.63,2025-02-04T07:34:48,2025-02-03T02:41:11
T003906,C001975,O0011986,E0051,2026-01-27 18:33:00,Order Cancellation,High,Pending Customer,2.43,2026-01-27T20:58:48,2026-01-27T20:44:08
T003907,C000755,O0000872,E0030,2025-09-19 00:01:00,Warranty Claim,Low,Open,,,2025-09-19T00:44:34
T003908,C000738,O0011910,E0054,2025-01-22 00:18:00,Account Question,Medium,Resolved,1.47,2025-01-22T01:46:12,2025-01-22T01:53:39
T003909,C002288,O0002337,E0046,2025-06-10 19:01:00,Damaged Item,Medium,Pending Customer,170.61,2025-06-17T21:37:36,2025-06-10T20:35:49
T003910,C000060,O0013642,E0019,2025-02-20 22:02:00,Bulk Order Quote,Low,Open,,,2025-02-20T23:39:09
T003911,C001810,O0005184,E0046,2025-12-10 02:50:00,Damaged Item,High,Resolved,127.11,2025-12-15T09:56:36,2025-12-10T04:34:49
T003912,C000222,O0008819,E0060,2025-03-15 21:32:00,Shipping Delay,Low,Resolved,40.78,2025-03-17T14:18:48,2025-03-16T01:24:38
T003913,C001287,O0010435,E0043,2025-09-14 08:58:00,Product Sizing,High,Resolved,10.07,2025-09-14T19:02:12,2025-09-14T10:15:46
T003914,C001895,O0007775,E0030,2025-04-22 01:33:00,Shipping Delay,Medium,Resolved,72.96,2025-04-25T02:30:36,2025-04-22T05:20:50
T003915,C000156,O0008482,E0042,2025-12-10 19:08:00,Return Request,High,Resolved,48.32,2025-12-12T19:27:12,2025-12-10T20:04:42
T003916,C001204,O0009657,E0026,2025-02-28 08:53:00,Warranty Claim,Low,Pending Customer,239.91,2025-03-10T08:47:36,2025-02-28T10:02:09
T003917,C002303,O0004629,E0048,2025-12-12 04:28:00,Return Request,Medium,Resolved,79.14,2025-12-15T11:36:24,2025-12-12T05:56:28
T003918,C001999,O0003161,E0060,2025-06-13 21:48:00,Return Request,High,Open,,,2025-06-14T00:18:31
T003919,C001961,O0008050,E0040,2025-05-20 08:10:00,Product Sizing,Low,Resolved,3.29,2025-05-20T11:27:24,2025-05-20T10:13:44
T003920,C000931,O0005452,E0043,2025-03-10 08:46:00,Product Sizing,Medium,Resolved,6.62,2025-03-10T15:23:12,2025-03-10T11:41:07
T003921,C000164,O0007078,E0026,2025-07-31 23:14:00,Bulk Order Quote,Medium,Resolved,77.66,2025-08-04T04:53:36,2025-08-01T00:55:36
T003922,C001315,O0010833,E0019,2025-04-05 14:49:00,Shipping Delay,High,Resolved,9.69,2025-04-06T00:30:24,2025-04-05T17:59:53
T003923,C000146,O0002373,E0040,2025-09-24 09:12:00,Shipping Delay,Low,Resolved,13.15,2025-09-24T22:21:00,2025-09-24T12:38:37
T003924,C001075,O0008970,E0026,2025-08-20 18:51:00,Product Sizing,Medium,Resolved,7.19,2025-08-21T02:02:24,2025-08-20T22:28:35
T003925,C001938,O0008436,E0034,2025-07-07 03:02:00,Product Sizing,Low,Resolved,2.49,2025-07-07T05:31:24,2025-07-07T04:07:57
T003926,C000689,O0005135,E0046,2025-03-21 15:15:00,Shipping Delay,Medium,Resolved,58.69,2025-03-24T01:56:24,2025-03-21T17:43:20
T003927,C000149,O0014067,E0008,2025-12-03 16:20:00,Product Sizing,High,Resolved,13.75,2025-12-04T06:05:00,2025-12-03T17:03:21
T003928,C001246,O0004180,E0057,2025-06-01 21:43:00,Account Question,Medium,Open,,,2025-06-01T23:08:18
T003929,C002497,O0011419,E0024,2025-10-25 08:16:00,Warranty Claim,Low,Open,,,2025-10-25T10:00:56
T003930,C001380,O0000719,E0042,2025-03-24 08:50:00,Warranty Claim,Low,Pending Customer,56.78,2025-03-26T17:36:48,2025-03-24T10:18:19
T003931,C001993,O0006405,E0028,2025-02-11 11:43:00,Warranty Claim,Low,Resolved,68.95,2025-02-14T08:40:00,2025-02-11T13:50:38
T003932,C000913,O0002500,E0060,2025-09-20 11:48:00,Return Request,Low,Escalated,68.79,2025-09-23T08:35:24,2025-09-20T13:27:45
T003933,C001766,O0014957,E0051,2025-04-28 05:19:00,Warranty Claim,Low,Resolved,48.8,2025-04-30T06:07:00,2025-04-28T06:58:55
T003934,C000025,O0001047,E0034,2025-05-13 20:34:00,Shipping Delay,Low,Open,,,2025-05-13T21:29:19
T003935,C000422,O0013157,E0051,2025-03-30 09:57:00,Return Request,Low,Resolved,128.07,2025-04-04T18:01:12,2025-03-30T13:45:12
T003936,C001769,O0009695,E0024,2025-03-01 12:10:00,Return Request,Medium,Resolved,56.76,2025-03-03T20:55:36,2025-03-01T13:38:55
T003937,C001267,O0009627,E0048,2025-03-14 02:06:00,Shipping Delay,High,Resolved,15.45,2025-03-14T17:33:00,2025-03-14T05:25:59
T003938,C001576,O0013928,E0051,2025-12-31 18:55:00,Warranty Claim,Medium,Resolved,139.61,2026-01-06T14:31:36,2025-12-31T21:39:22
T003939,C002538,O0000467,E0036,2025-02-02 20:30:00,Warranty Claim,Medium,Resolved,56.44,2025-02-05T04:56:24,2025-02-02T21:39:11
T003940,C001196,O0006562,E0053,2025-10-21 15:57:00,Bulk Order Quote,Low,Resolved,67.24,2025-10-24T11:11:24,2025-10-21T16:44:27
T003941,C000365,O0010606,E0030,2025-04-01 15:03:00,Account Question,Medium,Pending Customer,9.2,2025-04-02T00:15:00,2025-04-01T18:16:27
T003942,C000348,O0005156,E0034,2025-12-15 08:08:00,Shipping Delay,High,Resolved,28.35,2025-12-16T12:29:00,2025-12-15T09:09:15
T003943,C002540,O0006521,E0040,2025-02-24 02:27:00,Product Sizing,Low,Resolved,15.31,2025-02-24T17:45:36,2025-02-24T03:43:57
T003944,C002552,O0009908,E0058,2025-03-23 20:20:00,Product Sizing,Low,Resolved,4.41,2025-03-24T00:44:36,2025-03-23T21:31:20
T003945,C000697,O0005931,E0006,2025-10-10 06:33:00,Damaged Item,Low,Resolved,58.55,2025-10-12T17:06:00,2025-10-10T07:38:46
T003946,C000595,O0010999,E0046,2025-07-03 23:11:00,Shipping Delay,Low,Pending Customer,40.66,2025-07-05T15:50:36,2025-07-04T00:23:36
T003947,C002488,O0012093,E0036,2025-03-20 01:27:00,Order Cancellation,High,Resolved,3.88,2025-03-20T05:19:48,2025-03-20T04:12:50
T003948,C002431,O0011298,E0006,2025-11-06 04:41:00,Product Sizing,Medium,Pending Customer,17.31,2025-11-06T21:59:36,2025-11-06T07:19:24
T003949,C002225,O0014364,E0006,2025-10-26 06:44:00,Shipping Delay,Low,Pending Customer,35.53,2025-10-27T18:15:48,2025-10-26T07:44:42
T003950,C000278,O0013277,E0057,2025-03-29 17:07:00,Shipping Delay,Medium,Resolved,9.49,2025-03-30T02:36:24,2025-03-29T18:42:58
T003951,C000415,O0010523,E0006,2025-10-26 16:10:00,Product Sizing,Medium,Resolved,7.47,2025-10-26T23:38:12,2025-10-26T19:32:00
T003952,C002595,O0012245,E0057,2025-11-08 18:24:00,Shipping Delay,Low,Resolved,14.06,2025-11-09T08:27:36,2025-11-08T21:49:20
T003953,C002146,O0008450,E0036,2025-12-08 08:45:00,Return Request,Medium,Resolved,25.23,2025-12-09T09:58:48,2025-12-08T12:35:13
T003954,C000340,O0013897,E0028,2025-11-19 07:18:00,Bulk Order Quote,Low,Pending Customer,58.0,2025-11-21T17:18:00,2025-11-19T11:06:28
T003955,C000536,O0002513,E0036,2025-03-16 04:19:00,Product Sizing,Low,Resolved,16.46,2025-03-16T20:46:36,2025-03-16T08:01:14
T003956,C000549,O0008174,E0053,2025-09-30 17:36:00,Shipping Delay,Low,Resolved,26.67,2025-10-01T20:16:12,2025-09-30T21:20:10
T003957,C000451,O0000705,E0042,2025-02-25 20:14:00,Warranty Claim,Low,Resolved,147.05,2025-03-03T23:17:00,2025-02-25T22:08:22
T003958,C001083,O0010780,E0003,2026-01-27 04:27:00,Product Sizing,Low,Resolved,8.68,2026-01-27T13:07:48,2026-01-27T06:44:06
T003959,C001641,O0002014,E0024,2025-11-08 23:54:00,Shipping Delay,Low,Pending Customer,37.81,2025-11-10T13:42:36,2025-11-09T02:28:30
T003960,C000212,O0011270,E0057,2025-02-20 05:47:00,Product Sizing,Low,Resolved,9.73,2025-02-20T15:30:48,2025-02-20T09:29:38
T003961,C001961,O0013883,E0042,2025-11-06 08:46:00,Order Cancellation,Urgent,Resolved,9.25,2025-11-06T18:01:00,2025-11-06T12:09:54
T003962,C001181,O0010938,E0039,2025-11-29 03:52:00,Account Question,Medium,Resolved,13.83,2025-11-29T17:41:48,2025-11-29T06:23:39
T003963,C000714,O0004539,E0045,2025-03-11 10:40:00,Return Request,Medium,Open,,,2025-03-11T12:14:39
T003964,C000458,O0011160,E0046,2025-08-27 22:32:00,Shipping Delay,Low,Resolved,46.21,2025-08-29T20:44:36,2025-08-28T02:16:36
T003965,C000290,O0014266,E0046,2025-04-02 23:47:00,Return Request,Low,Resolved,17.02,2025-04-03T16:48:12,2025-04-03T03:14:55
T003966,C000080,O0012765,E0046,2025-07-18 17:31:00,Warranty Claim,Medium,Resolved,223.98,2025-07-28T01:29:48,2025-07-18T18:42:22
T003967,C001284,O0007715,E0039,2025-08-21 09:20:00,Product Sizing,Medium,Resolved,4.36,2025-08-21T13:41:36,2025-08-21T11:30:51
T003968,C000287,O0006330,E0003,2025-07-17 11:23:00,Product Sizing,Low,Pending Customer,12.29,2025-07-17T23:40:24,2025-07-17T14:59:57
T003969,C001046,O0003690,E0058,2025-04-03 09:48:00,Damaged Item,Low,Resolved,12.19,2025-04-03T21:59:24,2025-04-03T10:50:17
T003970,C001581,O0001947,E0014,2025-06-14 04:35:00,Shipping Delay,Low,Open,,,2025-06-14T06:37:38
T003971,C000834,O0011967,E0034,2025-12-22 15:47:00,Order Cancellation,Medium,Open,,,2025-12-22T18:05:05
T003972,C001946,O0012805,E0034,2025-03-03 05:59:00,Warranty Claim,Low,Resolved,139.46,2025-03-09T01:26:36,2025-03-03T09:18:33
T003973,C001714,O0004725,E0042,2025-07-23 04:50:00,Warranty Claim,Medium,Resolved,151.92,2025-07-29T12:45:12,2025-07-23T06:31:25
T003974,C000022,O0002415,E0059,2025-06-09 00:26:00,Order Cancellation,Medium,Pending Customer,2.86,2025-06-09T03:17:36,2025-06-09T01:01:33
T003975,C001696,O0000337,E0022,2025-09-09 18:02:00,Shipping Delay,Low,Resolved,26.45,2025-09-10T20:29:00,2025-09-09T19:47:55
T003976,C000071,O0003188,E0024,2025-10-26 19:45:00,Shipping Delay,Medium,Resolved,27.54,2025-10-27T23:17:24,2025-10-26T22:44:03
T003977,C000562,O0004178,E0048,2025-07-24 20:14:00,Shipping Delay,Low,Resolved,13.01,2025-07-25T09:14:36,2025-07-24T21:11:08
T003978,C000687,O0004701,E0048,2025-12-30 23:11:00,Product Sizing,Medium,Resolved,4.22,2025-12-31T03:24:12,2025-12-31T01:27:30
T003979,C001867,O0007846,E0024,2025-06-03 05:30:00,Order Cancellation,Low,Resolved,3.69,2025-06-03T09:11:24,2025-06-03T08:02:24
T003980,C002559,O0007076,E0046,2025-10-17 20:02:00,Order Cancellation,Medium,Pending Customer,1.9,2025-10-17T21:56:00,2025-10-17T22:52:40
T003981,C000940,O0011888,E0026,2025-07-28 10:45:00,Bulk Order Quote,Low,Pending Customer,60.16,2025-07-30T22:54:36,2025-07-28T13:38:47
T003982,C000059,O0003508,E0046,2025-02-26 05:36:00,Product Sizing,Medium,Resolved,9.33,2025-02-26T14:55:48,2025-02-26T08:20:56
T003983,C002398,O0004274,E0026,2025-11-09 11:38:00,Warranty Claim,High,Resolved,248.09,2025-11-19T19:43:24,2025-11-09T14:13:27
T003984,C001485,O0009361,E0040,2025-03-18 04:17:00,Bulk Order Quote,High,Resolved,62.06,2025-03-20T18:20:36,2025-03-18T05:34:13
T003985,C002584,O0013529,E0051,2025-07-03 20:10:00,Shipping Delay,Low,Pending Customer,13.75,2025-07-04T09:55:00,2025-07-03T23:46:09
T003986,C000934,O0006818,E0048,2025-12-03 17:03:00,Warranty Claim,Low,Open,,,2025-12-03T19:02:44
T003987,C001076,O0013126,E0039,2025-12-24 07:15:00,Warranty Claim,Low,Open,,,2025-12-24T07:53:41
T003988,C001728,O0006526,E0006,2025-06-13 06:47:00,Shipping Delay,Medium,Resolved,43.96,2025-06-15T02:44:36,2025-06-13T09:17:15
T003989,C000868,O0004610,E0004,2025-10-14 01:30:00,Order Cancellation,High,Resolved,6.17,2025-10-14T07:40:12,2025-10-14T05:06:59
T003990,C001768,O0007379,E0028,2025-08-16 02:09:00,Warranty Claim,High,Resolved,153.0,2025-08-22T11:09:00,2025-08-16T04:58:44
T003991,C002185,O0012773,E0003,2025-06-16 22:53:00,Shipping Delay,Medium,Resolved,42.27,2025-06-18T17:09:12,2025-06-17T02:16:23
T003992,C001115,O0011755,E0006,2025-03-25 05:45:00,Bulk Order Quote,Low,Resolved,50.4,2025-03-27T08:09:00,2025-03-25T09:02:22
T003993,C001955,O0002384,E0007,2025-10-20 14:13:00,Product Sizing,Low,Pending Customer,8.52,2025-10-20T22:44:12,2025-10-20T17:32:26
T003994,C000586,O0006724,E0035,2025-06-28 07:13:00,Product Sizing,Medium,Resolved,5.14,2025-06-28T12:21:24,2025-06-28T09:44:23
T003995,C001616,O0006137,E0024,2025-08-30 15:12:00,Shipping Delay,Medium,Resolved,24.98,2025-08-31T16:10:48,2025-08-30T17:15:14
T003996,C001840,O0000742,E0028,2025-11-27 18:06:00,Return Request,Low,Resolved,31.34,2025-11-29T01:26:24,2025-11-27T18:47:13
T003997,C001898,O0008764,E0046,2025-05-24 22:39:00,Shipping Delay,Low,Resolved,39.67,2025-05-26T14:19:12,2025-05-25T00:13:07
T003998,C000998,O0014965,E0045,2025-10-29 10:00:00,Warranty Claim,Low,Resolved,53.67,2025-10-31T15:40:12,2025-10-29T13:29:54
T003999,C002495,O0008605,E0040,2025-09-28 03:56:00,Damaged Item,Low,Resolved,45.22,2025-09-30T01:09:12,2025-09-28T06:44:13
T004000,C000084,O0009370,E0039,2025-05-23 03:22:00,Order Cancellation,Low,Resolved,6.85,2025-05-23T10:13:00,2025-05-23T04:03:24
T004001,C000782,O0010826,E0051,2025-12-08 03:56:00,Account Question,Medium,Resolved,4.82,2025-12-08T08:45:12,2025-12-08T04:47:48
T004002,C002414,O0006995,E0014,2025-06-08 12:00:00,Damaged Item,Medium,Resolved,73.48,2025-06-11T13:28:48,2025-06-08T14:00:17
T004003,C002402,O0007485,E0051,2025-06-25 23:45:00,Warranty Claim,Medium,Resolved,77.8,2025-06-29T05:33:00,2025-06-26T02:08:42
T004004,C001161,O0000402,E0019,2025-04-24 21:07:00,Return Request,Medium,Pending Customer,11.6,2025-04-25T08:43:00,2025-04-24T22:38:24
T004005,C001225,O0007079,E0040,2025-08-10 15:53:00,Product Sizing,Medium,Resolved,7.39,2025-08-10T23:16:24,2025-08-10T19:40:02
T004006,C001504,O0013039,E0014,2025-06-17 13:12:00,Shipping Delay,Medium,Resolved,13.69,2025-06-18T02:53:24,2025-06-17T14:33:58
T004007,C001057,O0002269,E0019,2025-11-01 21:00:00,Product Sizing,High,Resolved,13.28,2025-11-02T10:16:48,2025-11-01T21:36:58
T004008,C001313,O0004770,E0024,2026-01-11 07:25:00,Account Question,Low,Open,,,2026-01-11T10:22:23
T004009,C001119,O0006613,E0034,2025-11-21 08:40:00,Damaged Item,High,Resolved,85.97,2025-11-24T22:38:12,2025-11-21T11:22:01
T004010,C000563,O0007800,E0057,2025-12-14 16:54:00,Order Cancellation,Medium,Resolved,4.22,2025-12-14T21:07:12,2025-12-14T17:56:16
T004011,C002565,O0006785,E0059,2025-06-04 11:10:00,Shipping Delay,Medium,Resolved,18.82,2025-06-05T05:59:12,2025-06-04T14:28:39
T004012,C001131,O0000127,E0041,2025-01-19 03:04:00,Product Sizing,Low,Resolved,11.8,2025-01-19T14:52:00,2025-01-19T04:51:42
T004013,C001191,O0012904,E0058,2025-05-24 04:01:00,Order Cancellation,Low,Resolved,6.63,2025-05-24T10:38:48,2025-05-24T07:21:05
T004014,C001180,O0000675,E0043,2025-02-10 20:25:00,Account Question,Medium,Pending Customer,14.12,2025-02-11T10:32:12,2025-02-10T22:40:50
T004015,C000262,O0000843,E0036,2025-02-02 07:08:00,Shipping Delay,Low,Resolved,24.12,2025-02-03T07:15:12,2025-02-02T09:00:07
T004016,C001204,O0009657,E0006,2025-03-22 11:53:00,Shipping Delay,Low,Resolved,23.57,2025-03-23T11:27:12,2025-03-22T14:51:15
T004017,C002288,O0002337,E0026,2025-06-02 14:01:00,Warranty Claim,Low,Resolved,40.24,2025-06-04T06:15:24,2025-06-02T16:58:48
T004018,C001470,O0004259,E0051,2025-09-27 23:50:00,Return Request,High,Resolved,25.01,2025-09-29T00:50:36,2025-09-28T01:15:13
T004019,C000051,O0014222,E0024,2025-07-26 00:28:00,Shipping Delay,Medium,Escalated,65.39,2025-07-28T17:51:24,2025-07-26T00:59:35
T004020,C000642,O0011317,E0003,2025-07-22 15:13:00,Return Request,Low,Resolved,157.06,2025-07-29T04:16:36,2025-07-22T16:00:52
T004021,C001342,O0000403,E0039,2025-12-29 18:46:00,Return Request,Low,Resolved,69.77,2026-01-01T16:32:12,2025-12-29T21:11:55
T004022,C000545,O0002534,E0036,2025-08-05 10:22:00,Warranty Claim,Low,Resolved,119.03,2025-08-10T09:23:48,2025-08-05T14:20:18
T004023,C002347,O0012775,E0018,2025-12-11 09:30:00,Damaged Item,Medium,Resolved,51.32,2025-12-13T12:49:12,2025-12-11T12:44:19
T004024,C000082,O0010345,E0057,2025-08-16 17:05:00,Product Sizing,High,Resolved,13.7,2025-08-17T06:47:00,2025-08-16T19:47:35
T004025,C001211,O0008342,E0036,2025-06-26 11:50:00,Return Request,Medium,Resolved,26.85,2025-06-27T14:41:00,2025-06-26T14:13:03
T004026,C002030,O0014555,E0026,2025-05-21 07:07:00,Account Question,Medium,Pending Customer,2.9,2025-05-21T10:01:00,2025-05-21T10:35:27
T004027,C001091,O0014614,E0034,2025-05-07 14:08:00,Product Sizing,High,Resolved,6.34,2025-05-07T20:28:24,2025-05-07T16:31:29
T004028,C001049,O0014826,E0003,2025-09-18 15:22:00,Order Cancellation,Low,Resolved,2.92,2025-09-18T18:17:12,2025-09-18T16:24:44
T004029,C002116,O0012409,E0057,2025-03-01 10:49:00,Shipping Delay,Low,Pending Customer,21.09,2025-03-02T07:54:24,2025-03-01T14:40:05
T004030,C001762,O0011741,E0043,2025-03-07 04:53:00,Return Request,High,Resolved,58.42,2025-03-09T15:18:12,2025-03-07T07:41:03
T004031,C001387,O0011303,E0040,2025-05-30 04:40:00,Damaged Item,High,Resolved,23.65,2025-05-31T04:19:00,2025-05-30T06:38:06
T004032,C002286,O0010275,E0003,2025-07-17 21:11:00,Bulk Order Quote,Low,Resolved,67.3,2025-07-20T16:29:00,2025-07-17T22:32:28
T004033,C002548,O0004603,E0057,2025-11-14 23:59:00,Product Sizing,Low,Resolved,8.54,2025-11-15T08:31:24,2025-11-15T01:56:21
T004034,C001087,O0006366,E0043,2025-03-12 08:43:00,Shipping Delay,Low,Open,,,2025-03-12T12:13:48
T004035,C001985,O0010863,E0030,2025-03-15 18:39:00,Return Request,Low,Resolved,44.92,2025-03-17T15:34:12,2025-03-15T20:09:29
T004036,C000717,O0007794,E0053,2025-08-17 21:07:00,Product Sizing,Low,Resolved,31.03,2025-08-19T04:08:48,2025-08-17T21:55:53
T004037,C000250,O0010085,E0043,2025-11-02 23:31:00,Product Sizing,Low,Resolved,10.02,2025-11-03T09:32:12,2025-11-03T00:59:34
T004038,C001696,O0012889,E0043,2025-03-10 00:51:00,Return Request,High,Resolved,32.62,2025-03-11T09:28:12,2025-03-10T04:32:29
T004039,C000265,O0013044,E0040,2025-09-02 13:38:00,Product Sizing,Low,Resolved,7.03,2025-09-02T20:39:48,2025-09-02T17:11:55
T004040,C002410,O0010681,E0048,2025-12-22 18:09:00,Shipping Delay,Medium,Resolved,32.64,2025-12-24T02:47:24,2025-12-22T20:55:22
T004041,C000354,O0010949,E0051,2025-10-11 19:28:00,Shipping Delay,Low,Resolved,11.07,2025-10-12T06:32:12,2025-10-11T20:09:40
T004042,C001357,O0005657,E0014,2026-01-16 00:58:00,Warranty Claim,Urgent,Pending Customer,104.53,2026-01-20T09:29:48,2026-01-16T03:32:05
T004043,C001397,O0004860,E0058,2025-04-04 23:29:00,Order Cancellation,Urgent,Resolved,4.16,2025-04-05T03:38:36,2025-04-05T02:24:40
T004044,C002463,O0000731,E0043,2025-05-24 01:23:00,Order Cancellation,Medium,Pending Customer,2.51,2025-05-24T03:53:36,2025-05-24T04:50:56
T004045,C000826,O0001191,E0034,2025-08-26 00:44:00,Damaged Item,Low,Open,,,2025-08-26T01:29:53
T004046,C000495,O0007257,E0037,2025-12-18 20:14:00,Account Question,Medium,Pending Customer,3.02,2025-12-18T23:15:12,2025-12-18T22:04:14
T004047,C000559,O0004633,E0046,2025-04-30 01:44:00,Shipping Delay,Low,Pending Customer,37.37,2025-05-01T15:06:12,2025-04-30T05:17:10
T004048,C001609,O0011441,E0060,2025-11-14 22:43:00,Shipping Delay,Low,Open,,,2025-11-15T02:42:47
T004049,C000678,O0009110,E0057,2025-05-06 18:00:00,Bulk Order Quote,Medium,Pending Customer,317.09,2025-05-19T23:05:24,2025-05-06T19:09:11
T004050,C002341,O0005215,E0035,2025-07-06 03:45:00,Return Request,High,Resolved,21.98,2025-07-07T01:43:48,2025-07-06T04:17:29
T004051,C000767,O0014177,E0051,2025-07-03 14:07:00,Account Question,Medium,Resolved,8.06,2025-07-03T22:10:36,2025-07-03T15:27:54
T004052,C000422,O0006968,E0039,2025-05-11 00:17:00,Shipping Delay,Low,Resolved,46.04,2025-05-12T22:19:24,2025-05-11T01:29:40
T004053,C002174,O0006473,E0036,2025-12-12 23:51:00,Bulk Order Quote,Low,Pending Customer,82.09,2025-12-16T09:56:24,2025-12-13T01:58:39
T004054,C002592,O0006481,E0034,2025-03-31 12:59:00,Product Sizing,Medium,Resolved,18.96,2025-04-01T07:56:36,2025-03-31T14:33:24
T004055,C001605,O0009342,E0003,2026-01-29 09:25:00,Order Cancellation,Low,Resolved,14.8,2026-01-30T00:13:00,2026-01-29T12:36:57
T004056,C000216,O0001549,E0008,2025-03-05 16:52:00,Order Cancellation,Medium,Resolved,3.13,2025-03-05T19:59:48,2025-03-05T19:54:16
T004057,C001130,O0004726,E0006,2025-02-14 13:35:00,Damaged Item,Medium,Resolved,27.45,2025-02-15T17:02:00,2025-02-14T16:18:02
T004058,C001591,O0012835,E0042,2026-01-01 09:33:00,Order Cancellation,Medium,Pending Customer,4.2,2026-01-01T13:45:00,2026-01-01T10:03:49
T004059,C000623,O0013562,E0048,2025-10-09 14:06:00,Return Request,High,Escalated,25.74,2025-10-10T15:50:24,2025-10-09T17:50:52
T004060,C001714,O0005742,E0046,2025-05-22 20:59:00,Return Request,Low,Resolved,55.16,2025-05-25T04:08:36,2025-05-22T22:18:17
T004061,C000163,O0004092,E0024,2025-10-11 10:58:00,Warranty Claim,Low,Resolved,76.36,2025-10-14T15:19:36,2025-10-11T12:24:39
T004062,C000138,O0004993,E0045,2026-01-22 15:05:00,Warranty Claim,Low,Resolved,204.77,2026-01-31T03:51:12,2026-01-22T16:50:40
T004063,C002205,O0005206,E0039,2026-02-03 18:22:00,Order Cancellation,Low,Resolved,3.05,2026-02-03T21:25:00,2026-02-03T22:05:41
T004064,C000225,O0004050,E0057,2025-06-06 10:47:00,Return Request,Medium,Pending Customer,35.01,2025-06-07T21:47:36,2025-06-06T14:10:27
T004065,C000572,O0005481,E0046,2025-04-01 10:24:00,Shipping Delay,Low,Resolved,6.75,2025-04-01T17:09:00,2025-04-01T11:06:19
T004066,C000323,O0003807,E0034,2025-03-03 08:31:00,Return Request,Low,Resolved,42.0,2025-03-05T02:31:00,2025-03-03T10:38:40
T004067,C000412,O0004177,E0046,2025-08-28 12:25:00,Order Cancellation,Low,Resolved,6.49,2025-08-28T18:54:24,2025-08-28T13:01:46
T004068,C000923,O0005382,E0024,2025-06-06 03:00:00,Order Cancellation,Medium,Resolved,4.95,2025-06-06T07:57:00,2025-06-06T04:00:46
T004069,C000086,O0002540,E0056,2025-10-14 13:05:00,Return Request,Medium,Resolved,182.5,2025-10-22T03:35:00,2025-10-14T14:26:39
T004070,C000156,O0008482,E0043,2025-11-16 11:08:00,Damaged Item,Low,Open,,,2025-11-16T13:49:08
T004071,C001219,O0009323,E0028,2025-07-01 06:41:00,Shipping Delay,Low,Resolved,28.54,2025-07-02T11:13:24,2025-07-01T09:06:00
T004072,C002435,O0011119,E0059,2026-01-14 21:39:00,Warranty Claim,Low,Resolved,118.52,2026-01-19T20:10:12,2026-01-14T23:35:25
T004073,C001447,O0013819,E0019,2025-08-30 15:31:00,Warranty Claim,Medium,Resolved,148.62,2025-09-05T20:08:12,2025-08-30T19:14:47
T004074,C001468,O0000758,E0003,2025-10-06 15:42:00,Damaged Item,Low,Pending Customer,39.61,2025-10-08T07:18:36,2025-10-06T17:52:40
T004075,C002311,O0001083,E0040,2025-08-01 16:36:00,Return Request,Medium,Resolved,64.93,2025-08-04T09:31:48,2025-08-01T19:11:39
T004076,C002213,O0008255,E0014,2025-10-19 21:10:00,Product Sizing,Low,Resolved,10.23,2025-10-20T07:23:48,2025-10-19T23:24:12
T004077,C000639,O0010160,E0014,2025-09-14 03:57:00,Product Sizing,Low,Resolved,12.56,2025-09-14T16:30:36,2025-09-14T06:44:42
T004078,C000403,O0007740,E0060,2025-07-05 12:18:00,Order Cancellation,Low,Pending Customer,1.27,2025-07-05T13:34:12,2025-07-05T14:17:57
T004079,C001156,O0006788,E0024,2025-06-11 07:21:00,Shipping Delay,Medium,Resolved,24.15,2025-06-12T07:30:00,2025-06-11T11:12:16
T004080,C002583,O0007280,E0024,2025-09-12 08:11:00,Damaged Item,Medium,Resolved,28.33,2025-09-13T12:30:48,2025-09-12T09:13:38
T004081,C001352,O0003651,E0026,2025-03-21 06:37:00,Product Sizing,Low,Resolved,10.75,2025-03-21T17:22:00,2025-03-21T09:09:19
T004082,C000092,O0006404,E0017,2025-08-28 09:00:00,Damaged Item,Low,Resolved,62.26,2025-08-30T23:15:36,2025-08-28T11:55:57
T004083,C001206,O0006413,E0043,2025-08-31 10:43:00,Product Sizing,Low,Open,,,2025-08-31T11:27:24
T004084,C000138,O0004993,E0034,2026-01-16 20:05:00,Shipping Delay,Medium,Resolved,51.9,2026-01-18T23:59:00,2026-01-16T21:54:09
T004085,C000725,O0009853,E0018,2025-12-26 09:54:00,Return Request,Medium,Pending Customer,112.88,2025-12-31T02:46:48,2025-12-26T11:03:07
T004086,C000259,O0012510,E0042,2026-01-14 23:42:00,Shipping Delay,Medium,Resolved,33.53,2026-01-16T09:13:48,2026-01-15T02:02:49
T004087,C000642,O0009282,E0006,2025-07-27 09:38:00,Return Request,Low,Pending Customer,28.87,2025-07-28T14:30:12,2025-07-27T12:52:44
T004088,C002424,O0001721,E0028,2025-04-10 07:31:00,Product Sizing,Medium,Pending Customer,2.14,2025-04-10T09:39:24,2025-04-10T10:55:09
T004089,C000714,O0005779,E0003,2025-07-01 19:07:00,Shipping Delay,Medium,Resolved,109.25,2025-07-06T08:22:00,2025-07-01T20:33:02
T004090,C000686,O0012148,E0060,2025-04-17 11:15:00,Order Cancellation,Medium,Resolved,9.16,2025-04-17T20:24:36,2025-04-17T13:39:59
T004091,C000799,O0001133,E0035,2025-02-11 06:25:00,Account Question,Medium,Resolved,11.6,2025-02-11T18:01:00,2025-02-11T08:49:11
T004092,C001589,O0012454,E0046,2025-10-19 06:56:00,Account Question,Urgent,Resolved,5.91,2025-10-19T12:50:36,2025-10-19T09:12:54
T004093,C001667,O0012654,E0024,2025-03-20 19:00:00,Product Sizing,Low,Pending Customer,6.07,2025-03-21T01:04:12,2025-03-20T22:44:07
T004094,C001047,O0014787,E0046,2025-09-21 19:38:00,Damaged Item,Low,Open,,,2025-09-21T22:51:06
T004095,C000275,O0010426,E0034,2025-02-23 15:03:00,Shipping Delay,Medium,Resolved,18.06,2025-02-24T09:06:36,2025-02-23T15:39:41
T004096,C001379,O0002027,E0014,2025-04-19 23:29:00,Return Request,Low,Resolved,14.8,2025-04-20T14:17:00,2025-04-20T00:33:29
T004097,C001053,O0005306,E0017,2025-10-24 02:40:00,Shipping Delay,Medium,Resolved,13.98,2025-10-24T16:38:48,2025-10-24T06:13:38
T004098,C001850,O0012251,E0006,2025-04-20 21:11:00,Warranty Claim,Low,Open,,,2025-04-21T00:19:13
T004099,C001294,O0008908,E0051,2025-08-30 17:04:00,Return Request,High,Resolved,37.43,2025-09-01T06:29:48,2025-08-30T20:25:23
T004100,C000356,O0006595,E0026,2025-12-10 09:33:00,Damaged Item,Medium,Resolved,74.53,2025-12-13T12:04:48,2025-12-10T11:29:29
T004101,C000346,O0005843,E0006,2025-03-07 08:41:00,Shipping Delay,Medium,Resolved,27.15,2025-03-08T11:50:00,2025-03-07T12:15:00
T004102,C002591,O0011042,E0007,2025-05-13 04:36:00,Warranty Claim,Medium,Resolved,184.05,2025-05-20T20:39:00,2025-05-13T06:15:30
T004103,C000516,O0002605,E0040,2025-04-24 20:56:00,Product Sizing,Low,Resolved,5.76,2025-04-25T02:41:36,2025-04-24T21:48:02
T004104,C000771,O0006182,E0003,2025-08-20 17:47:00,Bulk Order Quote,Medium,Resolved,90.71,2025-08-24T12:29:36,2025-08-20T21:09:26
T004105,C002052,O0003590,E0003,2026-01-11 22:12:00,Account Question,Urgent,Resolved,4.7,2026-01-12T02:54:00,2026-01-11T22:44:05
T004106,C002036,O0005097,E0026,2025-02-24 14:32:00,Return Request,High,Pending Customer,51.67,2025-02-26T18:12:12,2025-02-24T16:06:06
T004107,C001040,O0007973,E0006,2025-05-17 16:54:00,Order Cancellation,Low,Resolved,3.49,2025-05-17T20:23:24,2025-05-17T19:40:34
T004108,C001974,O0009812,E0009,2025-06-14 03:21:00,Account Question,High,Resolved,5.21,2025-06-14T08:33:36,2025-06-14T04:44:16
T004109,C001505,O0008218,E0039,2025-07-04 06:30:00,Damaged Item,Low,Pending Customer,81.47,2025-07-07T15:58:12,2025-07-04T09:15:34
T004110,C001495,O0003426,E0051,2025-09-23 02:51:00,Product Sizing,Low,Resolved,4.86,2025-09-23T07:42:36,2025-09-23T06:41:39
T004111,C000651,O0003124,E0039,2025-04-15 05:29:00,Return Request,Medium,Resolved,55.58,2025-04-17T13:03:48,2025-04-15T07:26:54
T004112,C002515,O0000786,E0003,2025-06-02 15:53:00,Warranty Claim,Medium,Resolved,132.04,2025-06-08T03:55:24,2025-06-02T17:51:03
T004113,C001892,O0003043,E0059,2025-01-30 06:51:00,Warranty Claim,Low,Pending Customer,110.98,2025-02-03T21:49:48,2025-01-30T08:08:43
T004114,C000570,O0010024,E0043,2025-08-01 18:11:00,Shipping Delay,Low,Resolved,39.33,2025-08-03T09:30:48,2025-08-01T20:32:56
T004115,C002299,O0007090,E0006,2025-12-27 03:10:00,Return Request,Low,Resolved,23.58,2025-12-28T02:44:48,2025-12-27T04:42:34
T004116,C000194,O0012267,E0060,2025-10-30 09:01:00,Return Request,Medium,Resolved,46.48,2025-11-01T07:29:48,2025-10-30T09:53:17
T004117,C001389,O0003706,E0057,2025-07-25 21:20:00,Product Sizing,Medium,Resolved,5.73,2025-07-26T03:03:48,2025-07-25T23:12:11
T004118,C002235,O0002520,E0046,2026-01-04 19:10:00,Order Cancellation,Medium,Resolved,3.72,2026-01-04T22:53:12,2026-01-04T21:10:12
T004119,C000689,O0010387,E0006,2025-03-10 06:16:00,Product Sizing,Medium,Resolved,39.55,2025-03-11T21:49:00,2025-03-10T07:18:30
T004120,C000169,O0014470,E0037,2025-08-03 20:59:00,Shipping Delay,Medium,Open,,,2025-08-03T23:21:23
T004121,C001039,O0000218,E0036,2025-03-16 10:06:00,Shipping Delay,Medium,Resolved,42.65,2025-03-18T04:45:00,2025-03-16T11:31:53
T004122,C002111,O0000865,E0053,2025-05-28 08:30:00,Account Question,Low,Resolved,2.45,2025-05-28T10:57:00,2025-05-28T10:50:07
T004123,C001945,O0005116,E0018,2025-09-15 02:11:00,Shipping Delay,Low,Resolved,14.53,2025-09-15T16:42:48,2025-09-15T05:43:55
T004124,C000180,O0010560,E0060,2025-10-09 02:16:00,Bulk Order Quote,Low,Open,,,2025-10-09T04:22:12
T004125,C002194,O0013772,E0043,2025-08-12 19:33:00,Shipping Delay,Medium,Resolved,49.57,2025-08-14T21:07:12,2025-08-12T21:27:26
T004126,C000074,O0011687,E0059,2025-12-29 17:49:00,Shipping Delay,Medium,Open,,,2025-12-29T18:49:36
T004127,C002283,O0008963,E0056,2025-08-10 14:35:00,Damaged Item,Low,Resolved,22.5,2025-08-11T13:05:00,2025-08-10T17:00:36
T004128,C000379,O0000803,E0022,2025-07-29 10:36:00,Product Sizing,Low,Pending Customer,14.84,2025-07-30T01:26:24,2025-07-29T12:41:14
T004129,C001253,O0008627,E0006,2025-11-03 11:07:00,Product Sizing,Low,Resolved,3.6,2025-11-03T14:43:00,2025-11-03T12:32:32
T004130,C002258,O0004360,E0043,2025-10-23 23:44:00,Return Request,Medium,Resolved,55.19,2025-10-26T06:55:24,2025-10-24T01:01:44
T004131,C001356,O0006607,E0043,2025-12-06 08:24:00,Order Cancellation,Medium,Resolved,4.8,2025-12-06T13:12:00,2025-12-06T09:12:44
T004132,C000336,O0001670,E0006,2025-12-20 18:31:00,Order Cancellation,Low,Resolved,7.19,2025-12-21T01:42:24,2025-12-20T20:57:04
T004133,C000398,O0009468,E0003,2025-11-17 03:04:00,Product Sizing,Low,Resolved,5.82,2025-11-17T08:53:12,2025-11-17T04:10:54
T004134,C000678,O0002873,E0019,2025-09-29 02:02:00,Shipping Delay,Medium,Resolved,28.3,2025-09-30T06:20:00,2025-09-29T03:47:35
T004135,C001063,O0014582,E0006,2025-06-29 07:17:00,Warranty Claim,Medium,Resolved,36.53,2025-06-30T19:48:48,2025-06-29T09:26:16
T004136,C002549,O0014464,E0046,2025-07-19 22:56:00,Shipping Delay,Low,Resolved,19.68,2025-07-20T18:36:48,2025-07-19T23:50:09
T004137,C000866,O0011837,E0060,2025-06-27 04:21:00,Warranty Claim,Low,Pending Customer,71.67,2025-06-30T04:01:12,2025-06-27T05:12:30
T004138,C001540,O0000747,E0035,2025-07-03 09:32:00,Damaged Item,Urgent,Resolved,56.97,2025-07-05T18:30:12,2025-07-03T10:06:35
T004139,C000523,O0009701,E0046,2025-07-03 06:58:00,Return Request,Medium,Resolved,82.23,2025-07-06T17:11:48,2025-07-03T08:34:39
T004140,C001071,O0010124,E0042,2025-04-30 23:59:00,Order Cancellation,Low,Resolved,5.5,2025-05-01T05:29:00,2025-05-01T03:08:10
T004141,C001022,O0003103,E0057,2025-08-28 10:29:00,Shipping Delay,Urgent,Resolved,30.25,2025-08-29T16:44:00,2025-08-28T11:49:19
T004142,C001501,O0003092,E0014,2025-08-24 14:55:00,Return Request,Medium,Resolved,60.11,2025-08-27T03:01:36,2025-08-24T18:35:50
T004143,C000865,O0002286,E0004,2025-12-17 09:32:00,Product Sizing,Low,Resolved,3.23,2025-12-17T12:45:48,2025-12-17T12:04:39
T004144,C001932,O0011765,E0030,2025-06-13 10:23:00,Bulk Order Quote,High,Resolved,30.99,2025-06-14T17:22:24,2025-06-13T11:24:09
T004145,C000753,O0003812,E0042,2025-01-25 22:30:00,Return Request,Low,Open,,,2025-01-26T00:52:57
T004146,C000085,O0013610,E0043,2025-08-22 16:59:00,Shipping Delay,Low,Resolved,23.01,2025-08-23T15:59:36,2025-08-22T20:57:07
T004147,C001986,O0011032,E0046,2025-05-28 09:16:00,Shipping Delay,Low,Pending Customer,53.99,2025-05-30T15:15:24,2025-05-28T12:27:17
T004148,C002295,O0006789,E0019,2025-09-26 13:39:00,Damaged Item,Low,Resolved,44.06,2025-09-28T09:42:36,2025-09-26T15:38:18
T004149,C000285,O0007975,E0003,2025-05-14 06:52:00,Return Request,Medium,Pending Customer,22.35,2025-05-15T05:13:00,2025-05-14T08:33:12
T004150,C000627,O0013495,E0058,2025-03-28 20:43:00,Bulk Order Quote,Medium,Resolved,62.35,2025-03-31T11:04:00,2025-03-28T22:00:15
T004151,C001596,O0011909,E0042,2025-10-06 07:26:00,Shipping Delay,Low,Resolved,62.5,2025-10-08T21:56:00,2025-10-06T10:34:30
T004152,C002600,O0005404,E0053,2025-01-25 00:16:00,Damaged Item,High,Resolved,31.03,2025-01-26T07:17:48,2025-01-25T01:31:02
T004153,C000353,O0007285,E0020,2025-07-11 09:58:00,Return Request,Medium,Resolved,23.65,2025-07-12T09:37:00,2025-07-11T10:28:01
T004154,C001658,O0006017,E0003,2025-09-25 18:33:00,Damaged Item,Medium,Resolved,50.3,2025-09-27T20:51:00,2025-09-25T19:04:16
T004155,C002095,O0013474,E0057,2026-01-23 00:52:00,Account Question,Medium,Resolved,13.56,2026-01-23T14:25:36,2026-01-23T01:22:05
T004156,C000064,O0008346,E0039,2025-07-22 18:45:00,Bulk Order Quote,Low,Resolved,59.58,2025-07-25T06:19:48,2025-07-22T21:21:51
T004157,C001584,O0000915,E0060,2025-08-02 09:49:00,Product Sizing,Medium,Resolved,4.72,2025-08-02T14:32:12,2025-08-02T12:19:35
T004158,C001264,O0006683,E0022,2025-07-09 10:54:00,Return Request,Low,Resolved,54.05,2025-07-11T16:57:00,2025-07-09T13:19:51
T004159,C001522,O0006115,E0003,2025-12-05 00:51:00,Shipping Delay,Low,Resolved,61.74,2025-12-07T14:35:24,2025-12-05T04:41:29
T004160,C002227,O0003663,E0003,2025-11-30 06:16:00,Warranty Claim,Low,Resolved,78.98,2025-12-03T13:14:48,2025-11-30T08:25:05
T004161,C002504,O0000606,E0006,2025-10-14 07:09:00,Shipping Delay,Low,Resolved,13.17,2025-10-14T20:19:12,2025-10-14T08:06:24
T004162,C001915,O0004156,E0057,2025-08-09 20:33:00,Damaged Item,Medium,Resolved,44.34,2025-08-11T16:53:24,2025-08-09T21:16:00
T004163,C002002,O0013499,E0040,2025-05-20 06:28:00,Warranty Claim,Medium,Resolved,102.24,2025-05-24T12:42:24,2025-05-20T08:07:22
T004164,C001604,O0002143,E0039,2025-05-29 02:10:00,Shipping Delay,High,Resolved,21.18,2025-05-29T23:20:48,2025-05-29T03:17:50
T004165,C001896,O0011295,E0003,2025-02-24 09:46:00,Shipping Delay,Medium,Pending Customer,28.31,2025-02-25T14:04:36,2025-02-24T12:41:17
T004166,C001892,O0003043,E0034,2025-01-29 21:51:00,Damaged Item,Low,Resolved,49.26,2025-01-31T23:06:36,2025-01-30T01:19:59
T004167,C002005,O0001309,E0051,2025-06-11 04:15:00,Shipping Delay,Low,Resolved,53.41,2025-06-13T09:39:36,2025-06-11T05:49:21
T004168,C002067,O0003530,E0036,2025-10-17 07:27:00,Product Sizing,Medium,Resolved,2.82,2025-10-17T10:16:12,2025-10-17T09:00:01
T004169,C001627,O0007849,E0030,2025-06-20 15:34:00,Bulk Order Quote,Medium,Resolved,120.52,2025-06-25T16:05:12,2025-06-20T18:47:58
T004170,C000716,O0000804,E0014,2025-05-02 11:34:00,Damaged Item,Low,Resolved,25.21,2025-05-03T12:46:36,2025-05-02T13:43:27
T004171,C001346,O0000920,E0060,2025-11-16 15:26:00,Shipping Delay,Low,Resolved,80.17,2025-11-19T23:36:12,2025-11-16T18:20:16
T004172,C000078,O0005573,E0036,2025-03-20 23:06:00,Return Request,Medium,Resolved,22.27,2025-03-21T21:22:12,2025-03-21T02:05:00
T004173,C002293,O0005834,E0042,2025-11-02 20:41:00,Order Cancellation,Low,Escalated,2.14,2025-11-02T22:49:24,2025-11-03T00:00:28
T004174,C001290,O0003126,E0060,2025-12-10 13:35:00,Shipping Delay,Medium,Pending Customer,21.86,2025-12-11T11:26:36,2025-12-10T15:05:00
T004175,C001726,O0013914,E0003,2025-08-26 02:13:00,Order Cancellation,Low,Resolved,21.84,2025-08-27T00:03:24,2025-08-26T05:03:29
T004176,C000371,O0006212,E0060,2025-02-18 13:54:00,Shipping Delay,Medium,Pending Customer,30.31,2025-02-19T20:12:36,2025-02-18T16:37:04
T004177,C000345,O0009512,E0046,2025-10-06 08:55:00,Product Sizing,Medium,Pending Customer,16.69,2025-10-07T01:36:24,2025-10-06T10:53:35
T004178,C002235,O0001453,E0014,2025-06-17 11:50:00,Return Request,Low,Escalated,20.53,2025-06-18T08:21:48,2025-06-17T13:13:00
T004179,C001076,O0006565,E0057,2025-07-25 05:32:00,Return Request,Medium,Resolved,22.76,2025-07-26T04:17:36,2025-07-25T06:19:50
T004180,C001866,O0002568,E0017,2025-05-29 01:13:00,Order Cancellation,Low,Resolved,2.24,2025-05-29T03:27:24,2025-05-29T01:58:49
T004181,C001941,O0008009,E0039,2025-08-14 10:00:00,Shipping Delay,Medium,Pending Customer,30.05,2025-08-15T16:03:00,2025-08-14T11:35:22
T004182,C000884,O0008087,E0004,2025-08-28 10:11:00,Return Request,Low,Resolved,24.43,2025-08-29T10:36:48,2025-08-28T11:17:34
T004183,C001443,O0009272,E0042,2025-04-19 04:51:00,Warranty Claim,Medium,Escalated,63.39,2025-04-21T20:14:24,2025-04-19T05:32:59
T004184,C002220,O0008574,E0026,2026-01-07 12:36:00,Order Cancellation,Low,Resolved,6.47,2026-01-07T19:04:12,2026-01-07T13:44:00
T004185,C000094,O0011799,E0048,2025-10-28 18:35:00,Account Question,Medium,Pending Customer,16.58,2025-10-29T11:09:48,2025-10-28T20:28:32
T004186,C001397,O0004860,E0042,2025-03-08 01:29:00,Order Cancellation,Medium,Resolved,2.34,2025-03-08T03:49:24,2025-03-08T05:02:16
T004187,C002425,O0004231,E0040,2025-08-21 03:32:00,Shipping Delay,Low,Resolved,14.72,2025-08-21T18:15:12,2025-08-21T07:03:20
T004188,C000023,O0007393,E0046,2025-11-27 11:10:00,Return Request,Medium,Resolved,33.13,2025-11-28T20:17:48,2025-11-27T14:00:08
T004189,C002529,O0011113,E0051,2025-10-21 14:44:00,Account Question,Medium,Resolved,3.74,2025-10-21T18:28:24,2025-10-21T16:42:58
T004190,C001860,O0011619,E0051,2025-02-16 02:50:00,Account Question,Low,Resolved,7.5,2025-02-16T10:20:00,2025-02-16T05:05:58
T004191,C002599,O0004110,E0019,2025-12-03 16:48:00,Order Cancellation,Medium,Resolved,0.61,2025-12-03T17:24:36,2025-12-03T19:28:11
T004192,C001343,O0000087,E0034,2025-04-22 05:53:00,Product Sizing,Low,Resolved,16.72,2025-04-22T22:36:12,2025-04-22T07:06:34
T004193,C000570,O0010024,E0024,2025-07-07 00:11:00,Product Sizing,Medium,Resolved,10.57,2025-07-07T10:45:12,2025-07-07T01:23:07
T004194,C002560,O0012971,E0006,2026-01-03 01:29:00,Return Request,Medium,Resolved,19.97,2026-01-03T21:27:12,2026-01-03T05:24:37
T004195,C000920,O0008843,E0042,2025-10-17 01:22:00,Shipping Delay,Low,Resolved,30.99,2025-10-18T08:21:24,2025-10-17T04:38:42
T004196,C002024,O0010942,E0057,2025-06-14 12:41:00,Damaged Item,Low,Resolved,49.17,2025-06-16T13:51:12,2025-06-14T15:23:38
T004197,C001995,O0012771,E0046,2025-07-19 05:22:00,Shipping Delay,Low,Open,,,2025-07-19T08:32:03
T004198,C001502,O0009515,E0014,2025-02-16 16:43:00,Return Request,High,Resolved,58.7,2025-02-19T03:25:00,2025-02-16T20:10:36
T004199,C002562,O0000878,E0014,2025-05-10 20:05:00,Damaged Item,Medium,Open,,,2025-05-10T21:10:26
T004200,C000873,O0002844,E0060,2025-10-19 20:14:00,Shipping Delay,Medium,Pending Customer,33.17,2025-10-21T05:24:12,2025-10-19T22:03:32
